tourney_id,tourney_name,surface,draw_size,tourney_level,indoor,tourney_date,match_num,winner_id,winner_seed,winner_entry,winner_name,winner_hand,winner_ht,winner_ioc,winner_age,winner_rank,winner_rank_points,loser_id,loser_seed,loser_entry,loser_name,loser_hand,loser_ht,loser_ioc,loser_age,loser_rank,loser_rank_points,score,best_of,round,minutes,w_ace,w_df,w_svpt,w_1stIn,w_1stWon,w_2ndWon,w_SvGms,w_bpSaved,w_bpFaced,l_ace,l_df,l_svpt,l_1stIn,l_1stWon,l_2ndWon,l_SvGms,l_bpSaved,l_bpFaced,date_exclusion
2024-339,Brisbane,Hard,32.0,250,O,20240101,11.0,P09Z,,,Alexei Popyrin,R,196.0,AUS,24.408,40.0,1084.0,O483,,,Christopher O'Connell,R,183.0,AUS,29.58,68.0,780.0,6-4 6-7(5) 7-6(4),3,R32,185.0,12.0,2.0,107.0,68.0,55.0,23.0,17.0,4.0,5.0,21.0,0.0,127.0,78.0,56.0,26.0,17.0,7.0,9.0,No unique independent dated result
2024-339,Brisbane,Hard,32.0,250,O,20240101,15.0,S0H2,,,Alexander Shevchenko,R,188.0,KAZ,23.088,48.0,947.0,V0DZ,,,Luca Van Assche,R,178.0,FRA,19.641,90.0,687.0,6-3 6-2,3,R32,75.0,6.0,0.0,52.0,35.0,26.0,13.0,9.0,2.0,2.0,3.0,1.0,59.0,37.0,21.0,11.0,8.0,4.0,7.0,No unique independent dated result
2024-9900,United Cup,Hard,18.0,A,O,20240101,1.0,RH16,,,Casper Ruud,R,183.0,NOR,25.027,11.0,2825.0,GJ37,,,Tallon Griekspoor,R,188.0,NED,27.499,23.0,1640.0,6-3 6-4,3,RR,71.0,7.0,2.0,54.0,39.0,32.0,7.0,10.0,2.0,3.0,5.0,2.0,52.0,33.0,21.0,11.0,9.0,4.0,7.0,No unique independent dated result
2024-9900,United Cup,Hard,18.0,A,O,20240101,2.0,RH16,,,Casper Ruud,R,183.0,NOR,25.027,11.0,2825.0,CG80,,,Borna Coric,R,188.0,CRO,27.129,37.0,1135.0,6-4 6-1,3,RR,89.0,7.0,2.0,50.0,32.0,28.0,10.0,9.0,3.0,3.0,3.0,1.0,53.0,38.0,25.0,5.0,8.0,3.0,6.0,No unique independent dated result
2024-9900,United Cup,Hard,18.0,A,O,20240101,3.0,CG80,,,Borna Coric,R,188.0,CRO,27.129,37.0,1135.0,GJ37,,,Tallon Griekspoor,R,188.0,NED,27.499,23.0,1640.0,7-6(4) 6-4,3,RR,120.0,3.0,2.0,65.0,39.0,30.0,16.0,11.0,2.0,3.0,6.0,5.0,76.0,50.0,31.0,16.0,11.0,3.0,5.0,No unique independent dated result
2024-9900,United Cup,Hard,18.0,A,O,20240101,4.0,D643,,,Novak Djokovic,R,188.0,SRB,36.613,1.0,11245.0,Z371,,,Zhizhen Zhang,R,193.0,CHN,27.209,58.0,885.0,6-3 6-2,3,RR,72.0,7.0,1.0,46.0,28.0,24.0,12.0,9.0,0.0,0.0,4.0,2.0,57.0,35.0,24.0,7.0,8.0,4.0,7.0,No unique independent dated result
2024-9900,United Cup,Hard,18.0,A,O,20240101,5.0,D643,,,Novak Djokovic,R,188.0,SRB,36.613,1.0,11245.0,L0BV,,,Jiri Lehecka,R,185.0,CZE,22.146,31.0,1372.0,6-1 6-7(3) 6-1,3,RR,136.0,3.0,2.0,80.0,49.0,36.0,19.0,14.0,3.0,5.0,4.0,1.0,75.0,47.0,30.0,9.0,12.0,5.0,11.0,No unique independent dated result
2024-9900,United Cup,Hard,18.0,A,O,20240101,6.0,Z371,,,Zhizhen Zhang,R,193.0,CHN,27.209,58.0,885.0,L0BV,,,Jiri Lehecka,R,185.0,CZE,22.146,31.0,1372.0,5-7 6-3 6-4,3,RR,140.0,5.0,3.0,97.0,59.0,42.0,19.0,16.0,7.0,10.0,10.0,1.0,79.0,43.0,33.0,20.0,15.0,6.0,10.0,No unique independent dated result
2024-9900,United Cup,Hard,18.0,A,O,20240101,7.0,Z355,,,Alexander Zverev,R,198.0,GER,26.7,7.0,3985.0,SU87,,,Lorenzo Sonego,R,191.0,ITA,28.643,46.0,990.0,6-7(5) 6-3 6-4,3,RR,172.0,7.0,1.0,87.0,64.0,52.0,17.0,16.0,0.0,0.0,7.0,2.0,111.0,70.0,50.0,20.0,15.0,9.0,11.0,No unique independent dated result
2024-9900,United Cup,Hard,18.0,A,O,20240101,8.0,Z355,,,Alexander Zverev,R,198.0,GER,26.7,7.0,3985.0,ME82,,,Adrian Mannarino,L,180.0,FRA,35.507,22.0,1755.0,4-6 6-4 6-3,3,RR,145.0,11.0,1.0,91.0,67.0,47.0,16.0,15.0,4.0,5.0,6.0,2.0,81.0,51.0,40.0,15.0,14.0,0.0,2.0,No unique independent dated result
2024-9900,United Cup,Hard,18.0,A,O,20240101,9.0,ME82,,,Adrian Mannarino,L,180.0,FRA,35.507,22.0,1755.0,SU87,,,Lorenzo Sonego,R,191.0,ITA,28.643,46.0,990.0,6-4 6-4,3,RR,109.0,2.0,1.0,62.0,44.0,32.0,13.0,10.0,0.0,0.0,2.0,1.0,62.0,40.0,27.0,11.0,10.0,2.0,4.0,No unique independent dated result
2024-9900,United Cup,Hard,18.0,A,O,20240101,10.0,N771,,,Cameron Norrie,L,188.0,GBR,28.359,18.0,1940.0,DH58,,,Alex de Minaur,R,183.0,AUS,24.871,12.0,2740.0,6-4 2-6 7-6(2),3,RR,140.0,7.0,1.0,89.0,57.0,51.0,12.0,15.0,1.0,3.0,8.0,3.0,81.0,45.0,35.0,23.0,15.0,2.0,3.0,No unique independent dated result
2024-9900,United Cup,Hard,18.0,A,O,20240101,11.0,DH58,,,Alex de Minaur,R,183.0,AUS,24.871,12.0,2740.0,FB98,,,Taylor Fritz,R,196.0,USA,26.177,10.0,3100.0,6-4 6-2,3,RR,89.0,3.0,3.0,57.0,36.0,28.0,12.0,9.0,3.0,3.0,10.0,1.0,59.0,36.0,26.0,9.0,9.0,4.0,7.0,No unique independent dated result
2024-9900,United Cup,Hard,18.0,A,O,20240101,12.0,FB98,,,Taylor Fritz,R,196.0,USA,26.177,10.0,3100.0,N771,,,Cameron Norrie,L,188.0,GBR,28.359,18.0,1940.0,7-6(5) 6-4,3,RR,105.0,14.0,0.0,68.0,43.0,33.0,15.0,11.0,1.0,2.0,3.0,1.0,67.0,36.0,29.0,16.0,11.0,3.0,5.0,No unique independent dated result
2024-9900,United Cup,Hard,18.0,A,O,20240101,13.0,J551,,,Nicolas Jarry,R,201.0,CHI,28.225,19.0,1810.0,D916,,,Steven Diez,R,175.0,CAN,32.794,314.0,170.0,7-5 6-4,3,RR,118.0,6.0,0.0,55.0,36.0,31.0,14.0,11.0,0.0,0.0,1.0,2.0,91.0,58.0,37.0,16.0,11.0,2.0,4.0,No unique independent dated result
2024-9900,United Cup,Hard,18.0,A,O,20240101,14.0,J551,,,Nicolas Jarry,R,201.0,CHI,28.225,19.0,1810.0,S0KT,,,Stefanos Sakellaridis,R,198.0,GRE,19.299,416.0,113.0,6-3 3-6 7-5,3,RR,142.0,8.0,0.0,68.0,49.0,41.0,17.0,15.0,0.0,1.0,4.0,1.0,104.0,61.0,43.0,22.0,15.0,10.0,12.0,No unique independent dated result
2024-9900,United Cup,Hard,18.0,A,O,20240101,15.0,TE51,,,Stefanos Tsitsipas,R,193.0,GRE,25.388,6.0,4235.0,D916,,,Steven Diez,R,175.0,CAN,32.794,314.0,170.0,6-2 6-3,3,RR,77.0,6.0,2.0,51.0,31.0,28.0,9.0,9.0,1.0,1.0,0.0,3.0,48.0,27.0,16.0,11.0,8.0,3.0,6.0,No unique independent dated result
2024-9900,United Cup,Hard,18.0,A,O,20240101,16.0,DH50,,,Alejandro Davidovich Fokina,R,180.0,ESP,24.575,26.0,1495.0,SX91,,,Thiago Seyboth Wild,R,185.0,BRA,23.811,79.0,718.0,6-4 6-0,3,RR,88.0,4.0,2.0,53.0,38.0,30.0,8.0,8.0,0.0,0.0,4.0,1.0,50.0,27.0,16.0,10.0,8.0,3.0,7.0,No unique independent dated result
2024-9900,United Cup,Hard,18.0,A,O,20240101,17.0,HB71,,,Hubert Hurkacz,R,196.0,POL,26.886,9.0,3245.0,SX91,,,Thiago Seyboth Wild,R,185.0,BRA,23.811,79.0,718.0,6-7(4) 6-2 6-3,3,RR,141.0,10.0,3.0,81.0,52.0,39.0,19.0,14.0,1.0,2.0,6.0,2.0,110.0,82.0,54.0,10.0,15.0,8.0,13.0,No unique independent dated result
2024-9900,United Cup,Hard,18.0,A,O,20240101,18.0,DH50,,,Alejandro Davidovich Fokina,R,180.0,ESP,24.575,26.0,1495.0,HB71,,,Hubert Hurkacz,R,196.0,POL,26.886,9.0,3245.0,3-6 6-3 6-4,3,RR,121.0,1.0,2.0,83.0,49.0,30.0,25.0,14.0,3.0,5.0,9.0,3.0,80.0,60.0,41.0,9.0,14.0,3.0,6.0,No unique independent dated result
2024-9900,United Cup,Hard,18.0,A,O,20240101,19.0,Z355,,,Alexander Zverev,R,198.0,GER,26.7,7.0,3985.0,TE51,,,Stefanos Tsitsipas,R,193.0,GRE,25.388,6.0,4235.0,6-4 6-4,3,QF,96.0,5.0,0.0,56.0,45.0,34.0,8.0,10.0,2.0,2.0,4.0,1.0,64.0,40.0,34.0,6.0,10.0,6.0,8.0,No unique independent dated result
2024-9900,United Cup,Hard,18.0,A,O,20240101,20.0,DH58,,,Alex de Minaur,R,183.0,AUS,24.871,12.0,2740.0,D643,,,Novak Djokovic,R,188.0,SRB,36.613,1.0,11245.0,6-4 6-4,3,QF,93.0,7.0,2.0,49.0,34.0,33.0,8.0,10.0,0.0,0.0,4.0,1.0,68.0,43.0,30.0,11.0,10.0,3.0,5.0,No unique independent dated result
2024-9900,United Cup,Hard,18.0,A,O,20240101,21.0,RH16,,,Casper Ruud,R,183.0,NOR,25.027,11.0,2825.0,ME82,,,Adrian Mannarino,L,180.0,FRA,35.507,22.0,1755.0,6-1 6-4,3,QF,76.0,10.0,1.0,50.0,33.0,29.0,9.0,9.0,0.0,0.0,4.0,1.0,49.0,33.0,20.0,7.0,8.0,2.0,5.0,No unique independent dated result
2024-9900,United Cup,Hard,18.0,A,O,20240101,22.0,HB71,,,Hubert Hurkacz,R,196.0,POL,26.886,9.0,3245.0,Z371,,,Zhizhen Zhang,R,193.0,CHN,27.209,58.0,885.0,6-3 6-4,3,QF,82.0,10.0,0.0,65.0,48.0,36.0,9.0,10.0,1.0,1.0,3.0,2.0,55.0,29.0,21.0,14.0,9.0,2.0,4.0,No unique independent dated result
2024-9900,United Cup,Hard,18.0,A,O,20240101,23.0,DH58,,,Alex de Minaur,R,183.0,AUS,24.871,12.0,2740.0,Z355,,,Alexander Zverev,R,198.0,GER,26.7,7.0,3985.0,5-7 6-3 6-4,3,SF,160.0,4.0,2.0,97.0,62.0,43.0,24.0,16.0,3.0,4.0,10.0,0.0,83.0,57.0,42.0,15.0,15.0,2.0,4.0,No unique independent dated result
2024-9900,United Cup,Hard,18.0,A,O,20240101,24.0,HB71,,,Hubert Hurkacz,R,196.0,POL,26.886,9.0,3245.0,ME82,,,Adrian Mannarino,L,180.0,FRA,35.507,22.0,1755.0,6-3 7-5,3,SF,101.0,15.0,0.0,58.0,36.0,31.0,14.0,11.0,0.0,0.0,1.0,1.0,70.0,45.0,30.0,12.0,10.0,3.0,5.0,No unique independent dated result
2024-9900,United Cup,Hard,18.0,A,O,20240101,25.0,Z355,,,Alexander Zverev,R,198.0,GER,26.7,7.0,3985.0,HB71,,,Hubert Hurkacz,R,196.0,POL,26.886,9.0,3245.0,6-7(3) 7-6(6) 6-4,3,F,179.0,8.0,1.0,96.0,72.0,62.0,14.0,17.0,0.0,0.0,19.0,1.0,119.0,70.0,54.0,27.0,17.0,6.0,7.0,No unique independent dated result
2024-580,Australian Open,Hard,128.0,G,O,20240115,38.0,Z371,,,Zhizhen Zhang,R,193.0,CHN,27.247,54.0,911.0,CE77,,,Federico Coria,R,180.0,ARG,31.852,84.0,694.0,6-4 7-6(3) 7-6(5),5,R128,153.0,13.0,2.0,112.0,67.0,47.0,26.0,17.0,1.0,4.0,14.0,7.0,114.0,64.0,52.0,22.0,17.0,7.0,11.0,No unique independent dated result
2024-580,Australian Open,Hard,128.0,G,O,20240115,83.0,HH26,21.0,,Ugo Humbert,L,188.0,FRA,25.555,20.0,1765.0,Z371,,,Zhizhen Zhang,R,193.0,CHN,27.247,54.0,911.0,6-2 5-7 6-1 7-6(3),5,R64,170.0,15.0,3.0,121.0,80.0,61.0,24.0,20.0,5.0,7.0,14.0,4.0,117.0,73.0,49.0,20.0,19.0,4.0,9.0,No unique independent dated result
2024-M-DC-2024-QLS-M-ARG-KAZ-01,Davis Cup QLS R1: ARG vs KAZ,Clay,4.0,D,,20240203,1.0,C0AU,,,Francisco Cerundolo,R,185.0,ARG,25.476,22.0,1720.0,PG20,,,Dmitry Popko,R,191.0,KAZ,27.277,338.0,150.0,7-5 6-2,3,RR,97.0,3.0,3.0,66.0,44.0,27.0,12.0,10.0,3.0,6.0,0.0,3.0,61.0,34.0,17.0,9.0,10.0,3.0,9.0,No unique independent dated result
2024-M-DC-2024-QLS-M-ARG-KAZ-01,Davis Cup QLS R1: ARG vs KAZ,Clay,4.0,D,,20240203,2.0,S0GR,,,Timofey Skatov,R,173.0,KAZ,23.034,278.0,205.0,EA24,,,Tomas Martin Etcheverry,R,196.0,ARG,24.548,28.0,1430.0,6-4 7-5,3,RR,142.0,0.0,3.0,73.0,44.0,35.0,15.0,11.0,5.0,5.0,5.0,2.0,74.0,47.0,29.0,16.0,11.0,5.0,7.0,No unique independent dated result
2024-M-DC-2024-QLS-M-ARG-KAZ-01,Davis Cup QLS R1: ARG vs KAZ,Clay,4.0,D,,20240203,3.0,S0GR,,,Timofey Skatov,R,173.0,KAZ,23.034,278.0,205.0,C0AU,,,Francisco Cerundolo,R,185.0,ARG,25.476,22.0,1720.0,7-6(1) 6-4,3,RR,123.0,2.0,4.0,64.0,42.0,31.0,13.0,11.0,1.0,3.0,3.0,1.0,89.0,63.0,36.0,14.0,11.0,8.0,11.0,No unique independent dated result
2024-M-DC-2024-QLS-M-ARG-KAZ-01,Davis Cup QLS R1: ARG vs KAZ,Clay,4.0,D,,20240203,4.0,B0BI,,,Sebastian Baez,R,170.0,ARG,23.099,25.0,1525.0,PG20,,,Dmitry Popko,R,191.0,KAZ,27.277,338.0,150.0,6-4 3-6 7-6(6),3,RR,168.0,3.0,2.0,105.0,70.0,51.0,14.0,16.0,9.0,12.0,3.0,3.0,110.0,77.0,50.0,18.0,15.0,7.0,10.0,No unique independent dated result
2024-M-DC-2024-QLS-M-CAN-KOR-01,Davis Cup QLS R1: CAN vs KOR,Hard,4.0,D,,20240202,1.0,D0F6,,,Gabriel Diallo,R,203.0,CAN,22.357,132.0,498.0,KF17,,,Soonwoo Kwon,R,180.0,KOR,26.168,700.0,40.0,6-4 6-4,3,RR,102.0,11.0,2.0,65.0,41.0,26.0,15.0,10.0,1.0,3.0,2.0,4.0,76.0,47.0,26.0,14.0,10.0,5.0,9.0,No unique independent dated result
2024-M-DC-2024-QLS-M-CAN-KOR-01,Davis Cup QLS R1: CAN vs KOR,Hard,4.0,D,,20240202,2.0,PD07,,,Vasek Pospisil,R,193.0,CAN,33.613,486.0,84.0,HC21,,,Seongchan Hong,R,175.0,KOR,26.593,224.0,273.0,6-4 6-3,3,RR,108.0,6.0,5.0,67.0,40.0,30.0,11.0,10.0,3.0,5.0,2.0,2.0,67.0,44.0,25.0,10.0,9.0,6.0,10.0,No unique independent dated result
2024-M-DC-2024-QLS-M-CAN-KOR-01,Davis Cup QLS R1: CAN vs KOR,Hard,4.0,D,,20240202,3.0,D0F6,,,Gabriel Diallo,R,203.0,CAN,22.357,132.0,498.0,HC21,,,Seongchan Hong,R,175.0,KOR,26.593,224.0,273.0,7-5 4-6 6-1,3,RR,153.0,9.0,1.0,83.0,62.0,47.0,12.0,15.0,2.0,4.0,1.0,1.0,106.0,71.0,41.0,19.0,14.0,8.0,12.0,No unique independent dated result
2024-M-DC-2024-QLS-M-CHI-PER-01,Davis Cup QLS R1: CHI vs PER,Hard,4.0,D,,20240203,1.0,TE30,,,Alejandro Tabilo,L,188.0,CHI,26.672,54.0,936.0,V836,,,Juan Pablo Varillas,R,185.0,PER,28.329,87.0,684.0,4-6 6-2 6-1,3,RR,107.0,13.0,3.0,71.0,43.0,38.0,13.0,13.0,0.0,1.0,9.0,3.0,78.0,44.0,31.0,16.0,12.0,4.0,8.0,No unique independent dated result
2024-M-DC-2024-QLS-M-CHI-PER-01,Davis Cup QLS R1: CHI vs PER,Hard,4.0,D,,20240203,2.0,B0ID,,,Ignacio Buse,R,183.0,PER,19.86,438.0,98.0,J551,,,Nicolas Jarry,R,201.0,CHI,28.315,20.0,1810.0,6-2 2-6 6-3,3,RR,125.0,2.0,1.0,76.0,50.0,34.0,13.0,13.0,1.0,3.0,10.0,1.0,82.0,39.0,27.0,22.0,12.0,3.0,7.0,No unique independent dated result
2024-M-DC-2024-QLS-M-CHI-PER-01,Davis Cup QLS R1: CHI vs PER,Hard,4.0,D,,20240203,3.0,J551,,,Nicolas Jarry,R,201.0,CHI,28.315,20.0,1810.0,V836,,,Juan Pablo Varillas,R,185.0,PER,28.329,87.0,684.0,6-2 6-4,3,RR,96.0,8.0,0.0,40.0,25.0,24.0,12.0,9.0,0.0,0.0,4.0,3.0,84.0,54.0,36.0,10.0,9.0,11.0,14.0,No unique independent dated result
2024-M-DC-2024-QLS-M-CHI-PER-01,Davis Cup QLS R1: CHI vs PER,Hard,4.0,D,,20240203,4.0,TE30,,,Alejandro Tabilo,L,188.0,CHI,26.672,54.0,936.0,B0ID,,,Ignacio Buse,R,183.0,PER,19.86,438.0,98.0,2-6 6-3 6-2,3,RR,104.0,14.0,4.0,75.0,52.0,40.0,11.0,13.0,7.0,9.0,1.0,1.0,75.0,54.0,39.0,7.0,12.0,5.0,8.0,No unique independent dated result
2024-M-DC-2024-QLS-M-CRO-BEL-01,Davis Cup QLS R1: CRO vs BEL,Hard,4.0,D,,20240203,1.0,BU13,,,Zizou Bergs,R,185.0,BEL,24.671,131.0,499.0,C977,,,Marin Cilic,R,198.0,CRO,35.348,1044.0,10.0,6-4 4-6 6-4,3,RR,160.0,15.0,1.0,87.0,57.0,45.0,18.0,15.0,6.0,7.0,9.0,6.0,99.0,56.0,42.0,21.0,15.0,14.0,16.0,No unique independent dated result
2024-M-DC-2024-QLS-M-CRO-BEL-01,Davis Cup QLS R1: CRO vs BEL,Hard,4.0,D,,20240203,2.0,A0CJ,,,Duje Ajdukovic,R,188.0,CRO,22.992,125.0,510.0,DA86,,,Joris De Loore,R,191.0,BEL,30.787,192.0,317.0,6-1 6-4,3,RR,79.0,11.0,4.0,52.0,35.0,27.0,9.0,9.0,3.0,4.0,4.0,1.0,55.0,37.0,20.0,6.0,8.0,5.0,9.0,No unique independent dated result
2024-M-DC-2024-QLS-M-CRO-BEL-01,Davis Cup QLS R1: CRO vs BEL,Hard,4.0,D,,20240203,3.0,BU13,,,Zizou Bergs,R,185.0,BEL,24.671,131.0,499.0,A0CJ,,,Duje Ajdukovic,R,188.0,CRO,22.992,125.0,510.0,6-1 7-5,3,RR,95.0,6.0,1.0,72.0,43.0,32.0,14.0,10.0,3.0,4.0,1.0,1.0,50.0,30.0,19.0,8.0,9.0,0.0,4.0,No unique independent dated result
2024-M-DC-2024-QLS-M-CZE-ISR-01,Davis Cup QLS R1: CZE vs ISR,Hard,4.0,D,,20240203,1.0,M0NI,,,Jakub Mensik,R,196.0,CZE,18.423,127.0,506.0,O674,,,Yshai Oliel,L,188.0,ISR,24.079,415.0,109.0,6-1 7-6(4),3,RR,94.0,10.0,3.0,63.0,37.0,32.0,16.0,10.0,3.0,3.0,4.0,1.0,62.0,41.0,26.0,11.0,9.0,3.0,5.0,No unique independent dated result
2024-M-DC-2024-QLS-M-CZE-ISR-01,Davis Cup QLS R1: CZE vs ISR,Hard,4.0,D,,20240203,2.0,L0BV,,,Jiri Lehecka,R,185.0,CZE,22.237,31.0,1245.0,CL82,,,Daniel Cukierman,R,,ISR,28.572,465.0,91.0,6-1 7-6(2),3,RR,88.0,3.0,2.0,57.0,37.0,28.0,11.0,10.0,0.0,1.0,1.0,3.0,65.0,41.0,22.0,10.0,9.0,1.0,5.0,No unique independent dated result
2024-M-DC-2024-QLS-M-FIN-POR-01,Davis Cup QLS R1: FIN vs POR,Hard,4.0,D,,20240202,1.0,V0AM,,,Otto Virtanen,R,193.0,FIN,22.617,166.0,370.0,BT72,,,Nuno Borges,R,185.0,POR,26.951,47.0,1004.0,6-2 6-1,3,RR,60.0,10.0,3.0,53.0,33.0,26.0,9.0,8.0,5.0,5.0,1.0,1.0,43.0,31.0,18.0,3.0,7.0,4.0,9.0,No unique independent dated result
2024-M-DC-2024-QLS-M-FIN-POR-01,Davis Cup QLS R1: FIN vs POR,Hard,4.0,D,,20240202,2.0,RH24,,,Emil Ruusuvuori,R,188.0,FIN,24.838,55.0,926.0,SH90,,,Joao Sousa,R,185.0,POR,34.845,245.0,245.0,6-2 6-3,3,RR,68.0,4.0,0.0,42.0,21.0,17.0,15.0,9.0,0.0,1.0,1.0,1.0,52.0,39.0,22.0,4.0,8.0,3.0,7.0,No unique independent dated result
2024-M-DC-2024-QLS-M-FIN-POR-01,Davis Cup QLS R1: FIN vs POR,Hard,4.0,D,,20240202,3.0,R0GO,,,Henrique Rocha,R,180.0,POR,19.825,243.0,247.0,V993,,,Eero Vasa,R,185.0,FIN,27.001,1005.0,12.0,6-4 7-5,3,RR,87.0,3.0,3.0,62.0,35.0,24.0,17.0,11.0,1.0,3.0,4.0,1.0,77.0,55.0,33.0,9.0,11.0,4.0,8.0,No unique independent dated result
2024-M-DC-2024-QLS-M-HUN-GER-01,Davis Cup QLS R1: HUN vs GER,Hard,4.0,D,,20240202,1.0,KE73,,,Dominik Koepfer,L,180.0,GER,29.763,60.0,868.0,M0CI,,,Fabian Marozsan,R,193.0,HUN,24.32,57.0,896.0,6-2 7-6(4),3,RR,91.0,7.0,2.0,68.0,47.0,37.0,12.0,10.0,4.0,4.0,2.0,0.0,75.0,57.0,38.0,8.0,10.0,7.0,9.0,No unique independent dated result
2024-M-DC-2024-QLS-M-HUN-GER-01,Davis Cup QLS R1: HUN vs GER,Hard,4.0,D,,20240202,2.0,F724,,,Marton Fucsovics,R,188.0,HUN,31.984,82.0,702.0,SL28,,,Jan-Lennard Struff,R,193.0,GER,33.774,24.0,1526.0,6-3 7-5,3,RR,99.0,10.0,0.0,79.0,51.0,36.0,18.0,11.0,11.0,11.0,3.0,4.0,64.0,30.0,26.0,15.0,10.0,5.0,7.0,No unique independent dated result
2024-M-DC-2024-QLS-M-HUN-GER-01,Davis Cup QLS R1: HUN vs GER,Hard,4.0,D,,20240202,3.0,SL28,,,Jan-Lennard Struff,R,193.0,GER,33.774,24.0,1526.0,VA70,,,Mate Valkusz,R,183.0,HUN,25.473,213.0,290.0,6-3 6-2,3,RR,59.0,10.0,2.0,50.0,28.0,22.0,14.0,9.0,1.0,2.0,4.0,3.0,48.0,32.0,18.0,6.0,8.0,2.0,6.0,No unique independent dated result
2024-M-DC-2024-QLS-M-HUN-GER-01,Davis Cup QLS R1: HUN vs GER,Hard,4.0,D,,20240202,4.0,P09O,,,Zsombor Piros,R,180.0,HUN,24.307,129.0,505.0,KB92,,,Kevin Krawietz,R,188.0,GER,32.025,,,7-6(2) 6-3,3,RR,77.0,7.0,1.0,70.0,42.0,30.0,16.0,11.0,4.0,6.0,0.0,1.0,71.0,49.0,27.0,12.0,10.0,8.0,11.0,No unique independent dated result
2024-M-DC-2024-QLS-M-NED-SUI-01,Davis Cup QLS R1: NED vs SUI,Hard,4.0,D,,20240202,1.0,GJ37,,,Tallon Griekspoor,R,188.0,NED,27.587,29.0,1420.0,HH06,,,Marc-Andrea Huesler,L,196.0,SUI,27.608,199.0,311.0,7-6(3) 7-6(3),3,RR,110.0,12.0,2.0,76.0,52.0,44.0,12.0,12.0,2.0,3.0,10.0,0.0,77.0,49.0,38.0,14.0,12.0,1.0,2.0,No unique independent dated result
2024-M-DC-2024-QLS-M-NED-SUI-01,Davis Cup QLS R1: NED vs SUI,Hard,4.0,D,,20240202,2.0,R0FS,,,Leandro Riedi,R,191.0,SUI,22.015,175.0,352.0,V812,,,Botic van de Zandschulp,R,191.0,NED,28.331,63.0,855.0,6-4 7-6(3),3,RR,101.0,2.0,1.0,71.0,50.0,35.0,11.0,11.0,4.0,6.0,8.0,3.0,65.0,35.0,25.0,16.0,11.0,2.0,5.0,No unique independent dated result
2024-M-DC-2024-QLS-M-NED-SUI-01,Davis Cup QLS R1: NED vs SUI,Hard,4.0,D,,20240202,3.0,GJ37,,,Tallon Griekspoor,R,188.0,NED,27.587,29.0,1420.0,R0FS,,,Leandro Riedi,R,191.0,SUI,22.015,175.0,352.0,7-6(6) 7-6(3),3,RR,103.0,7.0,2.0,70.0,47.0,43.0,17.0,12.0,0.0,0.0,8.0,3.0,79.0,51.0,42.0,17.0,12.0,0.0,0.0,No unique independent dated result
2024-M-DC-2024-QLS-M-NED-SUI-01,Davis Cup QLS R1: NED vs SUI,Hard,4.0,D,,20240202,4.0,V812,,,Botic van de Zandschulp,R,191.0,NED,28.331,63.0,855.0,HH06,,,Marc-Andrea Huesler,L,196.0,SUI,27.608,199.0,311.0,5-7 7-6(5) 6-3,3,RR,149.0,10.0,1.0,92.0,72.0,52.0,13.0,17.0,1.0,4.0,10.0,1.0,103.0,64.0,47.0,19.0,16.0,6.0,9.0,No unique independent dated result
2024-M-DC-2024-QLS-M-SRB-SVK-01,Davis Cup QLS R1: SRB vs SVK,Clay,4.0,D,,20240202,1.0,KI63,,,Lukas Klein,R,193.0,SVK,25.867,142.0,464.0,KI95,,,Miomir Kecmanovic,R,183.0,SRB,24.424,41.0,1080.0,7-6(2) 6-2,3,RR,89.0,13.0,0.0,66.0,48.0,35.0,9.0,10.0,3.0,5.0,0.0,1.0,65.0,42.0,25.0,10.0,10.0,3.0,7.0,No unique independent dated result
2024-M-DC-2024-QLS-M-SRB-SVK-01,Davis Cup QLS R1: SRB vs SVK,Clay,4.0,D,,20240202,2.0,MV14,,,Alex Molcan,L,178.0,SVK,26.171,122.0,518.0,L987,,,Dusan Lajovic,R,183.0,SRB,33.593,53.0,939.0,4-6 6-2 6-0,3,RR,115.0,2.0,2.0,74.0,48.0,36.0,8.0,12.0,2.0,5.0,5.0,0.0,74.0,56.0,30.0,4.0,12.0,2.0,9.0,No unique independent dated result
2024-M-DC-2024-QLS-M-SWE-BRA-01,Davis Cup QLS R1: SWE vs BRA,Hard,4.0,D,,20240202,1.0,MJ08,,,Thiago Monteiro,L,183.0,BRA,29.676,119.0,535.0,F09J,,,Karl Friberg,R,191.0,SWE,24.86,364.0,134.0,6-3 7-6(5),3,RR,110.0,9.0,3.0,78.0,51.0,37.0,17.0,11.0,7.0,8.0,7.0,2.0,65.0,36.0,24.0,16.0,10.0,3.0,5.0,No unique independent dated result
2024-M-DC-2024-QLS-M-SWE-BRA-01,Davis Cup QLS R1: SWE vs BRA,Hard,4.0,D,,20240202,2.0,Y218,,,Elias Ymer,R,185.0,SWE,27.814,160.0,399.0,H0DU,,,Gustavo Heide,R,191.0,BRA,21.927,241.0,249.0,4-6 6-1 6-3,3,RR,107.0,10.0,2.0,64.0,34.0,32.0,19.0,13.0,0.0,1.0,5.0,4.0,89.0,49.0,33.0,20.0,13.0,8.0,12.0,No unique independent dated result
2024-M-DC-2024-QLS-M-SWE-BRA-01,Davis Cup QLS R1: SWE vs BRA,Hard,4.0,D,,20240202,3.0,MJ08,,,Thiago Monteiro,L,183.0,BRA,29.676,119.0,535.0,Y218,,,Elias Ymer,R,185.0,SWE,27.814,160.0,399.0,4-6 6-4 6-2,3,RR,142.0,5.0,2.0,89.0,53.0,38.0,21.0,14.0,4.0,7.0,9.0,9.0,88.0,49.0,36.0,14.0,14.0,3.0,8.0,No unique independent dated result
2024-M-DC-2024-QLS-M-TPE-FRA-01,Davis Cup QLS R1: TPE vs FRA,Hard,4.0,D,,20240203,1.0,V0DZ,,,Luca Van Assche,R,178.0,FRA,19.732,68.0,814.0,H09F,,,Yu Hsiou Hsu,R,178.0,TPE,24.841,230.0,266.0,6-4 6-4,3,RR,95.0,3.0,3.0,56.0,37.0,28.0,8.0,10.0,3.0,5.0,1.0,2.0,57.0,32.0,17.0,14.0,10.0,1.0,5.0,No unique independent dated result
2024-M-DC-2024-QLS-M-TPE-FRA-01,Davis Cup QLS R1: TPE vs FRA,Hard,4.0,D,,20240203,2.0,ME82,,,Adrian Mannarino,L,180.0,FRA,35.598,17.0,1920.0,W857,,,Tung-Lin Wu,R,188.0,TPE,25.73,238.0,255.0,6-3 7-5,3,RR,102.0,10.0,0.0,70.0,48.0,33.0,12.0,11.0,6.0,8.0,6.0,1.0,59.0,36.0,23.0,8.0,10.0,2.0,6.0,No unique independent dated result
2024-M-DC-2024-QLS-M-TPE-FRA-01,Davis Cup QLS R1: TPE vs FRA,Hard,4.0,D,,20240203,3.0,HB64,,,Quentin Halys,R,191.0,FRA,27.272,100.0,615.0,T0AP,,,Chun-Hsin Tseng,R,175.0,TPE,22.489,305.0,177.0,6-3 7-6(3),3,RR,83.0,15.0,0.0,62.0,45.0,35.0,12.0,11.0,0.0,1.0,2.0,3.0,65.0,33.0,27.0,14.0,10.0,3.0,5.0,No unique independent dated result
2024-M-DC-2024-QLS-M-UKR-USA-01,Davis Cup QLS R1: UKR vs USA,Hard,4.0,D,,20240201,1.0,K0AH,,,Sebastian Korda,R,196.0,USA,23.576,33.0,1220.0,K0DP,,,Oleksii Krutykh,R,185.0,UKR,23.896,342.0,149.0,6-3 6-7(3) 6-4,3,RR,132.0,16.0,3.0,88.0,51.0,40.0,17.0,16.0,1.0,3.0,4.0,4.0,114.0,65.0,40.0,24.0,15.0,5.0,10.0,No unique independent dated result
2024-M-DC-2024-QLS-M-UKR-USA-01,Davis Cup QLS R1: UKR vs USA,Hard,4.0,D,,20240201,2.0,E865,,,Christopher Eubanks,R,201.0,USA,27.743,32.0,1220.0,B0LL,,,Viacheslav Bielinskyi,R,,UKR,20.167,498.0,81.0,6-3 6-2,3,RR,78.0,7.0,2.0,61.0,46.0,31.0,9.0,9.0,6.0,7.0,1.0,4.0,59.0,32.0,20.0,11.0,8.0,7.0,11.0,No unique independent dated result
2024-M-DC-2024-WG1-PO-BUL-BIH-01,Davis Cup WG1 PO: BUL vs BIH,Hard,4.0,D,,20240203,1.0,F840,,,Nerman Fatic,R,191.0,BIH,29.279,204.0,301.0,KC33,,,Dimitar Kuzmanov,R,183.0,BUL,30.519,225.0,269.0,3-6 6-3 6-4,3,RR,146.0,5.0,5.0,77.0,41.0,30.0,21.0,14.0,1.0,4.0,0.0,4.0,95.0,61.0,39.0,16.0,14.0,7.0,11.0,No unique independent dated result
2024-M-DC-2024-WG1-PO-BUL-BIH-01,Davis Cup WG1 PO: BUL vs BIH,Hard,4.0,D,,20240203,2.0,D923,,,Damir Dzumhur,R,175.0,BIH,31.707,147.0,427.0,M0KA,,,Yanaki Milev,R,180.0,BUL,19.803,550.0,68.0,6-3 6-2,3,RR,74.0,0.0,1.0,55.0,39.0,25.0,12.0,9.0,2.0,3.0,1.0,3.0,49.0,27.0,15.0,9.0,8.0,3.0,7.0,No unique independent dated result
2024-M-DC-2024-WG1-PO-COL-LUX-01,Davis Cup WG1 PO: COL vs LUX,Clay,4.0,D,,20240202,1.0,R0E0,,,Chris Rodesch,R,198.0,LUX,22.543,648.0,50.0,M0AW,,,Nicolas Mejia,R,183.0,COL,23.975,411.0,111.0,7-6(3) 6-3,3,RR,110.0,9.0,2.0,71.0,55.0,39.0,9.0,11.0,1.0,2.0,1.0,2.0,70.0,51.0,32.0,12.0,10.0,3.0,6.0,No unique independent dated result
2024-M-DC-2024-WG1-PO-COL-LUX-01,Davis Cup WG1 PO: COL vs LUX,Clay,4.0,D,,20240202,2.0,KJ00,,,Alex Knaff,R,193.0,LUX,26.185,500.0,80.0,S0BT,,,Adria Soriano Barrera,R,191.0,COL,24.671,593.0,59.0,6-4 2-6 6-4,3,RR,125.0,2.0,5.0,81.0,46.0,31.0,21.0,14.0,3.0,6.0,11.0,6.0,87.0,49.0,38.0,20.0,14.0,6.0,9.0,No unique independent dated result
2024-M-DC-2024-WG1-PO-COL-LUX-01,Davis Cup WG1 PO: COL vs LUX,Clay,4.0,D,,20240202,3.0,M0AW,,,Nicolas Mejia,R,183.0,COL,23.975,411.0,111.0,KJ00,,,Alex Knaff,R,193.0,LUX,26.185,500.0,80.0,6-2 6-3,3,RR,82.0,4.0,1.0,58.0,40.0,29.0,10.0,9.0,3.0,4.0,0.0,5.0,53.0,34.0,21.0,7.0,8.0,3.0,7.0,No unique independent dated result
2024-M-DC-2024-WG1-PO-COL-LUX-01,Davis Cup WG1 PO: COL vs LUX,Clay,4.0,D,,20240202,4.0,S0BT,,,Adria Soriano Barrera,R,191.0,COL,24.671,593.0,59.0,R0E0,,,Chris Rodesch,R,198.0,LUX,22.543,648.0,50.0,6-3 7-6(5),3,RR,107.0,6.0,5.0,77.0,50.0,37.0,12.0,11.0,3.0,4.0,6.0,3.0,79.0,61.0,37.0,10.0,10.0,8.0,11.0,No unique independent dated result
2024-M-DC-2024-WG1-PO-EGY-ECU-01,Davis Cup WG1 PO: EGY vs ECU,Clay,4.0,D,,20240202,1.0,SK47,,,Mohamed Safwat,R,180.0,EGY,33.372,358.0,138.0,G0DH,,,Alvaro Guillen Meza,R,175.0,ECU,21.084,312.0,173.0,4-6 7-6(6) 7-6(6),3,RR,216.0,2.0,2.0,135.0,78.0,53.0,23.0,17.0,9.0,15.0,2.0,5.0,116.0,88.0,53.0,15.0,17.0,7.0,12.0,No unique independent dated result
2024-M-DC-2024-WG1-PO-EGY-ECU-01,Davis Cup WG1 PO: EGY vs ECU,Clay,4.0,D,,20240202,2.0,M0L0,,,Amr Elsayed Abdou Ah Mohamed,,,EGY,24.917,,,GA36,,,Emilio Gomez,R,185.0,ECU,32.181,307.0,175.0,7-5 6-3,3,RR,93.0,2.0,0.0,52.0,34.0,26.0,9.0,11.0,0.0,2.0,0.0,3.0,72.0,47.0,29.0,9.0,10.0,8.0,13.0,No unique independent dated result
2024-M-DC-2024-WG1-PO-GRE-ROU-01,Davis Cup WG1 PO: GRE vs ROU,Hard,4.0,D,,20240203,1.0,TE51,,,Stefanos Tsitsipas,R,193.0,GRE,25.478,10.0,3025.0,CA99,,,Marius Copil,R,191.0,ROU,33.298,283.0,198.0,6-3 6-4,3,RR,77.0,6.0,2.0,60.0,30.0,25.0,20.0,10.0,3.0,3.0,6.0,2.0,50.0,32.0,28.0,6.0,9.0,5.0,7.0,No unique independent dated result
2024-M-DC-2024-WG1-PO-GRE-ROU-01,Davis Cup WG1 PO: GRE vs ROU,Hard,4.0,D,,20240203,2.0,T0EI,,,Aristotelis Thanos,R,193.0,GRE,22.825,1433.0,3.0,I0A7,,,Nicholas David Ionel,R,,ROU,21.311,265.0,219.0,4-6 6-3 6-2,3,RR,136.0,4.0,8.0,87.0,56.0,43.0,15.0,14.0,3.0,5.0,0.0,0.0,87.0,70.0,44.0,9.0,13.0,5.0,9.0,No unique independent dated result
2024-M-DC-2024-WG1-PO-GRE-ROU-01,Davis Cup WG1 PO: GRE vs ROU,Hard,4.0,D,,20240203,3.0,X01C,,,Ioannis Xilas,R,178.0,GRE,22.73,1286.0,5.0,P0ME,,,Luca Preda,R,201.0,ROU,17.878,1099.0,8.0,6-1 6-4,3,RR,83.0,0.0,1.0,47.0,32.0,20.0,8.0,9.0,0.0,2.0,3.0,1.0,64.0,42.0,19.0,9.0,8.0,8.0,14.0,No unique independent dated result
2024-M-DC-2024-WG1-PO-IRL-AUT-01,Davis Cup WG1 PO: IRL vs AUT,Hard,4.0,D,,20240203,1.0,TB69,,,Dominic Thiem,R,185.0,AUT,30.418,90.0,664.0,A0JA,,,Michael Agwi,R,193.0,IRL,20.416,935.0,16.0,7-6(6) 6-3,3,RR,106.0,4.0,5.0,69.0,44.0,33.0,13.0,11.0,1.0,3.0,9.0,2.0,65.0,38.0,28.0,10.0,10.0,1.0,4.0,No unique independent dated result
2024-M-DC-2024-WG1-PO-IRL-AUT-01,Davis Cup WG1 PO: IRL vs AUT,Hard,4.0,D,,20240203,2.0,O513,,,Sebastian Ofner,R,191.0,AUT,27.729,40.0,1091.0,O684,,,Osgar O'Hoisin,R,193.0,IRL,27.417,1015.0,12.0,6-4 6-4,3,RR,69.0,8.0,1.0,49.0,33.0,32.0,9.0,10.0,2.0,2.0,11.0,4.0,54.0,29.0,24.0,12.0,10.0,1.0,3.0,No unique independent dated result
2024-M-DC-2024-WG1-PO-LBN-JPN-01,Davis Cup WG1 PO: LBN vs JPN,Clay,4.0,D,,20240202,1.0,N732,,,Yoshihito Nishioka,L,170.0,JPN,28.35,84.0,695.0,HF80,,,Hady Habib,R,188.0,LBN,25.451,304.0,179.0,6-3 6-4,3,RR,90.0,0.0,1.0,64.0,44.0,31.0,6.0,10.0,6.0,8.0,5.0,2.0,71.0,41.0,28.0,10.0,9.0,2.0,7.0,No unique independent dated result
2024-M-DC-2024-WG1-PO-LBN-JPN-01,Davis Cup WG1 PO: LBN vs JPN,Clay,4.0,D,,20240202,2.0,HG94,,,Benjamin Hassan,R,183.0,LBN,28.994,152.0,419.0,WB08,,,Yosuke Watanuki,R,180.0,JPN,25.81,113.0,550.0,6-2 7-6(3),3,RR,89.0,4.0,4.0,70.0,39.0,33.0,17.0,10.0,3.0,3.0,2.0,3.0,62.0,28.0,22.0,16.0,10.0,1.0,3.0,No unique independent dated result
2024-M-DC-2024-WG1-PO-LBN-JPN-01,Davis Cup WG1 PO: LBN vs JPN,Clay,4.0,D,,20240202,3.0,N732,,,Yoshihito Nishioka,L,170.0,JPN,28.35,84.0,695.0,HG94,,,Benjamin Hassan,R,183.0,LBN,28.994,152.0,419.0,1-6 7-6(2) 6-4,3,RR,130.0,1.0,2.0,77.0,50.0,34.0,16.0,15.0,2.0,6.0,8.0,3.0,110.0,61.0,37.0,27.0,14.0,5.0,8.0,No unique independent dated result
2024-M-DC-2024-WG1-PO-LTU-GEO-01,Davis Cup WG1 PO: LTU vs GEO,Hard,4.0,D,,20240203,1.0,P0EA,,,Saba Purtseladze,R,191.0,GEO,22.456,450.0,95.0,G0FW,,,Vilius Gaubas,R,178.0,LTU,19.097,366.0,132.0,6-3 1-6 7-5,3,RR,115.0,2.0,0.0,81.0,35.0,23.0,25.0,14.0,5.0,9.0,2.0,5.0,76.0,48.0,36.0,13.0,14.0,4.0,8.0,No unique independent dated result
2024-M-DC-2024-WG1-PO-LTU-GEO-01,Davis Cup WG1 PO: LTU vs GEO,Hard,4.0,D,,20240203,2.0,BE90,,,Ricardas Berankis,R,175.0,LTU,33.621,248.0,238.0,T0AG,,,Zura Tkemaladze,R,188.0,GEO,23.666,721.0,37.0,6-2 6-2,3,RR,91.0,0.0,2.0,53.0,30.0,22.0,12.0,8.0,4.0,5.0,0.0,3.0,85.0,62.0,29.0,12.0,8.0,13.0,18.0,No unique independent dated result
2024-M-DC-2024-WG1-PO-LTU-GEO-01,Davis Cup WG1 PO: LTU vs GEO,Hard,4.0,D,,20240203,3.0,BE90,,,Ricardas Berankis,R,175.0,LTU,33.621,248.0,238.0,P0EA,,,Saba Purtseladze,R,191.0,GEO,22.456,450.0,95.0,7-6(5) 3-6 7-6(7),3,RR,175.0,1.0,7.0,146.0,82.0,55.0,34.0,17.0,13.0,16.0,17.0,4.0,107.0,69.0,55.0,16.0,16.0,2.0,3.0,No unique independent dated result
2024-M-DC-2024-WG1-PO-LTU-GEO-01,Davis Cup WG1 PO: LTU vs GEO,Hard,4.0,D,,20240203,4.0,G0FW,,,Vilius Gaubas,R,178.0,LTU,19.097,366.0,132.0,T0AG,,,Zura Tkemaladze,R,188.0,GEO,23.666,721.0,37.0,7-5 6-3,3,RR,109.0,2.0,3.0,83.0,60.0,42.0,11.0,11.0,7.0,8.0,0.0,3.0,62.0,42.0,28.0,8.0,10.0,4.0,7.0,No unique independent dated result
2024-M-DC-2024-WG1-PO-MEX-DEN-01,Davis Cup WG1 PO: MEX vs DEN,Clay,4.0,D,,20240203,1.0,M0K4,,,Elmer Moller,R,183.0,DEN,20.572,361.0,136.0,E873,,,Ernesto Escobedo,R,185.0,MEX,27.584,493.0,82.0,5-7 6-2 6-2,3,RR,138.0,2.0,10.0,78.0,36.0,31.0,23.0,14.0,4.0,6.0,0.0,5.0,97.0,59.0,37.0,17.0,14.0,4.0,9.0,No unique independent dated result
2024-M-DC-2024-WG1-PO-MEX-DEN-01,Davis Cup WG1 PO: MEX vs DEN,Clay,4.0,D,,20240203,2.0,P0J1,,,Rodrigo Pacheco Mendez,L,191.0,MEX,18.776,696.0,41.0,H09N,,,August Holmgren,R,188.0,DEN,25.785,292.0,189.0,7-6(5) 6-7(2) 6-3,3,RR,141.0,11.0,4.0,111.0,68.0,50.0,31.0,17.0,2.0,2.0,22.0,8.0,104.0,64.0,52.0,23.0,16.0,4.0,5.0,No unique independent dated result
2024-M-DC-2024-WG1-PO-MEX-DEN-01,Davis Cup WG1 PO: MEX vs DEN,Clay,4.0,D,,20240203,3.0,H09N,,,August Holmgren,R,188.0,DEN,25.785,292.0,189.0,E873,,,Ernesto Escobedo,R,185.0,MEX,27.584,493.0,82.0,6-4 6-4,3,RR,84.0,10.0,6.0,52.0,31.0,28.0,10.0,10.0,0.0,1.0,4.0,3.0,64.0,39.0,28.0,10.0,10.0,7.0,10.0,No unique independent dated result
2024-M-DC-2024-WG1-PO-NOR-LAT-01,Davis Cup WG1 PO: NOR vs LAT,Hard,4.0,D,,20240202,1.0,DC76,,,Viktor Durasovic,R,185.0,NOR,26.875,413.0,110.0,S0GV,,,Robert Strombachs,R,191.0,LAT,24.383,346.0,146.0,7-5 6-2,3,RR,75.0,5.0,5.0,61.0,36.0,31.0,13.0,10.0,1.0,1.0,3.0,0.0,60.0,46.0,31.0,7.0,10.0,5.0,8.0,No unique independent dated result
2024-M-DC-2024-WG1-PO-NOR-LAT-01,Davis Cup WG1 PO: NOR vs LAT,Hard,4.0,D,,20240202,2.0,RH16,,,Casper Ruud,R,183.0,NOR,25.114,12.0,2965.0,R0CT,,,Martins Rocens,R,185.0,LAT,23.817,1763.0,1.0,6-1 6-1,3,RR,48.0,2.0,0.0,34.0,22.0,21.0,7.0,7.0,0.0,0.0,4.0,10.0,41.0,22.0,15.0,3.0,7.0,3.0,8.0,No unique independent dated result
2024-M-DC-2024-WG1-PO-NOR-LAT-01,Davis Cup WG1 PO: NOR vs LAT,Hard,4.0,D,,20240202,3.0,B0U4,,,Nicolai Budkov Kjaer,R,191.0,NOR,17.421,,,R0JJ,,,Davis Rolis,,,LAT,19.017,,,6-3 6-4,3,RR,61.0,8.0,2.0,59.0,42.0,38.0,5.0,10.0,6.0,7.0,1.0,2.0,47.0,30.0,17.0,9.0,9.0,1.0,4.0,No unique independent dated result
2024-M-DC-2024-WG1-PO-NZL-TUR-01,Davis Cup WG1 PO: NZL vs TUR,Hard,4.0,D,,20240202,1.0,P0ED,,,Kiranpal Pannu,R,185.0,NZL,27.069,716.0,37.0,I306,,,Cem Ilkel,R,185.0,TUR,28.452,284.0,198.0,6-3 6-2,3,RR,104.0,2.0,2.0,54.0,37.0,28.0,9.0,9.0,4.0,5.0,3.0,6.0,65.0,33.0,19.0,14.0,8.0,7.0,11.0,No unique independent dated result
2024-M-DC-2024-WG1-PO-NZL-TUR-01,Davis Cup WG1 PO: NZL vs TUR,Hard,4.0,D,,20240202,2.0,E0AA,,,Yanki Erel,L,178.0,TUR,23.354,325.0,163.0,R0DC,,,Ajeet Rai,R,188.0,NZL,25.04,538.0,70.0,6-7(5) 6-2 6-4,3,RR,125.0,2.0,7.0,82.0,47.0,37.0,20.0,15.0,1.0,3.0,13.0,9.0,94.0,46.0,35.0,18.0,15.0,4.0,9.0,No unique independent dated result
2024-M-DC-2024-WG1-PO-NZL-TUR-01,Davis Cup WG1 PO: NZL vs TUR,Hard,4.0,D,,20240202,3.0,CH05,,,Altug Celikbilek,R,183.0,TUR,27.403,371.0,131.0,R0DC,,,Ajeet Rai,R,188.0,NZL,25.04,538.0,70.0,6-3 6-2,3,RR,116.0,1.0,3.0,68.0,43.0,31.0,14.0,9.0,7.0,7.0,6.0,3.0,61.0,29.0,16.0,16.0,8.0,1.0,5.0,No unique independent dated result
2024-M-DC-2024-WG1-PO-PAK-IND-01,Davis Cup WG1 PO: PAK vs IND,Grass,4.0,D,,20240203,1.0,RB56,,,Ramkumar Ramanathan,R,188.0,IND,29.238,461.0,91.0,Q019,,,Aisam-Ul-Haq Qureshi,R,183.0,PAK,43.882,,,6-7(3) 7-6(4) 6-0,3,RR,120.0,20.0,1.0,85.0,45.0,35.0,33.0,15.0,2.0,3.0,13.0,10.0,92.0,56.0,44.0,15.0,15.0,2.0,6.0,No unique independent dated result
2024-M-DC-2024-WG1-PO-PAK-IND-01,Davis Cup WG1 PO: PAK vs IND,Grass,4.0,D,,20240203,2.0,N558,,,N.Sriram Balaji,R,180.0,IND,33.881,,,K425,,,Aqeel Khan,R,,PAK,44.011,,,7-5 6-3,3,RR,75.0,8.0,1.0,55.0,33.0,27.0,17.0,11.0,0.0,0.0,3.0,1.0,55.0,27.0,23.0,16.0,10.0,3.0,5.0,No unique independent dated result
2024-M-DC-2024-WG1-PO-PAK-IND-01,Davis Cup WG1 PO: PAK vs IND,Grass,4.0,D,,20240203,3.0,KH77,,,Niki Kaliyanda Poonacha,R,191.0,IND,28.772,795.0,27.0,S0HP,,,Muhammad Shoaib,,,PAK,21.966,,,6-3 6-4,3,RR,63.0,8.0,0.0,52.0,33.0,27.0,13.0,10.0,0.0,0.0,6.0,8.0,76.0,42.0,31.0,13.0,9.0,7.0,9.0,No unique independent dated result
2024-M-DC-2024-WG1-PO-UZB-POL-01,Davis Cup WG1 PO: UZB vs POL,Hard,4.0,D,,20240202,1.0,HB71,,,Hubert Hurkacz,R,196.0,POL,26.973,8.0,3540.0,F0A3,,,Sergey Fomin,R,180.0,UZB,23.001,665.0,47.0,6-2 6-1,3,RR,70.0,7.0,2.0,55.0,35.0,26.0,11.0,8.0,1.0,1.0,1.0,2.0,64.0,38.0,23.0,8.0,7.0,5.0,9.0,No unique independent dated result
2024-M-DC-2024-WG1-PO-UZB-POL-01,Davis Cup WG1 PO: UZB vs POL,Hard,4.0,D,,20240202,2.0,K0HC,,,Maks Kasnikowski,R,180.0,POL,20.578,271.0,214.0,SR81,,,Khumoyun Sultanov,R,180.0,UZB,25.268,330.0,156.0,6-3 6-1,3,RR,85.0,9.0,2.0,67.0,42.0,28.0,14.0,8.0,6.0,7.0,2.0,2.0,53.0,32.0,17.0,8.0,8.0,4.0,9.0,No unique independent dated result
2024-M-DC-2024-WG1-PO-UZB-POL-01,Davis Cup WG1 PO: UZB vs POL,Hard,4.0,D,,20240202,3.0,MQ75,,,Kamil Majchrzak,R,183.0,POL,28.055,807.0,25.0,S0UU,,,Maxim Shin,R,191.0,UZB,20.665,1469.0,3.0,6-1 6-1,3,RR,49.0,1.0,1.0,44.0,29.0,22.0,9.0,7.0,8.0,8.0,2.0,4.0,33.0,19.0,8.0,4.0,7.0,1.0,6.0,No unique independent dated result
2024-M-DC-2024-WG2-PO-BOL-THA-01,Davis Cup WG2 PO: BOL vs THA,Clay,4.0,D,,20240203,1.0,P0IY,,,Juan Carlos Prado Angelo,R,185.0,BOL,18.913,605.0,56.0,J0D2,,,Maximus Jones,R,185.0,THA,19.411,581.0,61.0,6-3 6-2,3,RR,77.0,4.0,3.0,47.0,23.0,17.0,14.0,9.0,0.0,1.0,3.0,14.0,71.0,33.0,22.0,12.0,8.0,7.0,12.0,No unique independent dated result
2024-M-DC-2024-WG2-PO-BOL-THA-01,Davis Cup WG2 PO: BOL vs THA,Clay,4.0,D,,20240203,2.0,DC48,,,Murkel Dellien,R,193.0,BOL,26.382,288.0,192.0,TB70,,,Wishaya Trongcharoenchaikul,R,,THA,28.824,780.0,29.0,6-1 6-1,3,RR,48.0,3.0,0.0,33.0,19.0,18.0,10.0,7.0,0.0,0.0,1.0,6.0,39.0,26.0,15.0,2.0,7.0,2.0,7.0,No unique independent dated result
2024-M-DC-2024-WG2-PO-BOL-THA-01,Davis Cup WG2 PO: BOL vs THA,Clay,4.0,D,,20240203,3.0,AA49,,,Boris Arias,R,185.0,BOL,30.234,,,C0DS,,,Thanapet Chanta,R,168.0,THA,24.402,938.0,16.0,6-4 6-3,3,RR,63.0,8.0,3.0,53.0,33.0,27.0,13.0,10.0,3.0,3.0,4.0,7.0,70.0,38.0,28.0,13.0,9.0,6.0,9.0,No unique independent dated result
2024-M-DC-2024-WG2-PO-CHN-SLO-01,Davis Cup WG2 PO: CHN vs SLO,Hard,4.0,D,,20240202,1.0,Z371,,,Zhizhen Zhang,R,193.0,CHN,27.296,50.0,951.0,K0JY,,,Matic Kriznik,L,,SLO,18.415,1274.0,5.0,6-0 6-2,3,RR,63.0,5.0,3.0,42.0,18.0,15.0,16.0,7.0,2.0,2.0,3.0,4.0,45.0,17.0,12.0,6.0,7.0,3.0,8.0,No unique independent dated result
2024-M-DC-2024-WG2-PO-CHN-SLO-01,Davis Cup WG2 PO: CHN vs SLO,Hard,4.0,D,,20240202,2.0,Z0CQ,,,Yi Zhou,R,193.0,CHN,18.888,877.0,20.0,D0I0,,,Sebastian Dominko,L,203.0,SLO,20.726,1107.0,8.0,7-5 6-7(3) 6-3,3,RR,128.0,3.0,5.0,108.0,55.0,40.0,33.0,17.0,3.0,5.0,9.0,0.0,98.0,60.0,43.0,21.0,16.0,4.0,8.0,No unique independent dated result
2024-M-DC-2024-WG2-PO-CHN-SLO-01,Davis Cup WG2 PO: CHN vs SLO,Hard,4.0,D,,20240202,3.0,D0I0,,,Sebastian Dominko,L,203.0,SLO,20.726,1107.0,8.0,Z371,,,Zhizhen Zhang,R,193.0,CHN,27.296,50.0,951.0,6-3 6-4,3,RR,59.0,14.0,3.0,56.0,40.0,34.0,10.0,10.0,2.0,2.0,6.0,4.0,58.0,30.0,22.0,15.0,9.0,8.0,10.0,No unique independent dated result
2024-M-DC-2024-WG2-PO-CHN-SLO-01,Davis Cup WG2 PO: CHN vs SLO,Hard,4.0,D,,20240202,4.0,Z0CQ,,,Yi Zhou,R,193.0,CHN,18.888,877.0,20.0,K0JY,,,Matic Kriznik,L,,SLO,18.415,1274.0,5.0,5-7 6-1 6-3,3,RR,118.0,9.0,4.0,82.0,45.0,34.0,18.0,14.0,5.0,8.0,1.0,2.0,82.0,41.0,24.0,19.0,14.0,4.0,10.0,No unique independent dated result
2024-M-DC-2024-WG2-PO-CYP-MAR-01,Davis Cup WG2 PO: CYP vs MAR,Hard,4.0,D,,20240203,1.0,D0FA,,,Yassine Dlimi,R,191.0,MAR,20.75,604.0,56.0,CH73,,,Petros Chrysochos,R,185.0,CYP,27.822,1410.0,3.0,7-5 7-6(2),3,RR,123.0,0.0,7.0,87.0,48.0,31.0,23.0,12.0,8.0,11.0,4.0,2.0,81.0,55.0,34.0,12.0,12.0,7.0,11.0,No unique independent dated result
2024-M-DC-2024-WG2-PO-CYP-MAR-01,Davis Cup WG2 PO: CYP vs MAR,Hard,4.0,D,,20240203,2.0,BT68,,,Elliot Benchetrit,R,193.0,MAR,25.339,614.0,55.0,EA31,,,Menelaos Efstathiou,R,183.0,CYP,24.925,1222.0,6.0,6-3 6-2,3,RR,78.0,2.0,2.0,51.0,25.0,19.0,17.0,9.0,0.0,0.0,1.0,2.0,48.0,32.0,23.0,5.0,8.0,2.0,5.0,No unique independent dated result
2024-M-DC-2024-WG2-PO-CYP-MAR-01,Davis Cup WG2 PO: CYP vs MAR,Hard,4.0,D,,20240203,3.0,C0L4,,,Stylianos Christodoulou,,,CYP,19.247,1114.0,8.0,KE25,,,Hamza Karmoussi,,,MAR,30.188,,,6-3 6-1,3,RR,60.0,7.0,1.0,50.0,37.0,29.0,6.0,8.0,3.0,3.0,0.0,3.0,49.0,30.0,14.0,9.0,8.0,2.0,6.0,No unique independent dated result
2024-M-DC-2024-WG2-PO-ESA-POC-01,Davis Cup WG2 PO: ESA vs POC,Hard,4.0,D,,20240202,1.0,D0FO,,,Diego Duran,,,ESA,19.146,,,O0CG,,,Gillian Osmont,R,188.0,FRA,20.726,,,6-3 6-0,3,RR,69.0,4.0,1.0,46.0,27.0,19.0,13.0,8.0,0.0,1.0,2.0,5.0,46.0,24.0,16.0,3.0,7.0,4.0,9.0,No unique independent dated result
2024-M-DC-2024-WG2-PO-ESA-POC-01,Davis Cup WG2 PO: ESA vs POC,Hard,4.0,D,,20240202,2.0,A853,,,Marcelo Arevalo,R,191.0,ESA,33.295,,,K0N7,,,Heve Kelley,,,,26.847,,,6-0 6-2,3,RR,46.0,3.0,0.0,33.0,27.0,25.0,3.0,7.0,0.0,0.0,0.0,1.0,35.0,21.0,10.0,3.0,7.0,1.0,6.0,No unique independent dated result
2024-M-DC-2024-WG2-PO-ESA-POC-01,Davis Cup WG2 PO: ESA vs POC,Hard,4.0,D,,20240202,3.0,F0IK,,,Juan Carlos Fuentes Vasquez,,,ESA,18.376,,,F0IL,,,Matavao Fanguna,,,,27.288,,,6-0 6-3,3,RR,78.0,1.0,1.0,40.0,28.0,20.0,9.0,8.0,1.0,1.0,2.0,5.0,58.0,36.0,19.0,8.0,7.0,5.0,10.0,No unique independent dated result
2024-M-DC-2024-WG2-PO-HKG-ZIM-01,Davis Cup WG2 PO: HKG vs ZIM,Hard,4.0,D,,20240203,1.0,WB15,,,Hong Kit Wong,,,HKG,25.429,,,LC54,,,Benjamin Lock,R,198.0,ZIM,30.919,348.0,144.0,3-6 6-3 7-6(5),3,RR,139.0,10.0,1.0,95.0,63.0,47.0,16.0,15.0,6.0,8.0,6.0,0.0,80.0,55.0,42.0,18.0,15.0,3.0,5.0,No unique independent dated result
2024-M-DC-2024-WG2-PO-HKG-ZIM-01,Davis Cup WG2 PO: HKG vs ZIM,Hard,4.0,D,,20240203,2.0,W0BH,,,Coleman Wong,R,191.0,HKG,19.661,247.0,243.0,LH62,,,Courtney John Lock,R,193.0,ZIM,27.294,,,6-2 6-0,3,RR,59.0,10.0,2.0,40.0,25.0,22.0,7.0,7.0,1.0,1.0,1.0,2.0,51.0,31.0,14.0,8.0,7.0,4.0,9.0,No unique independent dated result
2024-M-DC-2024-WG2-PO-IRI-EST-01,Davis Cup WG2 PO: IRI vs EST,Clay,4.0,D,,20240315,1.0,O0CI,,,Oliver Ojakaar,R,191.0,EST,19.091,939.0,16.0,N693,,,Hamidreza Nadaf,R,183.0,IRI,31.318,1588.0,2.0,6-3 6-0,3,RR,100.0,2.0,1.0,38.0,26.0,24.0,9.0,8.0,1.0,1.0,3.0,5.0,68.0,44.0,21.0,12.0,7.0,9.0,13.0,No unique independent dated result
2024-M-DC-2024-WG2-PO-IRI-EST-01,Davis Cup WG2 PO: IRI vs EST,Clay,4.0,D,,20240315,2.0,M09X,,,Sina Moghimi,,,IRI,22.634,1086.0,9.0,TG67,,,Kristjan Tamm,R,185.0,EST,25.747,1063.0,10.0,1-6 7-5 6-4,3,RR,169.0,0.0,6.0,84.0,61.0,37.0,11.0,15.0,6.0,10.0,6.0,7.0,117.0,66.0,43.0,24.0,14.0,16.0,20.0,No unique independent dated result
2024-M-DC-2024-WG2-PO-IRI-EST-01,Davis Cup WG2 PO: IRI vs EST,Clay,4.0,D,,20240315,3.0,O0CI,,,Oliver Ojakaar,R,191.0,EST,19.091,939.0,16.0,M09X,,,Sina Moghimi,,,IRI,22.634,1086.0,9.0,6-3 6-1,3,RR,84.0,7.0,6.0,51.0,30.0,26.0,9.0,8.0,1.0,1.0,0.0,1.0,54.0,45.0,21.0,6.0,8.0,4.0,8.0,No unique independent dated result
2024-M-DC-2024-WG2-PO-JAM-BAR-01,Davis Cup WG2 PO: JAM vs BAR,Hard,4.0,D,,20240203,1.0,B0I5,,,Blaise Bicknell,R,191.0,JAM,22.188,319.0,169.0,M0GR,,,Kaipo Marshall,,,BAR,21.873,,,6-1 3-6 6-1,3,RR,102.0,5.0,4.0,73.0,46.0,32.0,16.0,12.0,4.0,6.0,2.0,20.0,79.0,36.0,24.0,14.0,11.0,8.0,13.0,No unique independent dated result
2024-M-DC-2024-WG2-PO-JAM-BAR-01,Davis Cup WG2 PO: JAM vs BAR,Hard,4.0,D,,20240203,2.0,KC86,,,Darian King,R,188.0,BAR,31.773,547.0,68.0,P0AO,,,Rowland Phillips,,,JAM,30.029,,,6-3 3-6 7-5,3,RR,172.0,1.0,5.0,105.0,64.0,38.0,14.0,15.0,12.0,20.0,2.0,4.0,103.0,65.0,34.0,16.0,15.0,3.0,12.0,No unique independent dated result
2024-M-DC-2024-WG2-PO-JAM-BAR-01,Davis Cup WG2 PO: JAM vs BAR,Hard,4.0,D,,20240203,3.0,B0I5,,,Blaise Bicknell,R,191.0,JAM,22.188,319.0,169.0,KC86,,,Darian King,R,188.0,BAR,31.773,547.0,68.0,6-1 6-0,3,RR,48.0,3.0,4.0,44.0,27.0,17.0,11.0,7.0,2.0,3.0,1.0,4.0,40.0,27.0,11.0,1.0,6.0,5.0,11.0,No unique independent dated result
2024-M-DC-2024-WG2-PO-JAM-BAR-01,Davis Cup WG2 PO: JAM vs BAR,Hard,4.0,D,,20240203,4.0,M0GR,,,Kaipo Marshall,,,BAR,21.873,,,P0AO,,,Rowland Phillips,,,JAM,30.029,,,6-4 1-6 6-2,3,RR,128.0,1.0,14.0,84.0,52.0,35.0,11.0,13.0,5.0,9.0,3.0,3.0,84.0,55.0,34.0,12.0,12.0,3.0,8.0,No unique independent dated result
2024-M-DC-2024-WG2-PO-PAR-MON-01,Davis Cup WG2 PO: PAR vs MON,Clay,4.0,D,,20240203,1.0,V0DP,,,Adolfo Daniel Vallejo,R,183.0,PAR,19.767,,,B946,,,Benjamin Balleret,R,183.0,MON,41.051,,,6-2 6-4,3,RR,67.0,5.0,0.0,42.0,29.0,20.0,12.0,9.0,0.0,1.0,3.0,0.0,54.0,31.0,17.0,10.0,9.0,3.0,7.0,No unique independent dated result
2024-M-DC-2024-WG2-PO-PAR-MON-01,Davis Cup WG2 PO: PAR vs MON,Clay,4.0,D,,20240203,2.0,VA25,,,Valentin Vacherot,R,193.0,MON,25.216,171.0,356.0,V0DO,,,Martin Antonio Vergara Del Puerto,L,,PAR,19.786,,,6-2 6-1,3,RR,67.0,3.0,1.0,46.0,32.0,25.0,6.0,8.0,0.0,1.0,2.0,2.0,39.0,23.0,10.0,4.0,7.0,1.0,6.0,No unique independent dated result
2024-M-DC-2024-WG2-PO-PAR-MON-01,Davis Cup WG2 PO: PAR vs MON,Clay,4.0,D,,20240203,3.0,VA25,,,Valentin Vacherot,R,193.0,MON,25.216,171.0,356.0,V0DP,,,Adolfo Daniel Vallejo,R,183.0,PAR,19.767,,,6-7(0) 6-4 6-4,3,RR,167.0,5.0,1.0,95.0,62.0,44.0,17.0,16.0,2.0,4.0,4.0,3.0,102.0,67.0,44.0,19.0,16.0,4.0,8.0,No unique independent dated result
2024-M-DC-2024-WG2-PO-TOG-INA-01,Davis Cup WG2 PO: TOG vs INA,Hard,4.0,D,,20240203,1.0,M0D4,,,M Rifki Fitriadi,R,175.0,INA,25.029,569.0,64.0,L596,,,Komlavi Loglo,R,183.0,TOG,39.094,,,6-1 6-4,3,RR,80.0,6.0,2.0,52.0,33.0,24.0,14.0,9.0,2.0,3.0,2.0,2.0,56.0,41.0,23.0,6.0,8.0,6.0,10.0,No unique independent dated result
2024-M-DC-2024-WG2-PO-TOG-INA-01,Davis Cup WG2 PO: TOG vs INA,Hard,4.0,D,,20240203,2.0,133933,,,Thomas Yaka Kofi Setodji,,,TOG,,,,SY76,,,Anthony Susanto,,,INA,26.7,2043.0,1.0,6-1 6-2,3,RR,69.0,10.0,4.0,52.0,33.0,28.0,8.0,8.0,1.0,1.0,1.0,4.0,44.0,28.0,16.0,5.0,7.0,3.0,7.0,No unique independent dated result
2024-M-DC-2024-WG2-PO-TOG-INA-01,Davis Cup WG2 PO: TOG vs INA,Hard,4.0,D,,20240203,3.0,M0D4,,,M Rifki Fitriadi,R,175.0,INA,25.029,569.0,64.0,133933,,,Thomas Yaka Kofi Setodji,,,TOG,,,,6-2 6-3,3,RR,87.0,1.0,2.0,52.0,32.0,25.0,11.0,9.0,2.0,3.0,2.0,1.0,50.0,35.0,19.0,5.0,8.0,5.0,9.0,No unique independent dated result
2024-M-DC-2024-WG2-PO-TOG-INA-01,Davis Cup WG2 PO: TOG vs INA,Hard,4.0,D,,20240203,4.0,L596,,,Komlavi Loglo,R,183.0,TOG,39.094,,,SY76,,,Anthony Susanto,,,INA,26.7,2043.0,1.0,6-2 6-2,3,RR,77.0,3.0,2.0,43.0,32.0,25.0,8.0,8.0,1.0,1.0,1.0,4.0,57.0,42.0,22.0,7.0,8.0,3.0,7.0,No unique independent dated result
2024-M-DC-2024-WG2-PO-TUN-CRC-01,Davis Cup WG2 PO: TUN vs CRC,Hard,4.0,D,,20240202,1.0,EA13,,,Moez Echargui,R,178.0,TUN,31.061,279.0,205.0,F902,,,Jesse Flores,R,188.0,CRC,28.843,900.0,18.0,6-2 6-3,3,RR,65.0,4.0,2.0,56.0,35.0,30.0,11.0,9.0,4.0,4.0,3.0,2.0,49.0,30.0,17.0,9.0,8.0,2.0,5.0,No unique independent dated result
2024-M-DC-2024-WG2-PO-TUN-CRC-01,Davis Cup WG2 PO: TUN vs CRC,Hard,4.0,D,,20240202,2.0,DF88,,,Aziz Dougaz,L,188.0,TUN,26.856,219.0,278.0,C0I8,,,Rodrigo Crespo Piedra,R,180.0,CRC,22.675,,,6-3 5-7 6-4,3,RR,112.0,9.0,4.0,89.0,57.0,39.0,20.0,16.0,3.0,7.0,3.0,5.0,88.0,51.0,36.0,15.0,15.0,4.0,9.0,No unique independent dated result
2024-M-DC-2024-WG2-PO-URU-MDA-01,Davis Cup WG2 PO: URU vs MDA,Clay,4.0,D,,20240203,1.0,R0BT,,,Franco Roncadelli,L,185.0,URU,23.992,616.0,55.0,S0R5,,,Ilya Snitari,R,188.0,MDA,21.875,740.0,34.0,4-6 6-1 6-1,3,RR,137.0,1.0,2.0,74.0,50.0,31.0,13.0,12.0,5.0,9.0,0.0,5.0,92.0,52.0,24.0,18.0,12.0,8.0,16.0,No unique independent dated result
2024-M-DC-2024-WG2-PO-URU-MDA-01,Davis Cup WG2 PO: URU vs MDA,Clay,4.0,D,,20240203,2.0,A829,,,Radu Albot,R,175.0,MDA,34.229,136.0,489.0,A0JW,,,Joaquin  Aguilar Cardozo,R,168.0,URU,18.823,,,6-2 6-3,3,RR,81.0,2.0,1.0,52.0,33.0,24.0,8.0,9.0,2.0,4.0,1.0,4.0,51.0,31.0,13.0,6.0,8.0,0.0,6.0,No unique independent dated result
2024-M-DC-2024-WG2-PO-URU-MDA-01,Davis Cup WG2 PO: URU vs MDA,Clay,4.0,D,,20240203,3.0,A829,,,Radu Albot,R,175.0,MDA,34.229,136.0,489.0,R0BT,,,Franco Roncadelli,L,185.0,URU,23.992,616.0,55.0,6-3 6-1,3,RR,95.0,2.0,1.0,50.0,30.0,19.0,14.0,8.0,3.0,4.0,1.0,1.0,82.0,66.0,33.0,6.0,8.0,6.0,11.0,No unique independent dated result
2024-M-DC-2024-WG2-PO-URU-MDA-01,Davis Cup WG2 PO: URU vs MDA,Clay,4.0,D,,20240203,4.0,A0JW,,,Joaquin  Aguilar Cardozo,R,168.0,URU,18.823,,,S0R5,,,Ilya Snitari,R,188.0,MDA,21.875,740.0,34.0,6-1 6-0,3,RR,77.0,0.0,0.0,36.0,22.0,15.0,10.0,7.0,1.0,1.0,1.0,1.0,61.0,30.0,17.0,7.0,6.0,8.0,14.0,No unique independent dated result
2024-M-DC-2024-WG2-PO-VIE-RSA-01,Davis Cup WG2 PO: VIE vs RSA,Hard,4.0,D,,20240202,1.0,LD22,,,Nam Hoang Ly,R,175.0,VIE,26.935,554.0,67.0,H0BF,,,Philip Henning,R,180.0,RSA,23.228,748.0,32.0,6-3 6-4,3,RR,131.0,1.0,1.0,86.0,60.0,40.0,13.0,10.0,8.0,9.0,2.0,1.0,56.0,41.0,25.0,6.0,9.0,1.0,4.0,No unique independent dated result
2024-M-DC-2024-WG2-PO-VIE-RSA-01,Davis Cup WG2 PO: VIE vs RSA,Hard,4.0,D,,20240202,3.0,LD22,,,Nam Hoang Ly,R,175.0,VIE,26.935,554.0,67.0,VA23,,,Kris Van Wyk,R,185.0,RSA,27.343,416.0,109.0,6-4 3-6 6-3,3,RR,159.0,0.0,1.0,84.0,61.0,41.0,13.0,14.0,2.0,5.0,5.0,3.0,86.0,51.0,32.0,17.0,14.0,5.0,9.0,No unique independent dated result
2024-M-DC-2024-WG2-PO-VIE-RSA-01,Davis Cup WG2 PO: VIE vs RSA,Hard,4.0,D,,20240202,4.0,H0BF,,,Philip Henning,R,180.0,RSA,23.228,748.0,32.0,T0AB,,,Linh Giang Trinh,R,183.0,VIE,26.5,,,6-2 6-2,3,RR,101.0,1.0,0.0,47.0,28.0,21.0,11.0,8.0,0.0,1.0,0.0,0.0,71.0,53.0,25.0,8.0,8.0,9.0,14.0,No unique independent dated result
2024-496,Marseille,Hard,32.0,250,I,20240205,5.0,Z371,,,Zhizhen Zhang,R,193.0,CHN,27.305,50.0,951.0,Z0A1,,LL,Giulio Zeppieri,L,183.0,ITA,22.163,111.0,560.0,6-7(7) 6-1 6-4,3,R32,129.0,10.0,3.0,91.0,63.0,52.0,15.0,15.0,4.0,4.0,4.0,2.0,83.0,51.0,35.0,19.0,14.0,1.0,4.0,No unique independent dated result
2024-496,Marseille,Hard,32.0,250,I,20240205,16.0,Z371,,,Zhizhen Zhang,R,193.0,CHN,27.305,50.0,951.0,AG37,7.0,,Felix Auger-Aliassime,R,193.0,CAN,23.493,28.0,1445.0,6-4 6-4,3,R16,88.0,6.0,4.0,58.0,39.0,30.0,10.0,10.0,3.0,4.0,4.0,4.0,60.0,36.0,24.0,10.0,10.0,1.0,4.0,No unique independent dated result
2024-496,Marseille,Hard,32.0,250,I,20240205,22.0,KE29,3.0,,Karen Khachanov,R,198.0,RUS,27.71,18.0,1910.0,Z371,,,Zhizhen Zhang,R,193.0,CHN,27.305,50.0,951.0,6-4 6-1,3,QF,61.0,7.0,0.0,43.0,32.0,28.0,8.0,9.0,0.0,0.0,7.0,2.0,45.0,30.0,20.0,7.0,8.0,2.0,5.0,No unique independent dated result
2024-496,Marseille,Hard,32.0,250,I,20240205,27.0,HH26,4.0,,Ugo Humbert,L,188.0,FRA,25.613,21.0,1775.0,D875,2.0,,Grigor Dimitrov,R,191.0,BUL,32.726,13.0,2785.0,6-4 6-3,3,F,83.0,10.0,1.0,55.0,38.0,33.0,10.0,10.0,2.0,2.0,6.0,2.0,57.0,38.0,30.0,7.0,9.0,2.0,4.0,No unique independent dated result
2024-407,Rotterdam,Hard,32.0,500,I,20240212,6.0,S0H2,,,Alexander Shevchenko,R,188.0,KAZ,23.203,57.0,920.0,Z371,,,Zhizhen Zhang,R,193.0,CHN,27.324,47.0,991.0,4-6 6-4 6-3,3,R32,115.0,13.0,0.0,87.0,55.0,38.0,20.0,14.0,5.0,7.0,5.0,1.0,91.0,58.0,37.0,19.0,15.0,4.0,8.0,No unique independent dated result
2024-451,Doha,Hard,32.0,A,O,20240219,7.0,Z371,,,Zhizhen Zhang,R,193.0,CHN,27.343,48.0,991.0,M0EJ,7.0,,Lorenzo Musetti,R,185.0,ITA,21.966,26.0,1480.0,6-2 6-0,3,R32,61.0,7.0,1.0,39.0,30.0,23.0,4.0,7.0,3.0,4.0,0.0,1.0,48.0,29.0,12.0,7.0,7.0,3.0,9.0,No unique independent dated result
2024-451,Doha,Hard,32.0,A,O,20240219,17.0,MC65,,WC,Gael Monfils,R,193.0,FRA,37.467,68.0,837.0,Z371,,,Zhizhen Zhang,R,193.0,CHN,27.343,48.0,991.0,4-6 7-5 7-6(2),3,R16,143.0,13.0,6.0,106.0,62.0,54.0,18.0,17.0,2.0,4.0,4.0,3.0,105.0,71.0,52.0,20.0,17.0,4.0,6.0,No unique independent dated result
2024-495,Dubai,Hard,32.0,500,O,20240226,1.0,RE44,2.0,,Andrey Rublev,R,188.0,RUS,26.352,5.0,5110.0,Z371,,,Zhizhen Zhang,R,193.0,CHN,27.362,46.0,1006.0,6-7(4) 6-2 6-4,3,R32,110.0,18.0,2.0,88.0,64.0,53.0,13.0,15.0,2.0,2.0,17.0,2.0,90.0,68.0,54.0,6.0,15.0,0.0,3.0,No unique independent dated result
2024-404,Indian Wells Masters,Hard,128.0,M,O,20240304,31.0,Z371,,,Zhizhen Zhang,R,193.0,CHN,27.381,50.0,1006.0,K0AZ,,WC,Aleksandar Kovacevic,R,183.0,USA,25.514,92.0,654.0,6-7(2) 6-3 7-5,3,R128,153.0,12.0,4.0,104.0,53.0,41.0,30.0,17.0,4.0,5.0,13.0,10.0,104.0,53.0,43.0,26.0,16.0,6.0,9.0,No unique independent dated result
2024-404,Indian Wells Masters,Hard,128.0,M,O,20240304,63.0,N0BG,,LL,Luca Nardi,R,185.0,ITA,20.578,123.0,513.0,Z371,,,Zhizhen Zhang,R,193.0,CHN,27.381,50.0,1006.0,6-3 3-6 6-3,3,R64,120.0,7.0,2.0,80.0,51.0,43.0,14.0,14.0,5.0,7.0,5.0,3.0,88.0,52.0,37.0,15.0,13.0,2.0,5.0,No unique independent dated result
2024-403,Miami Masters,Hard,128.0,M,O,20240318,4.0,D0DT,,WC,Martin Damm,L,203.0,USA,20.465,204.0,296.0,Z371,,,Zhizhen Zhang,R,193.0,CHN,27.42,49.0,1005.0,7-6(2) 7-6(3),3,R128,123.0,14.0,3.0,83.0,50.0,38.0,18.0,12.0,4.0,6.0,5.0,4.0,87.0,63.0,43.0,12.0,12.0,3.0,5.0,No unique independent dated result
2024-410,Monte Carlo Masters,Clay,64.0,M,O,20240408,17.0,Z371,,,Zhizhen Zhang,R,193.0,CHN,27.477,49.0,1005.0,GC88,,,Marcos Giron,R,180.0,USA,30.708,48.0,1030.0,6-4 3-6 6-3,3,R64,124.0,5.0,2.0,104.0,72.0,49.0,16.0,14.0,7.0,9.0,5.0,0.0,78.0,40.0,27.0,24.0,14.0,2.0,5.0,No unique independent dated result
2024-410,Monte Carlo Masters,Clay,64.0,M,O,20240408,35.0,HH26,14.0,,Ugo Humbert,L,188.0,FRA,25.785,15.0,2425.0,Z371,,,Zhizhen Zhang,R,193.0,CHN,27.477,49.0,1005.0,6-1 6-4,3,R32,73.0,4.0,2.0,53.0,24.0,22.0,16.0,9.0,3.0,3.0,4.0,5.0,50.0,32.0,20.0,7.0,8.0,3.0,6.0,No unique independent dated result
2024-425,Barcelona,Clay,64.0,500,O,20240415,16.0,V0DZ,,,Luca Van Assche,R,178.0,FRA,19.929,99.0,625.0,Z371,,,Zhizhen Zhang,R,193.0,CHN,27.496,47.0,1044.0,7-5 6-2,3,R64,94.0,0.0,2.0,67.0,41.0,28.0,10.0,10.0,5.0,8.0,2.0,0.0,63.0,38.0,20.0,10.0,10.0,1.0,7.0,No unique independent dated result
2024-1536,Madrid Masters,Clay,128.0,M,O,20240422,25.0,KI95,,,Miomir Kecmanovic,R,183.0,SRB,24.643,66.0,830.0,Z371,,,Zhizhen Zhang,R,193.0,CHN,27.515,49.0,1038.0,6-3 6-2,3,R128,68.0,4.0,1.0,55.0,37.0,30.0,9.0,9.0,2.0,2.0,1.0,2.0,48.0,34.0,20.0,7.0,8.0,3.0,6.0,No unique independent dated result
2024-1536,Madrid Masters,Clay,128.0,M,O,20240422,83.0,C0AU,21.0,,Francisco Cerundolo,R,185.0,ARG,25.692,22.0,1680.0,Z355,4.0,,Alexander Zverev,R,198.0,GER,27.006,5.0,5425.0,6-3 6-4,3,R16,89.0,1.0,1.0,64.0,42.0,33.0,12.0,10.0,2.0,2.0,1.0,0.0,51.0,40.0,28.0,5.0,9.0,1.0,3.0,No unique independent dated result
2024-416,Rome Masters,Clay,128.0,M,O,20240506,27.0,Z371,,,Zhizhen Zhang,R,193.0,CHN,27.554,56.0,868.0,GE33,,,Daniel Elahi Galan,R,191.0,COL,27.882,90.0,656.0,6-2 7-5,3,R128,103.0,3.0,2.0,73.0,43.0,28.0,17.0,10.0,10.0,12.0,3.0,0.0,57.0,27.0,18.0,12.0,10.0,3.0,8.0,No unique independent dated result
2024-416,Rome Masters,Clay,128.0,M,O,20240506,59.0,Z371,,,Zhizhen Zhang,R,193.0,CHN,27.554,56.0,868.0,ME82,19.0,,Adrian Mannarino,L,180.0,FRA,35.852,21.0,1875.0,6-1 6-3,3,R64,71.0,4.0,2.0,49.0,30.0,24.0,11.0,8.0,1.0,1.0,2.0,1.0,45.0,20.0,11.0,10.0,8.0,0.0,4.0,No unique independent dated result
2024-416,Rome Masters,Clay,128.0,M,O,20240506,78.0,Z371,,,Zhizhen Zhang,R,193.0,CHN,27.554,56.0,868.0,S0S1,12.0,,Ben Shelton,L,193.0,USA,21.574,14.0,2460.0,6-2 6-4,3,R32,71.0,2.0,1.0,51.0,27.0,20.0,18.0,9.0,2.0,2.0,4.0,6.0,52.0,33.0,23.0,8.0,9.0,5.0,8.0,No unique independent dated result
2024-416,Rome Masters,Clay,128.0,M,O,20240506,87.0,Z371,,,Zhizhen Zhang,R,193.0,CHN,27.554,56.0,868.0,MJ08,,Q,Thiago Monteiro,L,183.0,BRA,29.933,106.0,590.0,7-6(4) 6-3,3,R16,116.0,10.0,2.0,77.0,34.0,28.0,26.0,11.0,4.0,4.0,6.0,3.0,66.0,38.0,27.0,18.0,10.0,4.0,5.0,No unique independent dated result
2024-416,Rome Masters,Clay,128.0,M,O,20240506,92.0,TE30,29.0,,Alejandro Tabilo,L,188.0,CHI,26.927,32.0,1320.0,Z371,,,Zhizhen Zhang,R,193.0,CHN,27.554,56.0,868.0,6-3 6-4,3,QF,86.0,7.0,3.0,64.0,40.0,33.0,11.0,10.0,2.0,2.0,4.0,2.0,60.0,30.0,24.0,13.0,9.0,3.0,5.0,No unique independent dated result
2024-322,Geneva,Clay,32.0,250,O,20240520,3.0,B0BI,5.0,,Sebastian Baez,R,170.0,ARG,23.392,20.0,1985.0,N897,,,Sumit Nagal,R,178.0,IND,26.76,94.0,646.0,7-6(7) 6-3,3,R32,99.0,2.0,1.0,71.0,55.0,40.0,10.0,11.0,0.0,1.0,0.0,0.0,59.0,43.0,30.0,10.0,10.0,1.0,3.0,No unique independent dated result
2024-520,Roland Garros,Clay,128.0,G,O,20240526,5.0,Z371,,,Zhizhen Zhang,R,193.0,CHN,27.608,44.0,1056.0,V832,,,Aleksandar Vukic,R,188.0,AUS,28.137,89.0,672.0,6-4 4-6 6-3 7-5,5,R128,166.0,18.0,2.0,112.0,69.0,57.0,25.0,21.0,1.0,3.0,17.0,1.0,134.0,72.0,53.0,30.0,20.0,8.0,12.0,No unique independent dated result
2024-520,Roland Garros,Clay,128.0,G,O,20240526,80.0,Z371,,,Zhizhen Zhang,R,193.0,CHN,27.608,44.0,1056.0,SU87,,,Lorenzo Sonego,R,191.0,ITA,29.043,49.0,991.0,7-5 3-6 6-1 6-4,5,R64,197.0,17.0,2.0,127.0,75.0,60.0,24.0,19.0,5.0,8.0,7.0,5.0,132.0,83.0,54.0,23.0,19.0,5.0,11.0,No unique independent dated result
2024-520,Roland Garros,Clay,128.0,G,O,20240526,99.0,TE51,9.0,,Stefanos Tsitsipas,R,193.0,GRE,25.788,9.0,3700.0,Z371,,,Zhizhen Zhang,R,193.0,CHN,27.608,44.0,1056.0,6-3 6-3 6-1,5,R32,91.0,4.0,0.0,64.0,46.0,38.0,14.0,13.0,0.0,0.0,2.0,1.0,73.0,46.0,28.0,12.0,12.0,1.0,6.0,No unique independent dated result
2024-321,Stuttgart,Grass,28.0,250,O,20240610,2.0,KE73,,,Dominik Koepfer,L,180.0,GER,30.116,65.0,801.0,Z371,,,Zhizhen Zhang,R,193.0,CHN,27.65,44.0,1066.0,4-6 7-6(5) 7-6(6),3,R32,156.0,12.0,8.0,119.0,68.0,46.0,30.0,17.0,6.0,9.0,13.0,3.0,112.0,68.0,51.0,25.0,17.0,5.0,7.0,No unique independent dated result
2024-500,Halle,Grass,32.0,500,O,20240617,3.0,Z371,,,Zhizhen Zhang,R,193.0,CHN,27.669,42.0,1066.0,O513,,,Sebastian Ofner,R,191.0,AUT,28.099,52.0,933.0,7-6(8) 6-7(3) 6-4,3,R32,141.0,23.0,3.0,111.0,75.0,59.0,20.0,17.0,0.0,0.0,21.0,3.0,121.0,72.0,55.0,31.0,17.0,6.0,7.0,No unique independent dated result
2024-500,Halle,Grass,32.0,500,O,20240617,19.0,Z371,,,Zhizhen Zhang,R,193.0,CHN,27.669,42.0,1066.0,MM58,3.0,,Daniil Medvedev,R,198.0,RUS,28.348,5.0,6485.0,6-3 2-6 7-6(5),3,R16,125.0,12.0,4.0,106.0,71.0,51.0,17.0,15.0,2.0,5.0,13.0,5.0,92.0,58.0,47.0,15.0,14.0,3.0,5.0,No unique independent dated result
2024-500,Halle,Grass,32.0,500,O,20240617,28.0,Z371,,,Zhizhen Zhang,R,193.0,CHN,27.669,42.0,1066.0,E865,,,Christopher Eubanks,R,201.0,USA,28.118,44.0,1005.0,6-4 4-6 7-5,3,QF,111.0,10.0,2.0,84.0,55.0,43.0,18.0,16.0,0.0,2.0,18.0,0.0,87.0,68.0,52.0,7.0,16.0,1.0,4.0,No unique independent dated result
2024-500,Halle,Grass,32.0,500,O,20240617,30.0,S0AG,1.0,,Jannik Sinner,R,191.0,ITA,22.836,1.0,9480.0,Z371,,,Zhizhen Zhang,R,193.0,CHN,27.669,42.0,1066.0,6-4 7-6(3),3,SF,99.0,8.0,1.0,66.0,43.0,35.0,14.0,11.0,1.0,1.0,9.0,2.0,73.0,49.0,39.0,8.0,11.0,0.0,1.0,No unique independent dated result
2024-741,Eastbourne,Grass,28.0,250,O,20240624,9.0,KI95,,,Miomir Kecmanovic,R,183.0,SRB,24.816,53.0,920.0,Z371,,,Zhizhen Zhang,R,193.0,CHN,27.688,33.0,1256.0,6-2 7-6(2),3,R32,85.0,9.0,2.0,77.0,48.0,37.0,16.0,10.0,4.0,4.0,9.0,3.0,61.0,46.0,30.0,8.0,10.0,0.0,2.0,No unique independent dated result
2024-540,Wimbledon,Grass,128.0,G,O,20240701,10.0,Z371,32.0,,Zhizhen Zhang,R,193.0,CHN,27.707,38.0,1221.0,J620,,Q,Maxime Janvier,R,196.0,FRA,27.702,225.0,269.0,7-6(4) 6-3 6-2,5,R128,117.0,14.0,1.0,97.0,58.0,46.0,22.0,15.0,4.0,5.0,6.0,0.0,87.0,64.0,41.0,12.0,14.0,3.0,7.0,No unique independent dated result
2024-540,Wimbledon,Grass,128.0,G,O,20240701,75.0,SL28,,,Jan-Lennard Struff,R,193.0,GER,34.185,41.0,1135.0,Z371,,,Zhizhen Zhang,R,193.0,CHN,27.707,38.0,1221.0,5-7 6-3 7-6(1) 7-6(8),5,R64,173.0,20.0,9.0,137.0,74.0,62.0,39.0,23.0,4.0,6.0,19.0,2.0,146.0,96.0,79.0,22.0,22.0,8.0,10.0,No unique independent dated result
2024-414,Hamburg,Clay,32.0,500,O,20240715,7.0,S0H2,,,Alexander Shevchenko,R,188.0,KAZ,23.625,56.0,860.0,M0AC,,WC,Rudolf Molleker,R,188.0,GER,23.718,197.0,309.0,6-4 4-6 6-4,3,R32,123.0,10.0,3.0,93.0,53.0,37.0,20.0,15.0,6.0,10.0,6.0,3.0,102.0,63.0,40.0,18.0,15.0,5.0,10.0,No unique independent dated result
2024-414,Hamburg,Clay,32.0,500,O,20240715,13.0,Z371,8.0,,Zhizhen Zhang,R,193.0,CHN,27.745,34.0,1261.0,SX91,,,Thiago Seyboth Wild,R,185.0,BRA,24.348,72.0,755.0,7-6(6) 6-0,3,R32,99.0,6.0,2.0,64.0,36.0,28.0,16.0,9.0,2.0,3.0,1.0,2.0,70.0,42.0,23.0,13.0,9.0,5.0,9.0,No unique independent dated result
2024-414,Hamburg,Clay,32.0,500,O,20240715,23.0,Z371,8.0,,Zhizhen Zhang,R,193.0,CHN,27.745,34.0,1261.0,C0E9,,,Flavio Cobolli,R,183.0,ITA,22.193,48.0,1000.0,6-1 7-6(5),3,R16,75.0,3.0,1.0,50.0,30.0,27.0,10.0,9.0,1.0,2.0,6.0,2.0,67.0,45.0,28.0,10.0,10.0,3.0,7.0,No unique independent dated result
2024-414,Hamburg,Clay,32.0,500,O,20240715,28.0,Z355,1.0,,Alexander Zverev,R,198.0,GER,27.236,4.0,7015.0,Z371,8.0,,Zhizhen Zhang,R,193.0,CHN,27.745,34.0,1261.0,6-4 6-3,3,QF,66.0,10.0,2.0,45.0,33.0,29.0,7.0,9.0,0.0,0.0,3.0,0.0,54.0,35.0,25.0,9.0,10.0,1.0,4.0,No unique independent dated result
2024-96,Paris Olympics,Clay,64.0,O,O,20240729,10.0,M0FH,,,Tomas Machac,R,183.0,CZE,23.792,39.0,1229.0,Z371,,ITF,Zhizhen Zhang,R,193.0,CHN,27.784,41.0,1181.0,6-2 4-6 6-2,3,R64,,4.0,0.0,69.0,65.0,44.0,3.0,13.0,4.0,7.0,1.0,1.0,84.0,81.0,46.0,0.0,13.0,6.0,12.0,No unique independent dated result
2024-422,Cincinnati Masters,Hard,56.0,M,O,20240812,3.0,Z371,,,Zhizhen Zhang,R,193.0,CHN,27.822,44.0,1161.0,M0GZ,,,Giovanni Mpetshi Perricard,R,203.0,FRA,21.098,48.0,1052.0,6-3 7-6(4),3,R64,79.0,6.0,2.0,51.0,25.0,19.0,21.0,10.0,0.0,1.0,13.0,10.0,69.0,39.0,27.0,13.0,11.0,0.0,3.0,No unique independent dated result
2024-422,Cincinnati Masters,Hard,56.0,M,O,20240812,34.0,RE44,6.0,,Andrey Rublev,R,188.0,RUS,26.812,6.0,4615.0,Z371,,,Zhizhen Zhang,R,193.0,CHN,27.822,44.0,1161.0,6-4 6-3,3,R32,60.0,10.0,0.0,49.0,34.0,29.0,11.0,10.0,0.0,0.0,6.0,4.0,55.0,32.0,26.0,8.0,9.0,1.0,3.0,No unique independent dated result
2024-M-DC-2024-FLS-1-M-A-BEL-BRA-01,Davis Cup Finals RR: BEL vs BRA,Hard,2.0,D,,20240914,1.0,F0FV,,,Joao Fonseca,R,188.0,BRA,18.067,158.0,374.0,C0JP,,,Raphael Collignon,R,191.0,BEL,22.669,194.0,309.0,6-3 6-7(2) 6-3,3,RR,111.0,7.0,0.0,92.0,68.0,53.0,14.0,15.0,2.0,2.0,5.0,8.0,90.0,60.0,43.0,19.0,15.0,12.0,14.0,No unique independent dated result
2024-M-DC-2024-FLS-1-M-A-BEL-BRA-01,Davis Cup Finals RR: BEL vs BRA,Hard,2.0,D,,20240914,2.0,MJ08,,,Thiago Monteiro,L,183.0,BRA,30.292,76.0,720.0,BU13,,,Zizou Bergs,R,185.0,BEL,25.284,72.0,747.0,4-6 7-6(5) 7-5,3,RR,164.0,4.0,2.0,104.0,65.0,51.0,25.0,17.0,6.0,7.0,10.0,4.0,97.0,61.0,52.0,21.0,17.0,1.0,2.0,No unique independent dated result
2024-M-DC-2024-FLS-1-M-A-ITA-BEL-01,Davis Cup Finals RR: ITA vs BEL,Hard,2.0,D,,20240913,1.0,BK40,,,Matteo Berrettini,R,196.0,ITA,28.422,43.0,1165.0,B0PG,,,Alexander Blockx,R,193.0,BEL,19.433,253.0,224.0,3-6 6-2 7-5,3,RR,118.0,5.0,0.0,73.0,50.0,43.0,12.0,15.0,3.0,4.0,4.0,1.0,91.0,57.0,42.0,15.0,14.0,4.0,7.0,No unique independent dated result
2024-M-DC-2024-FLS-1-M-A-ITA-BEL-01,Davis Cup Finals RR: ITA vs BEL,Hard,2.0,D,,20240913,2.0,BU13,,,Zizou Bergs,R,185.0,BEL,25.281,72.0,747.0,C0E9,,,Flavio Cobolli,R,183.0,ITA,22.357,32.0,1482.0,6-3 6-7(5) 6-0,3,RR,147.0,11.0,3.0,85.0,57.0,45.0,12.0,14.0,3.0,5.0,10.0,4.0,111.0,64.0,38.0,20.0,13.0,9.0,15.0,No unique independent dated result
2024-M-DC-2024-FLS-1-M-A-ITA-BRA-01,Davis Cup Finals RR: ITA vs BRA,Hard,2.0,D,,20240911,1.0,BK40,,,Matteo Berrettini,R,196.0,ITA,28.416,43.0,1165.0,F0FV,,,Joao Fonseca,R,188.0,BRA,18.059,158.0,374.0,6-1 7-6(5),3,RR,82.0,10.0,2.0,63.0,43.0,35.0,8.0,10.0,1.0,2.0,4.0,1.0,60.0,36.0,25.0,9.0,9.0,4.0,7.0,No unique independent dated result
2024-M-DC-2024-FLS-1-M-A-ITA-BRA-01,Davis Cup Finals RR: ITA vs BRA,Hard,2.0,D,,20240911,2.0,A0FC,,,Matteo Arnaldi,R,185.0,ITA,23.551,33.0,1390.0,MJ08,,,Thiago Monteiro,L,183.0,BRA,30.283,76.0,720.0,7-5 6-7(4) 7-6(5),3,RR,219.0,8.0,2.0,131.0,81.0,55.0,30.0,18.0,3.0,4.0,10.0,2.0,124.0,91.0,66.0,20.0,18.0,6.0,8.0,No unique independent dated result
2024-M-DC-2024-FLS-1-M-A-ITA-NED-01,Davis Cup Finals RR: ITA vs NED,Hard,2.0,D,,20240915,1.0,BK40,,,Matteo Berrettini,R,196.0,ITA,28.427,43.0,1165.0,V812,,,Botic van de Zandschulp,R,191.0,NED,28.95,68.0,794.0,3-6 6-4 6-4,3,RR,142.0,11.0,0.0,91.0,68.0,50.0,8.0,15.0,1.0,3.0,4.0,2.0,101.0,71.0,50.0,15.0,14.0,9.0,12.0,No unique independent dated result
2024-M-DC-2024-FLS-1-M-A-ITA-NED-01,Davis Cup Finals RR: ITA vs NED,Hard,2.0,D,,20240915,2.0,C0E9,,,Flavio Cobolli,R,183.0,ITA,22.363,32.0,1482.0,GJ37,,,Tallon Griekspoor,R,188.0,NED,28.205,38.0,1300.0,7-6(4) 4-6 6-3,3,RR,127.0,6.0,2.0,101.0,69.0,52.0,21.0,16.0,2.0,3.0,8.0,1.0,88.0,62.0,51.0,13.0,15.0,2.0,3.0,No unique independent dated result
2024-M-DC-2024-FLS-1-M-A-NED-BEL-01,Davis Cup Finals RR: NED vs BEL,Hard,2.0,D,,20240910,1.0,V812,,,Botic van de Zandschulp,R,191.0,NED,28.936,68.0,794.0,C0JP,,,Raphael Collignon,R,191.0,BEL,22.658,194.0,309.0,7-5 7-6(6),3,RR,119.0,2.0,3.0,81.0,57.0,40.0,16.0,12.0,3.0,4.0,4.0,3.0,75.0,58.0,45.0,9.0,12.0,2.0,4.0,No unique independent dated result
2024-M-DC-2024-FLS-1-M-A-NED-BEL-01,Davis Cup Finals RR: NED vs BEL,Hard,2.0,D,,20240910,2.0,BU13,,,Zizou Bergs,R,185.0,BEL,25.273,72.0,747.0,GJ37,,,Tallon Griekspoor,R,188.0,NED,28.192,39.0,1300.0,6-2 6-7(2) 6-3,3,RR,132.0,20.0,1.0,84.0,54.0,44.0,20.0,15.0,1.0,1.0,6.0,1.0,90.0,67.0,45.0,13.0,14.0,4.0,7.0,No unique independent dated result
2024-M-DC-2024-FLS-1-M-A-NED-BRA-01,Davis Cup Finals RR: NED vs BRA,Hard,2.0,D,,20240912,1.0,F0FV,,,Joao Fonseca,R,188.0,BRA,18.062,158.0,374.0,V812,,,Botic van de Zandschulp,R,191.0,NED,28.942,68.0,794.0,6-4 7-6(3),3,RR,92.0,8.0,0.0,61.0,50.0,42.0,8.0,11.0,0.0,0.0,4.0,4.0,76.0,53.0,42.0,9.0,11.0,2.0,3.0,No unique independent dated result
2024-M-DC-2024-FLS-1-M-A-NED-BRA-01,Davis Cup Finals RR: NED vs BRA,Hard,2.0,D,,20240912,2.0,GJ37,,,Tallon Griekspoor,R,188.0,NED,28.197,39.0,1300.0,MJ08,,,Thiago Monteiro,L,183.0,BRA,30.286,76.0,720.0,7-6(2) 6-4,3,RR,88.0,14.0,0.0,58.0,46.0,42.0,6.0,11.0,0.0,0.0,9.0,0.0,67.0,44.0,30.0,18.0,11.0,3.0,4.0,No unique independent dated result
2024-M-DC-2024-FLS-2-M-B-AUS-CZE-01,Davis Cup Finals RR: AUS vs CZE,Hard,2.0,D,,20240912,1.0,KD46,,,Thanasi Kokkinakis,R,193.0,AUS,28.424,78.0,712.0,M0NI,,,Jakub Mensik,R,196.0,CZE,19.031,67.0,797.0,6-2 6-7(2) 6-3,3,RR,141.0,19.0,3.0,84.0,57.0,47.0,15.0,15.0,3.0,4.0,14.0,3.0,106.0,58.0,39.0,25.0,14.0,9.0,13.0,No unique independent dated result
2024-M-DC-2024-FLS-2-M-B-AUS-ESP-01,Davis Cup Finals RR: AUS vs ESP,Hard,2.0,D,,20240915,1.0,CD85,,,Pablo Carreno Busta,R,188.0,ESP,33.18,204.0,287.0,TC61,,,Jordan Thompson,R,183.0,AUS,30.407,29.0,1566.0,2-6 6-2 7-6(3),3,RR,156.0,5.0,0.0,88.0,55.0,37.0,21.0,14.0,1.0,4.0,18.0,1.0,84.0,56.0,45.0,12.0,14.0,6.0,9.0,No unique independent dated result
2024-M-DC-2024-FLS-2-M-B-AUS-ESP-01,Davis Cup Finals RR: AUS vs ESP,Hard,2.0,D,,20240915,2.0,P09Z,,,Alexei Popyrin,R,196.0,AUS,25.114,24.0,1825.0,MO44,,,Pedro Martinez,R,185.0,ESP,27.389,42.0,1167.0,6-4 6-4,3,RR,89.0,9.0,2.0,67.0,43.0,33.0,13.0,10.0,3.0,3.0,2.0,2.0,55.0,34.0,23.0,13.0,10.0,0.0,2.0,No unique independent dated result
2024-M-DC-2024-FLS-2-M-B-AUS-FRA-01,Davis Cup Finals RR: AUS vs FRA,Hard,2.0,D,,20240910,1.0,KD46,,,Thanasi Kokkinakis,R,193.0,AUS,28.419,78.0,712.0,F0F1,,,Arthur Fils,R,185.0,FRA,20.246,25.0,1775.0,7-6(4) 7-6(3),3,RR,128.0,8.0,3.0,87.0,48.0,39.0,23.0,12.0,7.0,8.0,9.0,3.0,73.0,48.0,41.0,12.0,12.0,1.0,2.0,No unique independent dated result
2024-M-DC-2024-FLS-2-M-B-AUS-FRA-01,Davis Cup Finals RR: AUS vs FRA,Hard,2.0,D,,20240910,2.0,HH26,,,Ugo Humbert,L,188.0,FRA,26.209,18.0,2370.0,P09Z,,,Alexei Popyrin,R,196.0,AUS,25.101,24.0,1825.0,6-3 6-2,3,RR,71.0,5.0,1.0,51.0,35.0,28.0,8.0,9.0,3.0,4.0,4.0,1.0,53.0,37.0,22.0,6.0,8.0,3.0,7.0,No unique independent dated result
2024-M-DC-2024-FLS-2-M-B-CZE-ESP-01,Davis Cup Finals RR: CZE vs ESP,Hard,2.0,D,,20240911,1.0,BD06,,,Roberto Bautista Agut,R,183.0,ESP,36.411,62.0,841.0,L0BV,,,Jiri Lehecka,R,185.0,CZE,22.842,37.0,1345.0,7-6(1) 6-4,3,RR,108.0,5.0,0.0,70.0,50.0,36.0,11.0,11.0,2.0,4.0,10.0,2.0,71.0,42.0,32.0,10.0,11.0,5.0,8.0,No unique independent dated result
2024-M-DC-2024-FLS-2-M-B-CZE-FRA-01,Davis Cup Finals RR: CZE vs FRA,Hard,2.0,D,,20240914,1.0,M0NI,,,Jakub Mensik,R,196.0,CZE,19.036,67.0,797.0,RC91,,,Arthur Rinderknech,R,196.0,FRA,29.147,58.0,875.0,2-6 6-3 7-5,3,RR,122.0,14.0,1.0,87.0,57.0,43.0,16.0,15.0,4.0,6.0,8.0,1.0,72.0,52.0,41.0,9.0,14.0,1.0,3.0,No unique independent dated result
2024-M-DC-2024-FLS-2-M-B-CZE-FRA-01,Davis Cup Finals RR: CZE vs FRA,Hard,2.0,D,,20240914,2.0,F0F1,,,Arthur Fils,R,185.0,FRA,20.257,25.0,1775.0,L0BV,,,Jiri Lehecka,R,185.0,CZE,22.85,37.0,1345.0,6-7(5) 7-5 6-4,3,RR,139.0,13.0,4.0,111.0,66.0,50.0,25.0,17.0,5.0,7.0,15.0,2.0,107.0,69.0,49.0,18.0,17.0,4.0,8.0,No unique independent dated result
2024-M-DC-2024-FLS-2-M-B-FRA-ESP-01,Davis Cup Finals RR: FRA vs ESP,Hard,2.0,D,,20240913,1.0,BD06,,,Roberto Bautista Agut,R,183.0,ESP,36.416,62.0,841.0,F0F1,,,Arthur Fils,R,185.0,FRA,20.255,25.0,1775.0,2-6 7-5 6-3,3,RR,174.0,4.0,1.0,125.0,87.0,54.0,18.0,15.0,11.0,15.0,13.0,4.0,79.0,47.0,36.0,13.0,14.0,6.0,10.0,No unique independent dated result
2024-M-DC-2024-FLS-2-M-B-FRA-ESP-01,Davis Cup Finals RR: FRA vs ESP,Hard,2.0,D,,20240913,2.0,A0E2,,,Carlos Alcaraz,R,183.0,ESP,21.361,3.0,6690.0,HH26,,,Ugo Humbert,L,188.0,FRA,26.218,18.0,2370.0,6-3 6-3,3,RR,80.0,5.0,1.0,51.0,31.0,25.0,14.0,9.0,6.0,6.0,3.0,1.0,58.0,40.0,25.0,9.0,9.0,4.0,7.0,No unique independent dated result
2024-M-DC-2024-FLS-3-M-C-GER-CHI-01,Davis Cup Finals RR: GER vs CHI,Hard,2.0,D,,20240912,1.0,MN13,,,Maximilian Marterer,L,188.0,GER,29.246,104.0,543.0,BS86,,,Tomas Barrios Vera,R,191.0,CHI,26.757,162.0,370.0,6-1 6-3,3,RR,84.0,11.0,0.0,50.0,34.0,28.0,8.0,8.0,4.0,4.0,3.0,0.0,50.0,34.0,18.0,7.0,8.0,2.0,6.0,No unique independent dated result
2024-M-DC-2024-FLS-3-M-C-GER-CHI-01,Davis Cup Finals RR: GER vs CHI,Hard,2.0,D,,20240912,2.0,H997,,,Yannick Hanfmann,R,193.0,GER,32.832,96.0,594.0,TE30,,,Alejandro Tabilo,L,188.0,CHI,27.28,22.0,1963.0,7-5 6-4,3,RR,98.0,13.0,1.0,66.0,51.0,41.0,7.0,11.0,1.0,1.0,11.0,2.0,73.0,51.0,34.0,13.0,11.0,3.0,5.0,No unique independent dated result
2024-M-DC-2024-FLS-3-M-C-GER-SVK-01,Davis Cup Finals RR: GER vs SVK,Hard,2.0,D,,20240910,1.0,MN13,,,Maximilian Marterer,L,188.0,GER,29.24,104.0,543.0,KI63,,,Lukas Klein,R,193.0,SVK,26.472,128.0,468.0,6-4 7-5,3,RR,91.0,6.0,0.0,61.0,37.0,29.0,17.0,11.0,1.0,1.0,9.0,0.0,57.0,37.0,31.0,8.0,11.0,0.0,2.0,No unique independent dated result
2024-M-DC-2024-FLS-3-M-C-GER-SVK-01,Davis Cup Finals RR: GER vs SVK,Hard,2.0,D,,20240910,2.0,H997,,,Yannick Hanfmann,R,193.0,GER,32.827,96.0,594.0,KC04,,,Jozef Kovalik,R,183.0,SVK,31.849,114.0,511.0,3-6 6-3 7-6(3),3,RR,135.0,13.0,1.0,93.0,69.0,53.0,12.0,15.0,6.0,8.0,8.0,2.0,88.0,54.0,44.0,18.0,15.0,3.0,5.0,No unique independent dated result
2024-M-DC-2024-FLS-3-M-C-GER-USA-01,Davis Cup Finals RR: GER vs USA,Hard,2.0,D,,20240914,1.0,O522,,,Reilly Opelka,R,211.0,USA,27.047,309.0,167.0,S0AK,,,Henri Squire,R,196.0,GER,23.964,187.0,314.0,6-7(4) 7-6(9) 6-3,3,RR,142.0,33.0,1.0,97.0,70.0,61.0,22.0,17.0,2.0,2.0,18.0,5.0,100.0,65.0,57.0,20.0,16.0,2.0,3.0,No unique independent dated result
2024-M-DC-2024-FLS-3-M-C-GER-USA-01,Davis Cup Finals RR: GER vs USA,Hard,2.0,D,,20240914,2.0,N0AE,,,Brandon Nakashima,R,188.0,USA,23.116,40.0,1295.0,MN13,,,Maximilian Marterer,L,188.0,GER,29.251,104.0,543.0,6-4 6-2,3,RR,86.0,9.0,1.0,45.0,33.0,28.0,8.0,9.0,0.0,0.0,6.0,2.0,73.0,48.0,30.0,10.0,9.0,8.0,11.0,No unique independent dated result
2024-M-DC-2024-FLS-3-M-C-SVK-CHI-01,Davis Cup Finals RR: SVK vs CHI,Hard,2.0,D,,20240915,1.0,GD64,,,Cristian Garin,R,185.0,CHI,28.296,114.0,508.0,GB93,,,Norbert Gombos,R,193.0,SVK,34.092,407.0,114.0,2-6 6-1 6-2,3,RR,95.0,10.0,3.0,62.0,46.0,34.0,9.0,12.0,2.0,4.0,4.0,3.0,61.0,36.0,24.0,11.0,11.0,1.0,5.0,No unique independent dated result
2024-M-DC-2024-FLS-3-M-C-SVK-CHI-01,Davis Cup Finals RR: SVK vs CHI,Hard,2.0,D,,20240915,2.0,KC04,,,Jozef Kovalik,R,183.0,SVK,31.863,117.0,500.0,TE30,,,Alejandro Tabilo,L,188.0,CHI,27.288,22.0,1963.0,6-4 6-7(5) 6-1,3,RR,123.0,6.0,3.0,100.0,66.0,50.0,19.0,15.0,1.0,2.0,9.0,3.0,78.0,50.0,36.0,14.0,14.0,2.0,6.0,No unique independent dated result
2024-M-DC-2024-FLS-3-M-C-USA-CHI-01,Davis Cup Finals RR: USA vs CHI,Hard,2.0,D,,20240911,1.0,O522,,,Reilly Opelka,R,211.0,USA,27.039,309.0,167.0,GD64,,,Cristian Garin,R,185.0,CHI,28.285,116.0,508.0,6-3 4-6 7-6(3),3,RR,146.0,27.0,4.0,98.0,68.0,53.0,14.0,16.0,4.0,5.0,6.0,3.0,91.0,69.0,53.0,12.0,15.0,2.0,4.0,No unique independent dated result
2024-M-DC-2024-FLS-3-M-C-USA-CHI-01,Davis Cup Finals RR: USA vs CHI,Hard,2.0,D,,20240911,2.0,N0AE,,,Brandon Nakashima,R,188.0,USA,23.107,40.0,1295.0,TE30,,,Alejandro Tabilo,L,188.0,CHI,27.277,22.0,1963.0,7-6(5) 2-6 7-6(3),3,RR,164.0,18.0,2.0,119.0,80.0,55.0,21.0,16.0,7.0,9.0,27.0,4.0,107.0,69.0,58.0,18.0,16.0,7.0,7.0,No unique independent dated result
2024-M-DC-2024-FLS-3-M-C-USA-SVK-01,Davis Cup Finals RR: USA vs SVK,Hard,2.0,D,,20240913,1.0,MK66,,,Mackenzie McDonald,R,178.0,USA,29.413,149.0,387.0,KI63,,,Lukas Klein,R,193.0,SVK,26.48,128.0,468.0,6-4 6-3,3,RR,76.0,5.0,1.0,57.0,35.0,23.0,16.0,10.0,2.0,3.0,3.0,4.0,58.0,36.0,27.0,5.0,9.0,2.0,6.0,No unique independent dated result
2024-M-DC-2024-FLS-3-M-C-USA-SVK-01,Davis Cup Finals RR: USA vs SVK,Hard,2.0,D,,20240913,2.0,N0AE,,,Brandon Nakashima,R,188.0,USA,23.113,40.0,1295.0,KC04,,,Jozef Kovalik,R,183.0,SVK,31.858,114.0,511.0,6-3 6-3,3,RR,74.0,8.0,1.0,46.0,35.0,28.0,8.0,9.0,0.0,0.0,2.0,5.0,61.0,34.0,21.0,13.0,9.0,3.0,6.0,No unique independent dated result
2024-M-DC-2024-FLS-4-M-D-CAN-ARG-01,Davis Cup Finals RR: CAN vs ARG,Hard,2.0,D,,20240910,1.0,SU55,,,Denis Shapovalov,L,185.0,CAN,25.407,100.0,560.0,C0AU,,,Francisco Cerundolo,R,185.0,ARG,26.078,31.0,1500.0,7-5 6-3,3,RR,96.0,6.0,4.0,71.0,44.0,32.0,14.0,11.0,4.0,6.0,0.0,2.0,56.0,41.0,24.0,5.0,10.0,0.0,4.0,No unique independent dated result
2024-M-DC-2024-FLS-4-M-D-CAN-ARG-01,Davis Cup Finals RR: CAN vs ARG,Hard,2.0,D,,20240910,2.0,AG37,,,Felix Auger-Aliassime,R,193.0,CAN,24.09,21.0,2170.0,B0BI,,,Sebastian Baez,R,170.0,ARG,23.702,26.0,1760.0,6-3 6-3,3,RR,86.0,7.0,3.0,51.0,32.0,25.0,8.0,9.0,2.0,4.0,0.0,1.0,75.0,54.0,27.0,10.0,9.0,7.0,12.0,No unique independent dated result
2024-M-DC-2024-FLS-4-M-D-CAN-FIN-01,Davis Cup Finals RR: CAN vs FIN,Hard,2.0,D,,20240912,1.0,SU55,,,Denis Shapovalov,L,185.0,CAN,25.413,100.0,560.0,V993,,,Eero Vasa,R,185.0,FIN,27.611,703.0,39.0,7-6(2) 6-2,3,RR,74.0,5.0,1.0,51.0,33.0,28.0,13.0,10.0,1.0,2.0,3.0,4.0,67.0,44.0,26.0,10.0,10.0,3.0,6.0,No unique independent dated result
2024-M-DC-2024-FLS-4-M-D-CAN-FIN-01,Davis Cup Finals RR: CAN vs FIN,Hard,2.0,D,,20240912,2.0,AG37,,,Felix Auger-Aliassime,R,193.0,CAN,24.096,21.0,2170.0,V0AM,,,Otto Virtanen,R,193.0,FIN,23.228,110.0,521.0,6-2 6-3,3,RR,71.0,7.0,1.0,53.0,37.0,32.0,7.0,9.0,3.0,3.0,3.0,4.0,54.0,30.0,21.0,9.0,8.0,3.0,6.0,No unique independent dated result
2024-M-DC-2024-FLS-4-M-D-CAN-GBR-01,Davis Cup Finals RR: CAN vs GBR,Hard,2.0,D,,20240915,1.0,SU55,,,Denis Shapovalov,L,185.0,CAN,25.421,101.0,560.0,E687,,,Daniel Evans,R,175.0,GBR,34.316,177.0,334.0,6-0 7-5,3,RR,81.0,6.0,2.0,47.0,35.0,31.0,7.0,9.0,2.0,2.0,2.0,2.0,56.0,33.0,22.0,9.0,9.0,1.0,5.0,No unique independent dated result
2024-M-DC-2024-FLS-4-M-D-CAN-GBR-01,Davis Cup Finals RR: CAN vs GBR,Hard,2.0,D,,20240915,2.0,AG37,,,Felix Auger-Aliassime,R,193.0,CAN,24.104,21.0,2170.0,D0CO,,,Jack Draper,L,193.0,GBR,22.732,20.0,2315.0,7-6(8) 7-5,3,RR,125.0,8.0,2.0,78.0,46.0,35.0,19.0,12.0,3.0,4.0,7.0,2.0,81.0,55.0,40.0,14.0,12.0,3.0,5.0,No unique independent dated result
2024-M-DC-2024-FLS-4-M-D-FIN-ARG-01,Davis Cup Finals RR: FIN vs ARG,Hard,2.0,D,,20240914,1.0,EA24,,,Tomas Martin Etcheverry,R,196.0,ARG,25.161,34.0,1390.0,V993,,,Eero Vasa,R,185.0,FIN,27.617,703.0,39.0,7-6(5) 6-3,3,RR,111.0,4.0,3.0,75.0,50.0,39.0,9.0,11.0,3.0,4.0,7.0,3.0,73.0,40.0,30.0,13.0,10.0,4.0,6.0,No unique independent dated result
2024-M-DC-2024-FLS-4-M-D-FIN-ARG-01,Davis Cup Finals RR: FIN vs ARG,Hard,2.0,D,,20240914,2.0,C0AU,,,Francisco Cerundolo,R,185.0,ARG,26.089,31.0,1500.0,V0AM,,,Otto Virtanen,R,193.0,FIN,23.233,110.0,521.0,6-7(4) 6-1 6-0,3,RR,105.0,1.0,3.0,79.0,49.0,41.0,19.0,13.0,4.0,4.0,11.0,6.0,81.0,51.0,34.0,11.0,12.0,6.0,11.0,No unique independent dated result
2024-M-DC-2024-FLS-4-M-D-FIN-GBR-01,Davis Cup Finals RR: FIN vs GBR,Hard,2.0,D,,20240911,1.0,E687,,,Daniel Evans,R,175.0,GBR,34.305,178.0,334.0,V993,,,Eero Vasa,R,185.0,FIN,27.608,703.0,39.0,7-6(3) 6-2,3,RR,98.0,1.0,0.0,59.0,36.0,33.0,12.0,10.0,2.0,2.0,6.0,4.0,79.0,49.0,32.0,12.0,10.0,4.0,6.0,No unique independent dated result
2024-M-DC-2024-FLS-4-M-D-FIN-GBR-01,Davis Cup Finals RR: FIN vs GBR,Hard,2.0,D,,20240911,2.0,HD68,,,Billy Harris,R,193.0,GBR,29.629,101.0,552.0,V0AM,,,Otto Virtanen,R,193.0,FIN,23.225,110.0,521.0,6-4 7-6(4),3,RR,102.0,3.0,1.0,64.0,49.0,40.0,7.0,11.0,2.0,3.0,9.0,3.0,81.0,49.0,31.0,19.0,11.0,7.0,9.0,No unique independent dated result
2024-M-DC-2024-FLS-4-M-D-GBR-ARG-01,Davis Cup Finals RR: GBR vs ARG,Hard,2.0,D,,20240913,1.0,EA24,,,Tomas Martin Etcheverry,R,196.0,ARG,25.158,34.0,1390.0,E687,,,Daniel Evans,R,175.0,GBR,34.311,178.0,334.0,6-2 7-5,3,RR,126.0,4.0,1.0,83.0,63.0,46.0,9.0,10.0,7.0,7.0,1.0,2.0,59.0,38.0,27.0,8.0,10.0,1.0,4.0,No unique independent dated result
2024-M-DC-2024-FLS-4-M-D-GBR-ARG-01,Davis Cup Finals RR: GBR vs ARG,Hard,2.0,D,,20240913,2.0,C0AU,,,Francisco Cerundolo,R,185.0,ARG,26.086,31.0,1500.0,D0CO,,,Jack Draper,L,193.0,GBR,22.727,20.0,2315.0,7-6(4) 7-5,3,RR,129.0,7.0,3.0,96.0,65.0,43.0,16.0,12.0,8.0,10.0,7.0,0.0,70.0,43.0,30.0,14.0,12.0,1.0,4.0,No unique independent dated result
2024-M-DC-2024-WG1-M-AUT-TUR-01,Davis Cup WG1 R1: AUT vs TUR,Clay,4.0,D,,20240913,1.0,R09X,,,Jurij Rodionov,L,191.0,AUT,25.331,170.0,348.0,E0AA,,,Yanki Erel,L,178.0,TUR,23.967,536.0,70.0,6-3 6-4,3,RR,,,,,,,,,,,,,,,,,,,,No unique independent dated result
2024-M-DC-2024-WG1-M-AUT-TUR-01,Davis Cup WG1 R1: AUT vs TUR,Clay,4.0,D,,20240913,2.0,N0CS,,,Lukas Neumayer,R,183.0,AUT,22.021,262.0,210.0,I306,,,Cem Ilkel,R,185.0,TUR,29.065,474.0,87.0,7-6(3) 6-2,3,RR,,,,,,,,,,,,,,,,,,,,No unique independent dated result
2024-M-DC-2024-WG1-M-AUT-TUR-01,Davis Cup WG1 R1: AUT vs TUR,Clay,4.0,D,,20240913,3.0,N0CS,,,Lukas Neumayer,R,183.0,AUT,22.021,262.0,210.0,I306,,,Cem Ilkel,R,185.0,TUR,29.065,474.0,87.0,7-6(3) 6-2,3,RR,,,,,,,,,,,,,,,,,,,,No unique independent dated result
2024-M-DC-2024-WG1-M-CRO-LTU-01,Davis Cup WG1 R1: CRO vs LTU,Hard,4.0,D,,20240913,1.0,GH92,,,Borna Gojo,R,196.0,CRO,26.543,439.0,98.0,G0FW,,,Vilius Gaubas,R,178.0,LTU,19.707,182.0,324.0,6-4 6-2,3,RR,,,,,,,,,,,,,,,,,,,,No unique independent dated result
2024-M-DC-2024-WG1-M-CRO-LTU-01,Davis Cup WG1 R1: CRO vs LTU,Hard,4.0,D,,20240913,2.0,A0CJ,,,Duje Ajdukovic,R,188.0,CRO,23.603,105.0,539.0,B0MM,,,Edas Butvilas,R,191.0,LTU,20.142,368.0,134.0,7-5 6-7(6) 6-2,3,RR,,,,,,,,,,,,,,,,,,,,No unique independent dated result
2024-M-DC-2024-WG1-M-CRO-LTU-01,Davis Cup WG1 R1: CRO vs LTU,Hard,4.0,D,,20240913,3.0,D0L3,,,Matej Dodig,R,188.0,CRO,19.154,291.0,182.0,G0FW,,,Vilius Gaubas,R,178.0,LTU,19.707,182.0,324.0,6-3 6-4,3,RR,,,,,,,,,,,,,,,,,,,,No unique independent dated result
2024-M-DC-2024-WG1-M-EGY-HUN-01,Davis Cup WG1 R1: EGY vs HUN,Clay,4.0,D,,20240913,1.0,P09O,,,Zsombor Piros,R,180.0,HUN,24.92,222.0,261.0,M0L0,,,Amr Elsayed Abdou Ah Mohamed,,,EGY,25.53,,,5-7 6-3 6-4,3,RR,,,,,,,,,,,,,,,,,,,,No unique independent dated result
2024-M-DC-2024-WG1-M-EGY-HUN-01,Davis Cup WG1 R1: EGY vs HUN,Clay,4.0,D,,20240913,2.0,SK47,,,Mohamed Safwat,R,180.0,EGY,33.985,415.0,110.0,VA70,,,Mate Valkusz,R,183.0,HUN,26.086,402.0,117.0,6-3 5-7 7-6(5),3,RR,,,,,,,,,,,,,,,,,,,,No unique independent dated result
2024-M-DC-2024-WG1-M-EGY-HUN-01,Davis Cup WG1 R1: EGY vs HUN,Clay,4.0,D,,20240913,3.0,P09O,,,Zsombor Piros,R,180.0,HUN,24.92,222.0,261.0,SK47,,,Mohamed Safwat,R,180.0,EGY,33.985,415.0,110.0,7-6(3) 6-1,3,RR,,,,,,,,,,,,,,,,,,,,No unique independent dated result
2024-M-DC-2024-WG1-M-EGY-HUN-01,Davis Cup WG1 R1: EGY vs HUN,Clay,4.0,D,,20240913,4.0,VA70,,,Mate Valkusz,R,183.0,HUN,26.086,402.0,117.0,Z0BL,,,Fares Zakaria,R,183.0,EGY,23.337,,,6-3 6-4,3,RR,,,,,,,,,,,,,,,,,,,,No unique independent dated result
2024-M-DC-2024-WG1-M-ISR-UKR-01,Davis Cup WG1 R1: ISR vs UKR,Hard,4.0,D,,20240913,1.0,O674,,,Yshai Oliel,L,188.0,ISR,24.69,463.0,91.0,O0BE,,,Oleksandr Ovcharenko,R,185.0,UKR,22.908,416.0,107.0,0-6 6-4 6-4,3,RR,,,,,,,,,,,,,,,,,,,,No unique independent dated result
2024-M-DC-2024-WG1-M-ISR-UKR-01,Davis Cup WG1 R1: ISR vs UKR,Hard,4.0,D,,20240913,2.0,CL82,,,Daniel Cukierman,R,,ISR,29.183,508.0,77.0,SS25,,,Vitaliy Sachko,R,188.0,UKR,27.168,386.0,125.0,6-2 6-2,3,RR,,,,,,,,,,,,,,,,,,,,No unique independent dated result
2024-M-DC-2024-WG1-M-ISR-UKR-01,Davis Cup WG1 R1: ISR vs UKR,Hard,4.0,D,,20240913,3.0,O674,,,Yshai Oliel,L,188.0,ISR,24.69,463.0,91.0,K0DP,,,Oleksii Krutykh,R,185.0,UKR,24.512,493.0,82.0,6-2 3-6 7-6(3),3,RR,,,,,,,,,,,,,,,,,,,,No unique independent dated result
2024-M-DC-2024-WG1-M-JPN-COL-01,Davis Cup WG1 R1: JPN vs COL,Hard,4.0,D,,20240914,1.0,N732,,,Yoshihito Nishioka,L,170.0,JPN,28.966,54.0,974.0,S0BT,,,Adria Soriano Barrera,R,191.0,COL,25.287,460.0,91.0,6-2 6-4,3,RR,,,,,,,,,,,,,,,,,,,,No unique independent dated result
2024-M-DC-2024-WG1-M-JPN-COL-01,Davis Cup WG1 R1: JPN vs COL,Hard,4.0,D,,20240914,2.0,N552,,,Kei Nishikori,R,178.0,JPN,34.71,205.0,288.0,M0AW,,,Nicolas Mejia,R,183.0,COL,24.591,237.0,242.0,6-4 6-4,3,RR,,,,,,,,,,,,,,,,,,,,No unique independent dated result
2024-M-DC-2024-WG1-M-JPN-COL-01,Davis Cup WG1 R1: JPN vs COL,Hard,4.0,D,,20240914,3.0,N732,,,Yoshihito Nishioka,L,170.0,JPN,28.966,54.0,974.0,M0AW,,,Nicolas Mejia,R,183.0,COL,24.591,237.0,242.0,7-5 6-4,3,RR,,,,,,,,,,,,,,,,,,,,No unique independent dated result
2024-M-DC-2024-WG1-M-KAZ-DEN-01,Davis Cup WG1 R1: KAZ vs DEN,Hard,4.0,D,,20240914,1.0,M0K4,,,Elmer Moller,R,183.0,DEN,21.185,247.0,231.0,BK92,,,Alexander Bublik,R,196.0,KAZ,27.244,27.0,1650.0,1-6 6-2 6-2,3,RR,,,,,,,,,,,,,,,,,,,,No unique independent dated result
2024-M-DC-2024-WG1-M-KAZ-DEN-01,Davis Cup WG1 R1: KAZ vs DEN,Hard,4.0,D,,20240914,2.0,H09N,,,August Holmgren,R,188.0,DEN,26.398,166.0,353.0,S0H2,,,Alexander Shevchenko,R,188.0,KAZ,23.792,57.0,895.0,7-6(4) 6-3,3,RR,,,,,,,,,,,,,,,,,,,,No unique independent dated result
2024-M-DC-2024-WG1-M-NOR-POR-01,Davis Cup WG1 R1: NOR vs POR,Hard,4.0,D,,20240913,1.0,B0U4,,,Nicolai Budkov Kjaer,R,191.0,NOR,18.034,737.0,34.0,F0F2,,,Jaime Faria,R,188.0,POR,21.106,157.0,376.0,4-6 6-3 7-6(4),3,RR,,,,,,,,,,,,,,,,,,,,No unique independent dated result
2024-M-DC-2024-WG1-M-NOR-POR-01,Davis Cup WG1 R1: NOR vs POR,Hard,4.0,D,,20240913,2.0,R0GO,,,Henrique Rocha,R,180.0,POR,20.438,159.0,374.0,RH16,,,Casper Ruud,R,183.0,NOR,25.728,9.0,4010.0,6-3 6-4,3,RR,,,,,,,,,,,,,,,,,,,,No unique independent dated result
2024-M-DC-2024-WG1-M-NOR-POR-01,Davis Cup WG1 R1: NOR vs POR,Hard,4.0,D,,20240913,3.0,RH16,,,Casper Ruud,R,183.0,NOR,25.728,9.0,4010.0,F0F2,,,Jaime Faria,R,188.0,POR,21.106,157.0,376.0,7-6(3) 6-2,3,RR,,,,,,,,,,,,,,,,,,,,No unique independent dated result
2024-M-DC-2024-WG1-M-POL-KOR-01,Davis Cup WG1 R1: POL vs KOR,Hard,4.0,D,,20240913,1.0,HC21,,,Seongchan Hong,R,175.0,KOR,27.206,141.0,413.0,K0HC,,,Maks Kasnikowski,R,180.0,POL,21.191,173.0,345.0,7-6(8) 6-2,3,RR,,,,,,,,,,,,,,,,,,,,No unique independent dated result
2024-M-DC-2024-WG1-M-POL-KOR-01,Davis Cup WG1 R1: POL vs KOR,Hard,4.0,D,,20240913,2.0,KF17,,,Soonwoo Kwon,R,180.0,KOR,26.782,344.0,145.0,MQ75,,,Kamil Majchrzak,R,183.0,POL,28.668,163.0,364.0,7-5 7-6(3),3,RR,,,,,,,,,,,,,,,,,,,,No unique independent dated result
2024-M-DC-2024-WG1-M-POL-KOR-01,Davis Cup WG1 R1: POL vs KOR,Hard,4.0,D,,20240913,3.0,P0IG,,,Martyn Pawelski,R,196.0,POL,19.849,661.0,46.0,SN70,,,MinKyu Song,R,183.0,KOR,34.053,,,6-3 6-4,3,RR,,,,,,,,,,,,,,,,,,,,No unique independent dated result
2024-M-DC-2024-WG1-M-SRB-GRE-01,Davis Cup WG1 R1: SRB vs GRE,Hard,4.0,D,,20240914,1.0,KI95,,,Miomir Kecmanovic,R,183.0,SRB,25.04,53.0,980.0,T0EI,,,Aristotelis Thanos,R,193.0,GRE,23.439,713.0,37.0,6-3 6-3,3,RR,,,,,,,,,,,,,,,,,,,,No unique independent dated result
2024-M-DC-2024-WG1-M-SRB-GRE-01,Davis Cup WG1 R1: SRB vs GRE,Hard,4.0,D,,20240914,2.0,D643,,,Novak Djokovic,R,188.0,SRB,37.317,4.0,5560.0,X01C,,,Ioannis Xilas,R,178.0,GRE,23.343,770.0,29.0,6-0 6-1,3,RR,,,,,,,,,,,,,,,,,,,,No unique independent dated result
2024-M-DC-2024-WG1-M-SUI-PER-01,Davis Cup WG1 R1: SUI vs PER,Hard,4.0,D,,20240913,1.0,K0EP,,,Jerome Kym,R,198.0,SUI,21.585,151.0,383.0,B0ID,,,Ignacio Buse,R,183.0,PER,20.471,212.0,282.0,6-1 6-4,3,RR,,,,,,,,,,,,,,,,,,,,No unique independent dated result
2024-M-DC-2024-WG1-M-SUI-PER-01,Davis Cup WG1 R1: SUI vs PER,Hard,4.0,D,,20240913,2.0,HH06,,,Marc-Andrea Huesler,L,196.0,SUI,28.222,171.0,348.0,V836,,,Juan Pablo Varillas,R,185.0,PER,28.939,179.0,331.0,6-3 6-4,3,RR,,,,,,,,,,,,,,,,,,,,No unique independent dated result
2024-M-DC-2024-WG1-M-SWE-IND-01,Davis Cup WG1 R1: SWE vs IND,Hard,4.0,D,,20240914,1.0,Y218,,,Elias Ymer,R,185.0,SWE,28.43,238.0,241.0,N558,,,N.Sriram Balaji,R,180.0,IND,34.494,,,6-4 6-2,3,RR,,,,,,,,,,,,,,,,,,,,No unique independent dated result
2024-M-DC-2024-WG1-M-SWE-IND-01,Davis Cup WG1 R1: SWE vs IND,Hard,4.0,D,,20240914,2.0,B0JG,,,Leo Borg,R,183.0,SWE,21.336,603.0,53.0,RB56,,,Ramkumar Ramanathan,R,188.0,IND,29.851,332.0,153.0,6-3 6-4,3,RR,,,,,,,,,,,,,,,,,,,,No unique independent dated result
2024-M-DC-2024-WG1-M-SWE-IND-01,Davis Cup WG1 R1: SWE vs IND,Hard,4.0,D,,20240914,3.0,Y218,,,Elias Ymer,R,185.0,SWE,28.43,238.0,241.0,VA48,,,Siddharth Vishwakarma,L,191.0,IND,29.938,588.0,57.0,6-2 6-2,3,RR,,,,,,,,,,,,,,,,,,,,No unique independent dated result
2024-M-DC-2024-WG1-M-TPE-BIH-01,Davis Cup WG1 R1: TPE vs BIH,Hard,4.0,D,,20240914,1.0,BE67,,,Mirza Basic,R,188.0,BIH,33.177,579.0,59.0,T0AP,,,Chun-Hsin Tseng,R,175.0,TPE,23.102,123.0,489.0,3-6 7-5 6-4,3,RR,,,,,,,,,,,,,,,,,,,,No unique independent dated result
2024-M-DC-2024-WG1-M-TPE-BIH-01,Davis Cup WG1 R1: TPE vs BIH,Hard,4.0,D,,20240914,2.0,W857,,,Tung-Lin Wu,R,188.0,TPE,26.344,318.0,164.0,D923,,,Damir Dzumhur,R,175.0,BIH,32.32,86.0,655.0,6-2 6-1,3,RR,,,,,,,,,,,,,,,,,,,,No unique independent dated result
2024-M-DC-2024-WG1-M-TPE-BIH-01,Davis Cup WG1 R1: TPE vs BIH,Hard,4.0,D,,20240914,3.0,D923,,,Damir Dzumhur,R,175.0,BIH,32.32,86.0,655.0,T0AP,,,Chun-Hsin Tseng,R,175.0,TPE,23.102,123.0,489.0,6-4 2-6 6-2,3,RR,,,,,,,,,,,,,,,,,,,,No unique independent dated result
2024-M-DC-2024-WG1-M-TPE-BIH-01,Davis Cup WG1 R1: TPE vs BIH,Hard,4.0,D,,20240914,4.0,W857,,,Tung-Lin Wu,R,188.0,TPE,26.344,318.0,164.0,BE67,,,Mirza Basic,R,188.0,BIH,33.177,579.0,59.0,6-1 6-4,3,RR,,,,,,,,,,,,,,,,,,,,No unique independent dated result
2024-M-DC-2024-WG2-M-BAR-PAK-01,Davis Cup WG2 R1: BAR vs PAK,Hard,4.0,D,,20240914,1.0,KC86,,,Darian King,R,188.0,BAR,32.386,1230.0,6.0,S0HP,,,Muhammad Shoaib,,,PAK,22.579,,,6-3 6-0,3,RR,85.0,2.0,1.0,44.0,27.0,21.0,10.0,8.0,1.0,1.0,0.0,2.0,61.0,25.0,10.0,19.0,7.0,3.0,8.0,No unique independent dated result
2024-M-DC-2024-WG2-M-BAR-PAK-01,Davis Cup WG2 R1: BAR vs PAK,Hard,4.0,D,,20240914,2.0,K425,,,Aqeel Khan,R,,PAK,44.624,,,M0GR,,,Kaipo Marshall,,,BAR,22.486,,,3-6 6-1 6-4,3,RR,135.0,4.0,1.0,81.0,46.0,30.0,23.0,13.0,4.0,6.0,5.0,11.0,81.0,59.0,43.0,4.0,13.0,7.0,11.0,No unique independent dated result
2024-M-DC-2024-WG2-M-BAR-PAK-01,Davis Cup WG2 R1: BAR vs PAK,Hard,4.0,D,,20240914,3.0,KC86,,,Darian King,R,188.0,BAR,32.386,1230.0,6.0,K0D6,,,Yousaf Khalil,,,PAK,25.457,,,6-3 6-0,3,RR,54.0,5.0,0.0,44.0,36.0,29.0,5.0,8.0,0.0,0.0,4.0,3.0,37.0,19.0,13.0,5.0,7.0,2.0,6.0,No unique independent dated result
2024-M-DC-2024-WG2-M-BOL-URU-01,Davis Cup WG2 R1: BOL vs URU,Clay,4.0,D,,20240913,1.0,DA31,,,Hugo Dellien,R,180.0,BOL,31.244,107.0,529.0,A0JW,,,Joaquin  Aguilar Cardozo,R,168.0,URU,19.433,,,6-2 6-3,3,RR,103.0,2.0,0.0,59.0,38.0,24.0,13.0,9.0,3.0,5.0,0.0,1.0,65.0,44.0,23.0,7.0,8.0,13.0,18.0,No unique independent dated result
2024-M-DC-2024-WG2-M-BOL-URU-01,Davis Cup WG2 R1: BOL vs URU,Clay,4.0,D,,20240913,2.0,R0BT,,,Franco Roncadelli,L,185.0,URU,24.602,366.0,136.0,DC48,,,Murkel Dellien,R,193.0,BOL,26.992,183.0,324.0,6-2 6-2,3,RR,104.0,1.0,1.0,80.0,56.0,34.0,14.0,8.0,11.0,12.0,1.0,3.0,51.0,33.0,15.0,6.0,8.0,1.0,6.0,No unique independent dated result
2024-M-DC-2024-WG2-M-BOL-URU-01,Davis Cup WG2 R1: BOL vs URU,Clay,4.0,D,,20240913,3.0,R0BT,,,Franco Roncadelli,L,185.0,URU,24.602,366.0,136.0,DA31,,,Hugo Dellien,R,180.0,BOL,31.244,107.0,529.0,2-6 6-3 6-2,3,RR,130.0,1.0,4.0,85.0,64.0,43.0,8.0,13.0,3.0,6.0,4.0,1.0,83.0,56.0,34.0,13.0,12.0,7.0,11.0,No unique independent dated result
2024-M-DC-2024-WG2-M-BUL-ESA-01,Davis Cup WG2 R1: BUL vs ESA,Clay,4.0,D,,20240914,1.0,A853,,,Marcelo Arevalo,R,191.0,ESA,33.911,,,N0CJ,,,Petr Nesterov,R,,BUL,21.525,413.0,112.0,6-3 6-3,3,RR,88.0,0.0,4.0,57.0,30.0,21.0,10.0,9.0,3.0,7.0,2.0,1.0,53.0,32.0,17.0,5.0,9.0,3.0,10.0,No unique independent dated result
2024-M-DC-2024-WG2-M-BUL-ESA-01,Davis Cup WG2 R1: BUL vs ESA,Clay,4.0,D,,20240914,2.0,M0KA,,,Yanaki Milev,R,180.0,BUL,20.416,445.0,97.0,C0NU,,,Cesar Cruz,,,ESA,18.01,,,6-3 4-6 6-3,3,RR,148.0,4.0,4.0,89.0,56.0,39.0,19.0,14.0,3.0,5.0,1.0,5.0,107.0,69.0,43.0,15.0,14.0,10.0,14.0,No unique independent dated result
2024-M-DC-2024-WG2-M-BUL-ESA-01,Davis Cup WG2 R1: BUL vs ESA,Clay,4.0,D,,20240914,3.0,R0IL,,,Iliyan Radulov,R,187.0,BUL,19.261,766.0,30.0,F0IK,,,Juan Carlos Fuentes Vasquez,,,ESA,18.992,,,6-1 6-2,3,RR,67.0,1.0,1.0,42.0,25.0,20.0,8.0,8.0,2.0,3.0,0.0,2.0,48.0,31.0,11.0,9.0,7.0,6.0,12.0,No unique independent dated result
2024-M-DC-2024-WG2-M-BUL-ESA-01,Davis Cup WG2 R1: BUL vs ESA,Clay,4.0,D,,20240914,4.0,M0KA,,,Yanaki Milev,R,180.0,BUL,20.416,445.0,97.0,A853,,,Marcelo Arevalo,R,191.0,ESA,33.911,,,2-6 6-1 7-6(6),3,RR,145.0,4.0,11.0,103.0,61.0,42.0,14.0,14.0,8.0,13.0,5.0,4.0,86.0,49.0,30.0,18.0,13.0,9.0,14.0,No unique independent dated result
2024-M-DC-2024-WG2-M-GEO-MEX-01,Davis Cup WG2 R1: GEO vs MEX,Hard,4.0,D,,20240914,1.0,RH88,,,Alan Fernando Rubio Fierros,R,175.0,MEX,25.613,707.0,38.0,P0EA,,,Saba Purtseladze,R,191.0,GEO,23.069,427.0,103.0,7-6(3) 6-4,3,RR,114.0,7.0,4.0,87.0,48.0,40.0,19.0,11.0,10.0,10.0,5.0,0.0,65.0,39.0,28.0,17.0,11.0,0.0,1.0,No unique independent dated result
2024-M-DC-2024-WG2-M-GEO-MEX-01,Davis Cup WG2 R1: GEO vs MEX,Hard,4.0,D,,20240914,2.0,BP74,,,Aleksandre Bakshi,L,180.0,GEO,27.168,512.0,75.0,P0J1,,,Rodrigo Pacheco Mendez,L,191.0,MEX,19.389,444.0,97.0,7-6(2) 7-6(5),3,RR,126.0,6.0,4.0,93.0,52.0,39.0,17.0,12.0,6.0,9.0,4.0,7.0,78.0,50.0,33.0,14.0,12.0,4.0,7.0,No unique independent dated result
2024-M-DC-2024-WG2-M-GEO-MEX-01,Davis Cup WG2 R1: GEO vs MEX,Hard,4.0,D,,20240914,4.0,BP74,,,Aleksandre Bakshi,L,180.0,GEO,27.168,512.0,75.0,RH88,,,Alan Fernando Rubio Fierros,R,175.0,MEX,25.613,707.0,38.0,6-3 7-6(5),3,RR,86.0,4.0,2.0,53.0,32.0,25.0,14.0,11.0,1.0,3.0,2.0,2.0,64.0,39.0,26.0,10.0,10.0,0.0,4.0,No unique independent dated result
2024-M-DC-2024-WG2-M-HKG-ECU-01,Davis Cup WG2 R1: HKG vs ECU,Hard,4.0,D,,20240914,1.0,AG08,,,Andres Andrade,R,180.0,ECU,25.752,250.0,229.0,C0R5,,,Jack Cheng,,,HKG,15.713,1600.0,2.0,6-1 6-1,3,RR,75.0,3.0,1.0,42.0,27.0,21.0,9.0,7.0,1.0,1.0,0.0,3.0,53.0,25.0,13.0,11.0,7.0,5.0,10.0,No unique independent dated result
2024-M-DC-2024-WG2-M-HKG-ECU-01,Davis Cup WG2 R1: HKG vs ECU,Hard,4.0,D,,20240914,2.0,W0BH,,,Coleman Wong,R,191.0,HKG,20.274,137.0,428.0,C0KL,,,Marcos Lee Chan Baratau,R,178.0,ECU,18.831,1320.0,5.0,6-3 3-6 6-1,3,RR,106.0,10.0,2.0,74.0,48.0,36.0,14.0,13.0,1.0,3.0,1.0,2.0,76.0,59.0,35.0,9.0,12.0,1.0,5.0,No unique independent dated result
2024-M-DC-2024-WG2-M-HKG-ECU-01,Davis Cup WG2 R1: HKG vs ECU,Hard,4.0,D,,20240914,3.0,W0BH,,,Coleman Wong,R,191.0,HKG,20.274,137.0,428.0,AG08,,,Andres Andrade,R,180.0,ECU,25.752,250.0,229.0,6-4 6-2,3,RR,73.0,9.0,0.0,51.0,40.0,32.0,5.0,9.0,0.0,0.0,3.0,1.0,45.0,27.0,22.0,7.0,9.0,2.0,5.0,No unique independent dated result
2024-M-DC-2024-WG2-M-HKG-ECU-01,Davis Cup WG2 R1: HKG vs ECU,Hard,4.0,D,,20240914,4.0,E661,,,Gonzalo Escobar,L,178.0,ECU,35.65,,,N0AJ,,,Ki Lung Ng,R,170.0,HKG,23.121,2102.0,1.0,6-1 6-3,3,RR,101.0,3.0,1.0,44.0,27.0,20.0,11.0,8.0,0.0,1.0,2.0,4.0,70.0,52.0,28.0,5.0,8.0,6.0,11.0,No unique independent dated result
2024-M-DC-2024-WG2-M-LBN-RSA-01,Davis Cup WG2 R1: LBN vs RSA,Clay,4.0,D,,20240914,1.0,HG94,,,Benjamin Hassan,R,183.0,LBN,29.61,195.0,305.0,B0IY,,,Alec Beckley,R,183.0,RSA,23.242,641.0,48.0,6-4 6-2,3,RR,75.0,1.0,2.0,60.0,39.0,31.0,12.0,9.0,4.0,4.0,2.0,1.0,56.0,33.0,22.0,10.0,9.0,2.0,5.0,No unique independent dated result
2024-M-DC-2024-WG2-M-LBN-RSA-01,Davis Cup WG2 R1: LBN vs RSA,Clay,4.0,D,,20240914,2.0,HF80,,,Hady Habib,R,188.0,LBN,26.067,268.0,205.0,H0BF,,,Philip Henning,R,180.0,RSA,23.844,360.0,137.0,6-4 3-6 7-6(3),3,RR,133.0,13.0,5.0,90.0,54.0,44.0,21.0,16.0,3.0,6.0,5.0,1.0,97.0,65.0,47.0,17.0,15.0,4.0,6.0,No unique independent dated result
2024-M-DC-2024-WG2-M-LBN-RSA-01,Davis Cup WG2 R1: LBN vs RSA,Clay,4.0,D,,20240914,3.0,HG94,,,Benjamin Hassan,R,183.0,LBN,29.61,195.0,305.0,H0BF,,,Philip Henning,R,180.0,RSA,23.844,360.0,137.0,6-2 6-3,3,RR,64.0,4.0,3.0,52.0,30.0,26.0,10.0,9.0,0.0,1.0,1.0,1.0,58.0,47.0,22.0,7.0,8.0,7.0,11.0,No unique independent dated result
2024-M-DC-2024-WG2-M-MAR-MON-01,Davis Cup WG2 R1: MAR vs MON,Clay,4.0,D,,20240914,1.0,N670,,,Hugo Nys,R,183.0,MON,33.577,,,D0FA,,,Yassine Dlimi,R,191.0,MAR,21.363,1123.0,9.0,6-2 7-6(4),3,RR,130.0,7.0,2.0,90.0,47.0,36.0,20.0,10.0,7.0,8.0,0.0,9.0,75.0,44.0,31.0,12.0,10.0,4.0,7.0,No unique independent dated result
2024-M-DC-2024-WG2-M-MAR-MON-01,Davis Cup WG2 R1: MAR vs MON,Clay,4.0,D,,20240914,2.0,AA81,,,Romain Arneodo,R,175.0,MON,32.112,,,BT68,,,Elliot Benchetrit,R,193.0,MAR,25.952,670.0,44.0,4-6 7-5 6-3,3,RR,150.0,3.0,3.0,94.0,67.0,49.0,15.0,16.0,4.0,6.0,3.0,6.0,99.0,50.0,35.0,28.0,15.0,4.0,7.0,No unique independent dated result
2024-M-DC-2024-WG2-M-MAR-MON-01,Davis Cup WG2 R1: MAR vs MON,Clay,4.0,D,,20240914,3.0,B946,,,Benjamin Balleret,R,183.0,MON,41.665,,,L0CK,,,Younes Lalami Laaroussi,R,188.0,MAR,23.409,1074.0,11.0,6-3 6-3,3,RR,69.0,4.0,3.0,53.0,32.0,27.0,9.0,9.0,2.0,3.0,3.0,5.0,63.0,41.0,26.0,7.0,9.0,4.0,8.0,No unique independent dated result
2024-M-DC-2024-WG2-M-NZL-LUX-01,Davis Cup WG2 R1: NZL vs LUX,Hard,4.0,D,,20240914,1.0,KJ00,,,Alex Knaff,R,193.0,LUX,26.801,644.0,48.0,P0ED,,,Kiranpal Pannu,R,185.0,NZL,27.685,454.0,94.0,6-1 6-7(8) 7-5,3,RR,170.0,6.0,2.0,108.0,65.0,45.0,28.0,16.0,8.0,10.0,3.0,3.0,104.0,69.0,47.0,14.0,15.0,8.0,13.0,No unique independent dated result
2024-M-DC-2024-WG2-M-NZL-LUX-01,Davis Cup WG2 R1: NZL vs LUX,Hard,4.0,D,,20240914,2.0,R0E0,,,Chris Rodesch,R,198.0,LUX,23.159,507.0,77.0,R0DC,,,Ajeet Rai,R,188.0,NZL,25.656,498.0,81.0,6-2 6-4,3,RR,67.0,4.0,2.0,47.0,30.0,25.0,9.0,9.0,0.0,1.0,0.0,2.0,58.0,33.0,20.0,12.0,9.0,2.0,6.0,No unique independent dated result
2024-M-DC-2024-WG2-M-NZL-LUX-01,Davis Cup WG2 R1: NZL vs LUX,Hard,4.0,D,,20240914,3.0,L0IP,,,Jack Loutit,L,,NZL,20.227,790.0,27.0,R0E0,,,Chris Rodesch,R,198.0,LUX,23.159,507.0,77.0,7-5 6-4,3,RR,91.0,0.0,3.0,75.0,45.0,36.0,16.0,11.0,4.0,4.0,11.0,4.0,62.0,41.0,30.0,13.0,11.0,4.0,6.0,No unique independent dated result
2024-M-DC-2024-WG2-M-NZL-LUX-01,Davis Cup WG2 R1: NZL vs LUX,Hard,4.0,D,,20240914,4.0,KJ00,,,Alex Knaff,R,193.0,LUX,26.801,644.0,48.0,SF89,,,Rubin Statham,R,180.0,NZL,37.391,,,6-3 6-2,3,RR,70.0,5.0,2.0,45.0,31.0,25.0,8.0,9.0,0.0,1.0,3.0,1.0,56.0,41.0,26.0,2.0,8.0,4.0,8.0,No unique independent dated result
2024-M-DC-2024-WG2-M-ROU-CHN-01,Davis Cup WG2 R1: ROU vs CHN,Hard,4.0,D,,20240913,1.0,C0B2,,,Cezar Cretu,R,188.0,ROU,23.389,292.0,182.0,Y09V,,,Yunchaokete Bu,R,185.0,CHN,22.65,113.0,514.0,3-6 6-4 7-6(4),3,RR,186.0,9.0,4.0,106.0,65.0,39.0,22.0,16.0,5.0,10.0,6.0,3.0,99.0,50.0,39.0,23.0,15.0,6.0,10.0,No unique independent dated result
2024-M-DC-2024-WG2-M-ROU-CHN-01,Davis Cup WG2 R1: ROU vs CHN,Hard,4.0,D,,20240913,2.0,B0C0,,,Gabi Adrian Boitan,R,185.0,ROU,25.177,364.0,136.0,Z0CQ,,,Yi Zhou,R,193.0,CHN,19.502,527.0,72.0,7-6(4) 6-2,3,RR,100.0,6.0,0.0,69.0,50.0,34.0,14.0,10.0,3.0,4.0,3.0,1.0,54.0,35.0,27.0,9.0,10.0,2.0,5.0,No unique independent dated result
2024-M-DC-2024-WG2-M-ROU-CHN-01,Davis Cup WG2 R1: ROU vs CHN,Hard,4.0,D,,20240913,3.0,Y09V,,,Yunchaokete Bu,R,185.0,CHN,22.65,113.0,514.0,B0C0,,,Gabi Adrian Boitan,R,185.0,ROU,25.177,364.0,136.0,6-3 7-6(3),3,RR,101.0,1.0,1.0,68.0,43.0,32.0,17.0,11.0,1.0,2.0,7.0,2.0,57.0,38.0,28.0,11.0,10.0,3.0,5.0,No unique independent dated result
2024-M-DC-2024-WG2-M-ROU-CHN-01,Davis Cup WG2 R1: ROU vs CHN,Hard,4.0,D,,20240913,4.0,C0B2,,,Cezar Cretu,R,188.0,ROU,23.389,292.0,182.0,TG30,,,Rigele Te,R,188.0,CHN,26.93,636.0,48.0,3-6 6-3 6-3,3,RR,158.0,10.0,4.0,100.0,60.0,42.0,20.0,14.0,7.0,9.0,5.0,3.0,93.0,48.0,34.0,22.0,13.0,7.0,11.0,No unique independent dated result
2024-M-DC-2024-WG2-M-TOG-LAT-01,Davis Cup WG2 R1: TOG vs LAT,Hard,4.0,D,,20240914,1.0,133933,,,Thomas Yaka Kofi Setodji,,,TOG,,,,R0JJ,,,Davis Rolis,,,LAT,19.633,,,6-4 6-4,3,RR,93.0,5.0,1.0,56.0,36.0,30.0,10.0,10.0,0.0,1.0,9.0,5.0,65.0,34.0,28.0,12.0,10.0,7.0,10.0,No unique independent dated result
2024-M-DC-2024-WG2-M-TOG-LAT-01,Davis Cup WG2 R1: TOG vs LAT,Hard,4.0,D,,20240914,2.0,A0GB,,,Liova Ajavon,,,TOG,25.246,,,T0HY,,,Daniels Tens,,,LAT,19.025,,,7-5 6-3,3,RR,104.0,0.0,3.0,62.0,38.0,29.0,14.0,11.0,2.0,4.0,0.0,5.0,67.0,33.0,23.0,14.0,10.0,5.0,9.0,No unique independent dated result
2024-M-DC-2024-WG2-M-TOG-LAT-01,Davis Cup WG2 R1: TOG vs LAT,Hard,4.0,D,,20240914,3.0,133933,,,Thomas Yaka Kofi Setodji,,,TOG,,,,T0HY,,,Daniels Tens,,,LAT,19.025,,,7-6(5) 6-4,3,RR,99.0,2.0,3.0,62.0,36.0,31.0,15.0,11.0,0.0,1.0,0.0,1.0,94.0,51.0,31.0,25.0,11.0,12.0,14.0,No unique independent dated result
2024-M-DC-2024-WG2-M-TUN-IRL-01,Davis Cup WG2 R1: TUN vs IRL,Clay,4.0,D,,20240913,1.0,A0JA,,,Michael Agwi,R,193.0,IRL,21.027,487.0,83.0,ML73,,,Skander Mansouri,R,193.0,TUN,29.144,681.0,41.0,7-6(5) 6-3,3,RR,89.0,1.0,2.0,71.0,51.0,33.0,11.0,11.0,3.0,6.0,1.0,3.0,62.0,46.0,26.0,6.0,10.0,1.0,5.0,No unique independent dated result
2024-M-DC-2024-WG2-M-TUN-IRL-01,Davis Cup WG2 R1: TUN vs IRL,Clay,4.0,D,,20240913,2.0,DF88,,,Aziz Dougaz,L,188.0,TUN,27.469,228.0,252.0,G0G4,,,Conor Gannon,,,IRL,22.272,1294.0,5.0,6-3 6-1,3,RR,63.0,1.0,3.0,42.0,25.0,19.0,13.0,8.0,0.0,0.0,2.0,4.0,44.0,25.0,16.0,7.0,8.0,3.0,7.0,No unique independent dated result
2024-M-DC-2024-WG2-M-TUN-IRL-01,Davis Cup WG2 R1: TUN vs IRL,Clay,4.0,D,,20240913,3.0,A0JA,,,Michael Agwi,R,193.0,IRL,21.027,487.0,83.0,DF88,,,Aziz Dougaz,L,188.0,TUN,27.469,228.0,252.0,6-3 6-4,3,RR,98.0,1.0,5.0,62.0,36.0,20.0,13.0,10.0,6.0,9.0,0.0,6.0,68.0,44.0,20.0,10.0,9.0,3.0,9.0,No unique independent dated result
2024-M-DC-2024-WG2-M-TUN-IRL-01,Davis Cup WG2 R1: TUN vs IRL,Clay,4.0,D,,20240913,4.0,ML73,,,Skander Mansouri,R,193.0,TUN,29.144,681.0,41.0,G0G4,,,Conor Gannon,,,IRL,22.272,1294.0,5.0,6-3 6-1,3,RR,70.0,5.0,2.0,39.0,24.0,23.0,10.0,8.0,0.0,0.0,0.0,4.0,57.0,31.0,20.0,10.0,8.0,6.0,10.0,No unique independent dated result
2024-M-DC-2024-WG2-M-UZB-EST-01,Davis Cup WG2 R1: UZB vs EST,Hard,4.0,D,,20240913,1.0,L0GH,,,Mark Lajal,R,191.0,EST,21.342,224.0,260.0,F0A3,,,Sergey Fomin,R,180.0,UZB,23.614,537.0,70.0,6-4 4-6 7-6(6),3,RR,164.0,16.0,4.0,99.0,72.0,56.0,10.0,16.0,1.0,4.0,14.0,4.0,136.0,84.0,53.0,29.0,16.0,13.0,16.0,No unique independent dated result
2024-M-DC-2024-WG2-M-UZB-EST-01,Davis Cup WG2 R1: UZB vs EST,Hard,4.0,D,,20240913,2.0,SR81,,,Khumoyun Sultanov,R,180.0,UZB,25.881,236.0,243.0,TG67,,,Kristjan Tamm,R,185.0,EST,26.245,978.0,15.0,7-6(2) 6-4,3,RR,104.0,10.0,0.0,66.0,42.0,35.0,18.0,11.0,2.0,2.0,11.0,2.0,91.0,55.0,44.0,14.0,11.0,7.0,8.0,No unique independent dated result
2024-M-DC-2024-WG2-M-UZB-EST-01,Davis Cup WG2 R1: UZB vs EST,Hard,4.0,D,,20240913,3.0,SR81,,,Khumoyun Sultanov,R,180.0,UZB,25.881,236.0,243.0,L0GH,,,Mark Lajal,R,191.0,EST,21.342,224.0,260.0,6-4 6-1,3,RR,74.0,7.0,1.0,57.0,34.0,23.0,16.0,9.0,5.0,6.0,1.0,2.0,41.0,22.0,10.0,10.0,8.0,0.0,4.0,No unique independent dated result
2024-7581,Chengdu,Hard,28.0,250,O,20240918,3.0,M0GZ,7.0,,Giovanni Mpetshi Perricard,R,203.0,FRA,21.199,51.0,1048.0,SX90,,WC,Fajing Sun,R,178.0,CHN,27.959,359.0,139.0,6-7(5) 7-5 6-4,3,R32,148.0,34.0,10.0,106.0,73.0,61.0,17.0,17.0,2.0,2.0,10.0,2.0,98.0,71.0,55.0,15.0,17.0,0.0,2.0,No unique independent dated result
2024-7581,Chengdu,Hard,28.0,250,O,20240918,17.0,ME82,5.0,,Adrian Mannarino,L,180.0,FRA,36.222,46.0,1144.0,Z0CQ,,WC,Yi Zhou,R,193.0,CHN,19.515,531.0,72.0,7-6(3) 2-6 6-4,3,R16,165.0,8.0,1.0,112.0,63.0,39.0,27.0,15.0,8.0,12.0,11.0,2.0,90.0,55.0,42.0,18.0,15.0,9.0,12.0,No unique independent dated result
2024-4713,Hangzhou,Hard,28.0,250,O,20240918,12.0,Z371,6.0,,Zhizhen Zhang,R,193.0,CHN,27.923,48.0,1105.0,Y171,,Q,Denis Yevseyev,R,188.0,KAZ,31.326,207.0,282.0,6-2 1-6 6-4,3,R32,121.0,7.0,1.0,84.0,55.0,33.0,17.0,13.0,2.0,5.0,6.0,6.0,93.0,57.0,40.0,13.0,12.0,11.0,14.0,No unique independent dated result
2024-4713,Hangzhou,Hard,28.0,250,O,20240918,20.0,Z371,6.0,,Zhizhen Zhang,R,193.0,CHN,27.923,48.0,1105.0,B0GG,,,Mattia Bellucci,L,175.0,ITA,23.299,108.0,529.0,6-3 6-0,3,R16,77.0,6.0,0.0,41.0,32.0,26.0,6.0,8.0,0.0,0.0,5.0,4.0,68.0,36.0,20.0,13.0,7.0,7.0,11.0,No unique independent dated result
2024-4713,Hangzhou,Hard,28.0,250,O,20240918,24.0,Z371,6.0,,Zhizhen Zhang,R,193.0,CHN,27.923,48.0,1105.0,CF59,,,Roberto Carballes Baena,R,183.0,ESP,31.491,55.0,921.0,6-3 6-3,3,QF,72.0,7.0,0.0,48.0,35.0,27.0,10.0,9.0,0.0,0.0,3.0,3.0,50.0,32.0,20.0,9.0,9.0,3.0,6.0,No unique independent dated result
2024-4713,Hangzhou,Hard,28.0,250,O,20240918,26.0,Z371,6.0,,Zhizhen Zhang,R,193.0,CHN,27.923,48.0,1105.0,Y09V,,WC,Yunchaokete Bu,R,185.0,CHN,22.664,124.0,484.0,7-6(3) 6-4,3,SF,101.0,10.0,0.0,78.0,59.0,44.0,12.0,11.0,4.0,4.0,8.0,1.0,61.0,34.0,25.0,19.0,11.0,1.0,2.0,No unique independent dated result
2024-4713,Hangzhou,Hard,28.0,250,O,20240918,27.0,C977,,WC,Marin Cilic,R,198.0,CRO,35.973,777.0,28.0,Z371,6.0,,Zhizhen Zhang,R,193.0,CHN,27.923,48.0,1105.0,7-6(5) 7-6(5),3,F,110.0,18.0,2.0,83.0,50.0,42.0,22.0,12.0,2.0,2.0,14.0,2.0,78.0,55.0,45.0,15.0,12.0,2.0,2.0,No unique independent dated result
2024-9210,Laver Cup,Hard,12.0,A,O,20240920,1.0,A0E2,,,Carlos Alcaraz,R,183.0,ESP,21.38,3.0,6690.0,FB98,,,Taylor Fritz,R,196.0,USA,26.897,7.0,4060.0,6-2 7-5,3,RR,89.0,1.0,1.0,56.0,41.0,33.0,7.0,10.0,3.0,4.0,7.0,4.0,65.0,44.0,28.0,10.0,10.0,2.0,6.0,No unique independent dated result
2024-9210,Laver Cup,Hard,12.0,A,O,20240920,4.0,A0E2,,,Carlos Alcaraz,R,183.0,ESP,21.38,3.0,6690.0,S0S1,,,Ben Shelton,L,193.0,USA,21.949,17.0,2490.0,6-4 6-4,3,RR,103.0,0.0,0.0,59.0,46.0,36.0,8.0,10.0,5.0,5.0,4.0,3.0,70.0,50.0,33.0,12.0,10.0,9.0,11.0,No unique independent dated result
2024-9210,Laver Cup,Hard,12.0,A,O,20240920,5.0,FB98,,,Taylor Fritz,R,196.0,USA,26.897,7.0,4060.0,Z355,,,Alexander Zverev,R,198.0,GER,27.42,2.0,7075.0,6-4 7-5,3,RR,117.0,8.0,3.0,71.0,38.0,33.0,16.0,11.0,4.0,5.0,3.0,2.0,69.0,52.0,31.0,9.0,11.0,4.0,7.0,No unique independent dated result
2024-9210,Laver Cup,Hard,12.0,A,O,20240920,7.0,C0AU,,,Francisco Cerundolo,R,185.0,ARG,26.105,31.0,1500.0,RH16,,,Casper Ruud,R,183.0,NOR,25.747,9.0,4010.0,6-4 6-4,3,RR,98.0,3.0,5.0,74.0,43.0,30.0,16.0,10.0,3.0,4.0,3.0,2.0,53.0,39.0,29.0,5.0,10.0,1.0,4.0,No unique independent dated result
2024-9210,Laver Cup,Hard,12.0,A,O,20240920,8.0,D875,,,Grigor Dimitrov,R,191.0,BUL,33.35,10.0,3965.0,TE30,,,Alejandro Tabilo,L,188.0,CHI,27.302,22.0,1963.0,7-6(4) 7-6(2),3,RR,135.0,11.0,4.0,75.0,46.0,37.0,18.0,12.0,3.0,5.0,8.0,3.0,98.0,63.0,47.0,15.0,12.0,4.0,6.0,No unique independent dated result
2024-9210,Laver Cup,Hard,12.0,A,O,20240920,9.0,TE51,,,Stefanos Tsitsipas,R,193.0,GRE,26.108,12.0,3390.0,KD46,,,Thanasi Kokkinakis,R,193.0,AUS,28.446,78.0,712.0,6-1 6-4,3,RR,81.0,4.0,0.0,55.0,35.0,27.0,12.0,9.0,2.0,2.0,4.0,1.0,55.0,35.0,24.0,8.0,8.0,3.0,6.0,No unique independent dated result
2024-747,Beijing,Hard,32.0,500,O,20240926,2.0,K09F,,Q,Pavel Kotov,R,191.0,RUS,25.856,63.0,832.0,Z0CQ,,WC,Yi Zhou,R,193.0,CHN,19.537,446.0,97.0,1-6 6-3 7-5,3,R32,140.0,2.0,1.0,88.0,62.0,41.0,11.0,14.0,5.0,9.0,6.0,3.0,93.0,53.0,37.0,17.0,14.0,6.0,10.0,No unique independent dated result
2024-747,Beijing,Hard,32.0,500,O,20240926,15.0,DH50,,,Alejandro Davidovich Fokina,R,180.0,ESP,25.311,64.0,820.0,Z371,,,Zhizhen Zhang,R,193.0,CHN,27.945,41.0,1270.0,6-3 4-6 6-3,3,R32,121.0,7.0,1.0,92.0,68.0,46.0,15.0,14.0,7.0,9.0,7.0,1.0,76.0,43.0,31.0,17.0,14.0,0.0,4.0,No unique independent dated result
2024-5014,Shanghai Masters,Hard,96.0,M,O,20241002,28.0,BU13,,,Zizou Bergs,R,185.0,BEL,25.333,73.0,763.0,Z371,,,Zhizhen Zhang,R,193.0,CHN,27.962,41.0,1270.0,6-4 6-3,3,R128,79.0,8.0,2.0,65.0,45.0,32.0,11.0,10.0,5.0,6.0,3.0,1.0,50.0,32.0,22.0,8.0,9.0,2.0,5.0,No unique independent dated result
2024-5014,Shanghai Masters,Hard,96.0,M,O,20241002,62.0,TD51,13.0,,Frances Tiafoe,R,188.0,USA,26.7,17.0,2560.0,Z0CQ,,WC,Yi Zhou,R,193.0,CHN,19.554,440.0,97.0,6-2 6-4,3,R64,64.0,5.0,1.0,48.0,36.0,32.0,6.0,9.0,1.0,1.0,3.0,0.0,48.0,31.0,18.0,11.0,9.0,1.0,4.0,No unique independent dated result
2024-9410,Almaty,Hard,28.0,250,I,20241014,9.0,KC56,,Q,Aslan Karatsev,R,185.0,RUS,31.11,139.0,425.0,Z371,6.0,,Zhizhen Zhang,R,193.0,CHN,27.995,46.0,1190.0,6-4 7-6(2),3,R32,90.0,13.0,2.0,69.0,47.0,38.0,11.0,11.0,1.0,1.0,6.0,0.0,65.0,45.0,36.0,9.0,11.0,0.0,1.0,No unique independent dated result
2024-337,Vienna,Hard,32.0,500,I,20241021,13.0,D875,3.0,,Grigor Dimitrov,R,191.0,BUL,33.435,9.0,3735.0,Z371,,,Zhizhen Zhang,R,193.0,CHN,28.014,46.0,1145.0,6-4 7-5,3,R32,97.0,12.0,3.0,68.0,41.0,34.0,14.0,11.0,6.0,7.0,4.0,3.0,68.0,34.0,25.0,16.0,11.0,5.0,8.0,No unique independent dated result
2024-352,Paris Masters,Hard,56.0,M,I,20241028,5.0,EA24,,,Tomas Martin Etcheverry,R,196.0,ARG,25.281,40.0,1310.0,Z371,,,Zhizhen Zhang,R,193.0,CHN,28.033,47.0,1145.0,6-3 7-6(6),3,R64,96.0,14.0,2.0,76.0,55.0,43.0,11.0,11.0,5.0,5.0,9.0,2.0,68.0,41.0,30.0,14.0,10.0,6.0,7.0,No unique independent dated result
2024-605,ATP Tour Finals,Hard,8.0,F,I,20241111,2.0,S0AG,1.0,,Jannik Sinner,R,191.0,ITA,23.239,1.0,10330.0,FB98,5.0,,Taylor Fritz,R,196.0,USA,27.039,5.0,4300.0,6-4 6-4,3,RR,100.0,6.0,0.0,66.0,39.0,30.0,16.0,10.0,1.0,1.0,7.0,0.0,64.0,38.0,30.0,10.0,10.0,4.0,6.0,No unique independent dated result
2024-605,ATP Tour Finals,Hard,8.0,F,I,20241111,15.0,S0AG,1.0,,Jannik Sinner,R,191.0,ITA,23.239,1.0,10330.0,FB98,5.0,,Taylor Fritz,R,196.0,USA,27.039,5.0,4300.0,6-4 6-4,3,F,84.0,14.0,0.0,56.0,40.0,33.0,10.0,10.0,1.0,1.0,8.0,2.0,61.0,46.0,32.0,9.0,10.0,4.0,6.0,No unique independent dated result
2024-M-DC-2024-FLS-M-NED-ESP-01,Davis Cup Finals QF: NED vs ESP,Hard,2.0,D,I,20241119,1.0,V812,,,Botic van de Zandschulp,R,191.0,NED,29.128,80.0,712.0,N409,,,Rafael Nadal,L,185.0,ESP,38.464,154.0,380.0,6-4 6-4,3,RR,113.0,8.0,9.0,66.0,45.0,35.0,8.0,10.0,2.0,3.0,2.0,3.0,72.0,42.0,28.0,13.0,10.0,3.0,6.0,No unique independent dated result
2024-M-DC-2024-FLS-M-NED-ESP-01,Davis Cup Finals QF: NED vs ESP,Hard,2.0,D,I,20241119,2.0,A0E2,,,Carlos Alcaraz,R,183.0,ESP,21.544,3.0,7010.0,GJ37,,,Tallon Griekspoor,R,188.0,NED,28.383,40.0,1280.0,7-6(0) 6-3,3,RR,85.0,11.0,1.0,51.0,29.0,28.0,16.0,11.0,0.0,1.0,11.0,1.0,64.0,41.0,30.0,9.0,10.0,3.0,5.0,No unique independent dated result
2024-M-DC-2024-FLS-M-USA-AUS-01,Davis Cup Finals QF: USA vs AUS,Hard,2.0,D,I,20241121,1.0,KD46,,,Thanasi Kokkinakis,R,193.0,AUS,28.616,77.0,716.0,S0S1,,,Ben Shelton,L,193.0,USA,22.119,21.0,2330.0,6-1 4-6 7-6(14),3,RR,137.0,18.0,1.0,97.0,66.0,55.0,16.0,15.0,3.0,4.0,21.0,2.0,110.0,87.0,60.0,12.0,14.0,8.0,11.0,No unique independent dated result
2024-M-DC-2024-FLS-M-USA-AUS-01,Davis Cup Finals QF: USA vs AUS,Hard,2.0,D,I,20241121,2.0,FB98,,,Taylor Fritz,R,196.0,USA,27.066,4.0,5100.0,DH58,,,Alex de Minaur,R,183.0,AUS,25.76,9.0,3745.0,6-3 6-4,3,RR,69.0,10.0,0.0,59.0,34.0,27.0,15.0,10.0,3.0,4.0,12.0,3.0,55.0,29.0,23.0,10.0,9.0,6.0,9.0,No unique independent dated result
2024-M-DC-2024-FLS-M-GER-CAN-01,Davis Cup Finals QF: GER vs CAN,Hard,2.0,D,I,20241120,1.0,AE14,,,Daniel Altmaier,R,188.0,GER,26.19,88.0,640.0,D0F6,,,Gabriel Diallo,R,203.0,CAN,23.157,86.0,643.0,7-6(5) 6-4,3,RR,117.0,10.0,1.0,74.0,48.0,36.0,14.0,11.0,5.0,6.0,9.0,6.0,90.0,62.0,39.0,13.0,11.0,6.0,8.0,No unique independent dated result
2024-M-DC-2024-FLS-M-GER-CAN-01,Davis Cup Finals QF: GER vs CAN,Hard,2.0,D,I,20241120,2.0,SL28,,,Jan-Lennard Struff,R,193.0,GER,34.574,43.0,1240.0,SU55,,,Denis Shapovalov,L,185.0,CAN,25.602,56.0,981.0,4-6 7-5 7-6(5),3,RR,127.0,8.0,4.0,109.0,66.0,51.0,22.0,17.0,6.0,8.0,27.0,13.0,106.0,58.0,52.0,23.0,17.0,6.0,8.0,No unique independent dated result
2024-M-DC-2024-FLS-M-GER-NED-01,Davis Cup Finals SF: GER vs NED,Hard,2.0,D,I,20241122,1.0,V812,,,Botic van de Zandschulp,R,191.0,NED,29.136,80.0,712.0,AE14,,,Daniel Altmaier,R,188.0,GER,26.196,88.0,640.0,6-4 6-7(12) 6-3,3,RR,162.0,4.0,4.0,124.0,86.0,58.0,21.0,16.0,7.0,9.0,16.0,3.0,99.0,61.0,45.0,19.0,15.0,6.0,10.0,No unique independent dated result
2024-M-DC-2024-FLS-M-GER-NED-01,Davis Cup Finals SF: GER vs NED,Hard,2.0,D,I,20241122,2.0,GJ37,,,Tallon Griekspoor,R,188.0,NED,28.392,40.0,1280.0,SL28,,,Jan-Lennard Struff,R,193.0,GER,34.579,43.0,1240.0,6-7(4) 7-5 6-4,3,RR,121.0,25.0,1.0,95.0,65.0,54.0,20.0,17.0,2.0,2.0,13.0,1.0,97.0,63.0,48.0,23.0,17.0,2.0,4.0,No unique independent dated result
2024-M-DC-2024-FLS-M-ITA-ARG-01,Davis Cup Finals QF: ITA vs ARG,Hard,2.0,D,I,20241121,1.0,C0AU,,,Francisco Cerundolo,R,185.0,ARG,26.275,30.0,1620.0,M0EJ,,,Lorenzo Musetti,R,185.0,ITA,22.721,17.0,2600.0,6-4 6-1,3,RR,90.0,3.0,2.0,51.0,27.0,19.0,13.0,9.0,6.0,8.0,0.0,2.0,64.0,31.0,16.0,12.0,8.0,7.0,13.0,No unique independent dated result
2024-M-DC-2024-FLS-M-ITA-ARG-01,Davis Cup Finals QF: ITA vs ARG,Hard,2.0,D,I,20241121,2.0,S0AG,,,Jannik Sinner,R,191.0,ITA,23.266,1.0,11830.0,B0BI,,,Sebastian Baez,R,170.0,ARG,23.899,27.0,1690.0,6-2 6-1,3,RR,72.0,7.0,2.0,58.0,31.0,22.0,17.0,8.0,4.0,4.0,1.0,0.0,49.0,35.0,16.0,5.0,7.0,5.0,9.0,No unique independent dated result
2024-M-DC-2024-FLS-M-ITA-AUS-01,Davis Cup Finals SF: ITA vs AUS,Hard,2.0,D,I,20241123,1.0,BK40,,,Matteo Berrettini,R,196.0,ITA,28.616,35.0,1380.0,KD46,,,Thanasi Kokkinakis,R,193.0,AUS,28.621,77.0,716.0,6-7(6) 6-3 7-5,3,RR,163.0,14.0,0.0,103.0,76.0,62.0,14.0,17.0,1.0,2.0,12.0,4.0,102.0,60.0,47.0,20.0,16.0,7.0,10.0,No unique independent dated result
2024-M-DC-2024-FLS-M-ITA-AUS-01,Davis Cup Finals SF: ITA vs AUS,Hard,2.0,D,I,20241123,2.0,S0AG,,,Jannik Sinner,R,191.0,ITA,23.272,1.0,11830.0,DH58,,,Alex de Minaur,R,183.0,AUS,25.766,9.0,3745.0,6-3 6-4,3,RR,88.0,4.0,0.0,57.0,37.0,30.0,9.0,10.0,0.0,1.0,5.0,1.0,59.0,34.0,21.0,12.0,9.0,3.0,6.0,No unique independent dated result
2024-M-DC-2024-FLS-M-ITA-NED-01,Davis Cup Finals F: ITA vs NED,Hard,2.0,D,I,20241124,1.0,BK40,,,Matteo Berrettini,R,196.0,ITA,28.619,35.0,1380.0,V812,,,Botic van de Zandschulp,R,191.0,NED,29.142,80.0,712.0,6-4 6-2,3,RR,76.0,16.0,1.0,51.0,35.0,30.0,8.0,9.0,0.0,0.0,3.0,1.0,56.0,36.0,25.0,7.0,9.0,1.0,4.0,No unique independent dated result
2024-M-DC-2024-FLS-M-ITA-NED-01,Davis Cup Finals F: ITA vs NED,Hard,2.0,D,I,20241124,2.0,S0AG,,,Jannik Sinner,R,191.0,ITA,23.274,1.0,11830.0,GJ37,,,Tallon Griekspoor,R,188.0,NED,28.397,40.0,1280.0,7-6(2) 6-2,3,RR,91.0,15.0,1.0,60.0,44.0,35.0,9.0,10.0,2.0,3.0,6.0,3.0,59.0,39.0,28.0,9.0,10.0,2.0,5.0,No unique independent dated result
2025-9900,United Cup,Hard,18.0,A,O,20241229,1.0,CD85,,,Pablo Carreno Busta,R,188.0,ESP,33.467,196.0,292.0,S0H2,,,Alexander Shevchenko,R,188.0,KAZ,24.082,78.0,715.0,6-2 6-1,3,RR,64.0,3.0,0.0,40.0,27.0,21.0,9.0,8.0,1.0,2.0,3.0,4.0,42.0,24.0,14.0,4.0,7.0,2.0,7.0,No unique independent dated result
2025-9900,United Cup,Hard,18.0,A,O,20241229,2.0,Z371,,,Zhizhen Zhang,R,193.0,CHN,28.203,45.0,1155.0,MJ08,,,Thiago Monteiro,L,183.0,BRA,30.582,109.0,566.0,6-3 6-0,3,RR,54.0,10.0,0.0,39.0,30.0,26.0,7.0,8.0,0.0,0.0,3.0,2.0,35.0,22.0,13.0,3.0,7.0,1.0,5.0,No unique independent dated result
2025-9900,United Cup,Hard,18.0,A,O,20241229,3.0,TE51,,,Stefanos Tsitsipas,R,193.0,GRE,26.382,11.0,3165.0,CD85,,,Pablo Carreno Busta,R,188.0,ESP,33.467,196.0,292.0,6-4 4-6 6-3,3,RR,128.0,13.0,6.0,84.0,49.0,40.0,19.0,15.0,1.0,3.0,2.0,3.0,92.0,70.0,48.0,9.0,14.0,6.0,9.0,No unique independent dated result
2025-9900,United Cup,Hard,18.0,A,O,20241229,4.0,CG80,,,Borna Coric,R,188.0,CRO,28.123,90.0,639.0,AG37,,,Felix Auger-Aliassime,R,193.0,CAN,24.392,29.0,1635.0,0-6 6-4 6-4,3,RR,139.0,1.0,6.0,81.0,40.0,26.0,17.0,13.0,5.0,10.0,13.0,3.0,90.0,67.0,43.0,11.0,13.0,8.0,12.0,No unique independent dated result
2025-9900,United Cup,Hard,18.0,A,O,20241229,5.0,HH26,,,Ugo Humbert,L,188.0,FRA,26.511,14.0,2765.0,S0LA,,,Dominic Stricker,L,183.0,SUI,22.371,299.0,173.0,6-3 7-5,3,RR,72.0,10.0,2.0,51.0,34.0,30.0,10.0,11.0,0.0,1.0,10.0,1.0,56.0,34.0,27.0,10.0,10.0,1.0,4.0,No unique independent dated result
2025-9900,United Cup,Hard,18.0,A,O,20241229,6.0,DH58,,,Alex de Minaur,R,183.0,AUS,25.864,9.0,3745.0,EA24,,,Tomas Martin Etcheverry,R,196.0,ARG,25.451,39.0,1315.0,6-1 6-4,3,RR,76.0,8.0,2.0,51.0,26.0,23.0,15.0,9.0,0.0,0.0,2.0,1.0,47.0,28.0,20.0,7.0,8.0,3.0,6.0,No unique independent dated result
2025-9900,United Cup,Hard,18.0,A,O,20241229,7.0,AG37,,,Felix Auger-Aliassime,R,193.0,CAN,24.392,29.0,1635.0,FB98,,,Taylor Fritz,R,196.0,USA,27.17,4.0,5100.0,4-6 7-5 6-3,3,RR,139.0,19.0,4.0,89.0,59.0,47.0,15.0,16.0,2.0,4.0,13.0,1.0,92.0,58.0,42.0,16.0,15.0,1.0,4.0,No unique independent dated result
2025-9900,United Cup,Hard,18.0,A,O,20241229,8.0,C0E9,,,Flavio Cobolli,R,183.0,ITA,22.65,32.0,1472.0,S0LA,,,Dominic Stricker,L,183.0,SUI,22.371,299.0,173.0,6-3 7-6(2),3,RR,89.0,5.0,3.0,67.0,36.0,27.0,22.0,10.0,5.0,5.0,6.0,0.0,62.0,45.0,33.0,7.0,11.0,0.0,2.0,No unique independent dated result
2025-9900,United Cup,Hard,18.0,A,O,20241229,9.0,RH16,,,Casper Ruud,R,183.0,NOR,26.021,6.0,4255.0,M0FH,,,Tomas Machac,R,183.0,CZE,24.211,25.0,1758.0,7-6(6) 5-7 6-4,3,RR,174.0,12.0,6.0,116.0,75.0,56.0,19.0,17.0,6.0,9.0,7.0,13.0,111.0,70.0,50.0,17.0,17.0,2.0,5.0,No unique independent dated result
2025-9900,United Cup,Hard,18.0,A,O,20241229,10.0,Z355,,,Alexander Zverev,R,198.0,GER,27.693,2.0,7915.0,MJ08,,,Thiago Monteiro,L,183.0,BRA,30.582,109.0,566.0,6-4 6-4,3,RR,77.0,11.0,3.0,51.0,32.0,29.0,11.0,10.0,0.0,0.0,5.0,1.0,53.0,32.0,24.0,11.0,10.0,2.0,4.0,No unique independent dated result
2025-9900,United Cup,Hard,18.0,A,O,20241229,11.0,RH16,,,Casper Ruud,R,183.0,NOR,26.021,6.0,4255.0,HB71,,,Hubert Hurkacz,R,196.0,POL,27.88,16.0,2640.0,7-5 6-3,3,RR,83.0,4.0,0.0,61.0,44.0,34.0,12.0,11.0,2.0,2.0,8.0,0.0,58.0,40.0,28.0,8.0,10.0,4.0,6.0,No unique independent dated result
2025-9900,United Cup,Hard,18.0,A,O,20241229,12.0,S0H2,,,Alexander Shevchenko,R,188.0,KAZ,24.082,78.0,715.0,TE51,,,Stefanos Tsitsipas,R,193.0,GRE,26.382,11.0,3165.0,6-4 7-6(0),3,RR,112.0,2.0,3.0,70.0,45.0,31.0,19.0,11.0,1.0,2.0,7.0,4.0,77.0,42.0,30.0,16.0,11.0,2.0,4.0,No unique independent dated result
2025-9900,United Cup,Hard,18.0,A,O,20241229,13.0,Z355,,,Alexander Zverev,R,198.0,GER,27.693,2.0,7915.0,Z371,,,Zhizhen Zhang,R,193.0,CHN,28.203,45.0,1155.0,2-6 6-0 6-2,3,RR,125.0,6.0,3.0,66.0,47.0,36.0,8.0,11.0,3.0,5.0,3.0,1.0,78.0,48.0,31.0,11.0,11.0,4.0,9.0,No unique independent dated result
2025-9900,United Cup,Hard,18.0,A,O,20241229,14.0,EA24,,,Tomas Martin Etcheverry,R,196.0,ARG,25.451,39.0,1315.0,HD68,,,Billy Harris,R,193.0,GBR,29.927,125.0,474.0,3-6 6-3 6-2,3,RR,164.0,10.0,1.0,93.0,61.0,44.0,18.0,13.0,8.0,9.0,9.0,4.0,90.0,50.0,37.0,18.0,13.0,6.0,9.0,No unique independent dated result
2025-9900,United Cup,Hard,18.0,A,O,20241229,15.0,FB98,,,Taylor Fritz,R,196.0,USA,27.17,4.0,5100.0,CG80,,,Borna Coric,R,188.0,CRO,28.123,90.0,639.0,6-3 6-2,3,RR,91.0,5.0,1.0,56.0,28.0,22.0,17.0,9.0,2.0,2.0,3.0,5.0,54.0,27.0,19.0,11.0,8.0,4.0,7.0,No unique independent dated result
2025-9900,United Cup,Hard,18.0,A,O,20241229,16.0,C0E9,,,Flavio Cobolli,R,183.0,ITA,22.65,32.0,1472.0,HH26,,,Ugo Humbert,L,188.0,FRA,26.511,14.0,2765.0,3-6 7-6(8) 6-2,3,RR,126.0,11.0,0.0,89.0,57.0,41.0,21.0,14.0,2.0,4.0,10.0,2.0,83.0,46.0,36.0,24.0,15.0,1.0,4.0,No unique independent dated result
2025-9900,United Cup,Hard,18.0,A,O,20241229,17.0,FB98,,,Taylor Fritz,R,196.0,USA,27.17,4.0,5100.0,Z371,,,Zhizhen Zhang,R,193.0,CHN,28.203,45.0,1155.0,6-4 6-4,3,RR,79.0,8.0,1.0,44.0,33.0,30.0,10.0,10.0,0.0,0.0,8.0,0.0,72.0,48.0,36.0,9.0,10.0,7.0,9.0,No unique independent dated result
2025-9900,United Cup,Hard,18.0,A,O,20241229,18.0,S0H2,,,Alexander Shevchenko,R,188.0,KAZ,24.082,78.0,715.0,MN20,,,Daniel Masur,R,183.0,GER,30.146,254.0,217.0,6-7(5) 6-2 6-2,3,RR,133.0,11.0,4.0,84.0,57.0,42.0,16.0,14.0,4.0,5.0,3.0,2.0,104.0,72.0,44.0,15.0,14.0,8.0,13.0,No unique independent dated result
2025-9900,United Cup,Hard,18.0,A,O,20241229,19.0,M0FH,,,Tomas Machac,R,183.0,CZE,24.211,25.0,1758.0,HB71,,,Hubert Hurkacz,R,196.0,POL,27.88,16.0,2640.0,7-5 3-6 6-4,3,RR,115.0,8.0,5.0,83.0,52.0,43.0,14.0,15.0,2.0,3.0,14.0,3.0,85.0,55.0,40.0,21.0,16.0,3.0,5.0,No unique independent dated result
2025-9900,United Cup,Hard,18.0,A,O,20241229,20.0,DH58,,,Alex de Minaur,R,183.0,AUS,25.864,9.0,3745.0,HD68,,,Billy Harris,R,193.0,GBR,29.927,125.0,474.0,6-2 6-1,3,RR,76.0,6.0,2.0,40.0,19.0,17.0,13.0,7.0,3.0,3.0,3.0,1.0,56.0,36.0,17.0,9.0,8.0,2.0,7.0,No unique independent dated result
2025-9900,United Cup,Hard,18.0,A,O,20241229,21.0,HB71,,,Hubert Hurkacz,R,196.0,POL,27.88,16.0,2640.0,HD68,,,Billy Harris,R,193.0,GBR,29.927,125.0,474.0,7-6(3) 7-5,3,RR,105.0,18.0,0.0,67.0,51.0,45.0,9.0,12.0,3.0,3.0,7.0,2.0,79.0,54.0,42.0,12.0,12.0,2.0,3.0,No unique independent dated result
2025-9900,United Cup,Hard,18.0,A,O,20241229,22.0,M0FH,,,Tomas Machac,R,183.0,CZE,24.211,25.0,1758.0,C0E9,,,Flavio Cobolli,R,183.0,ITA,22.65,32.0,1472.0,6-1 6-2,3,RR,54.0,9.0,2.0,43.0,27.0,23.0,11.0,8.0,0.0,0.0,1.0,4.0,35.0,19.0,10.0,6.0,7.0,0.0,4.0,No unique independent dated result
2025-9900,United Cup,Hard,18.0,A,O,20241229,24.0,HB71,,,Hubert Hurkacz,R,196.0,POL,27.88,16.0,2640.0,S0H2,,,Alexander Shevchenko,R,188.0,KAZ,24.082,78.0,715.0,6-3 6-2,3,RR,58.0,10.0,0.0,46.0,35.0,28.0,8.0,9.0,0.0,0.0,1.0,1.0,49.0,34.0,18.0,9.0,8.0,1.0,4.0,No unique independent dated result
2025-9900,United Cup,Hard,18.0,A,O,20241229,25.0,FB98,,,Taylor Fritz,R,196.0,USA,27.17,4.0,5100.0,HB71,,,Hubert Hurkacz,R,196.0,POL,27.88,16.0,2640.0,6-4 5-7 7-6(4),3,F,138.0,13.0,3.0,96.0,62.0,51.0,20.0,17.0,0.0,1.0,17.0,0.0,96.0,64.0,51.0,20.0,17.0,1.0,2.0,No unique independent dated result
2025-339,Brisbane,Hard,32.0,250,O,20241229,17.0,L0BV,,,Jiri Lehecka,R,185.0,CZE,23.14,28.0,1660.0,N732,,,Yoshihito Nishioka,L,170.0,JPN,29.257,69.0,776.0,6-2 6-7(5) 6-4,3,R16,139.0,17.0,3.0,81.0,51.0,45.0,17.0,15.0,2.0,3.0,3.0,3.0,107.0,75.0,49.0,16.0,15.0,8.0,12.0,No unique independent dated result
2025-339,Brisbane,Hard,32.0,250,O,20241229,18.0,J551,,,Nicolas Jarry,R,201.0,CHI,29.218,35.0,1370.0,BM95,,,Benjamin Bonzi,R,183.0,FRA,28.556,75.0,730.0,6-2 6-3,3,R16,65.0,10.0,0.0,43.0,30.0,27.0,6.0,9.0,0.0,1.0,4.0,2.0,51.0,35.0,18.0,9.0,8.0,3.0,7.0,No unique independent dated result
2025-339,Brisbane,Hard,32.0,250,O,20241229,19.0,D875,,,Grigor Dimitrov,R,191.0,BUL,33.624,10.0,3350.0,V832,,,Aleksandar Vukic,R,188.0,AUS,28.731,68.0,778.0,6-2 7-6(5),3,R16,83.0,12.0,1.0,53.0,33.0,31.0,13.0,10.0,0.0,0.0,5.0,4.0,74.0,44.0,31.0,15.0,10.0,8.0,10.0,No unique independent dated result
2025-339,Brisbane,Hard,32.0,250,O,20241229,20.0,TC61,,,Jordan Thompson,R,183.0,AUS,30.694,26.0,1745.0,M0QI,,,Alex Michelsen,R,193.0,USA,20.345,41.0,1245.0,7-5 6-3,3,R16,102.0,3.0,1.0,60.0,37.0,28.0,15.0,10.0,6.0,7.0,4.0,2.0,65.0,46.0,29.0,9.0,11.0,3.0,7.0,No unique independent dated result
2025-339,Brisbane,Hard,32.0,250,O,20241229,21.0,M0NI,,,Jakub Mensik,R,196.0,CZE,19.326,48.0,1136.0,L987,,,Dusan Lajovic,R,183.0,SRB,34.5,81.0,710.0,6-3 6-2,3,R16,65.0,4.0,0.0,51.0,38.0,27.0,9.0,9.0,2.0,3.0,5.0,1.0,55.0,43.0,21.0,6.0,8.0,5.0,9.0,No unique independent dated result
2025-339,Brisbane,Hard,32.0,250,O,20241229,22.0,O522,,,Reilly Opelka,R,211.0,USA,27.337,293.0,176.0,A0FC,,,Matteo Arnaldi,R,185.0,ITA,23.849,37.0,1345.0,7-6(9) 7-6(4),3,R16,116.0,25.0,6.0,86.0,58.0,49.0,13.0,12.0,1.0,2.0,8.0,2.0,75.0,40.0,34.0,21.0,12.0,1.0,2.0,No unique independent dated result
2025-339,Brisbane,Hard,32.0,250,O,20241229,23.0,M0GZ,,,Giovanni Mpetshi Perricard,R,203.0,FRA,21.478,31.0,1561.0,TD51,,,Frances Tiafoe,R,188.0,USA,26.94,18.0,2585.0,6-4 7-6(4),3,R16,92.0,20.0,4.0,75.0,50.0,40.0,11.0,11.0,2.0,2.0,6.0,2.0,72.0,38.0,31.0,16.0,11.0,2.0,3.0,No unique independent dated result
2025-339,Brisbane,Hard,32.0,250,O,20241229,24.0,D643,,,Novak Djokovic,R,188.0,SRB,37.607,7.0,3910.0,MC65,,,Gael Monfils,R,193.0,FRA,38.327,55.0,1005.0,6-3 6-3,3,R16,72.0,5.0,1.0,52.0,34.0,26.0,12.0,9.0,1.0,1.0,4.0,4.0,48.0,34.0,21.0,6.0,9.0,0.0,3.0,No unique independent dated result
2025-339,Brisbane,Hard,32.0,250,O,20241229,25.0,L0BV,,,Jiri Lehecka,R,185.0,CZE,23.14,28.0,1660.0,J551,,,Nicolas Jarry,R,201.0,CHI,29.218,35.0,1370.0,6-4 6-4,3,QF,89.0,10.0,2.0,66.0,39.0,31.0,14.0,10.0,5.0,5.0,8.0,2.0,62.0,39.0,28.0,11.0,10.0,3.0,5.0,No unique independent dated result
2025-339,Brisbane,Hard,32.0,250,O,20241229,27.0,M0GZ,,,Giovanni Mpetshi Perricard,R,203.0,FRA,21.478,31.0,1561.0,M0NI,,,Jakub Mensik,R,196.0,CZE,19.326,48.0,1136.0,7-5 7-6(5),3,QF,92.0,19.0,2.0,72.0,47.0,37.0,18.0,12.0,0.0,0.0,10.0,5.0,78.0,48.0,38.0,16.0,12.0,1.0,2.0,No unique independent dated result
2025-339,Brisbane,Hard,32.0,250,O,20241229,28.0,O522,,,Reilly Opelka,R,211.0,USA,27.337,293.0,176.0,D643,,,Novak Djokovic,R,188.0,SRB,37.607,7.0,3910.0,7-6(6) 6-3,3,QF,100.0,16.0,1.0,64.0,49.0,38.0,13.0,11.0,1.0,1.0,8.0,1.0,73.0,53.0,38.0,12.0,10.0,4.0,5.0,No unique independent dated result
2025-339,Brisbane,Hard,32.0,250,O,20241229,30.0,O522,,,Reilly Opelka,R,211.0,USA,27.337,293.0,176.0,M0GZ,,,Giovanni Mpetshi Perricard,R,203.0,FRA,21.478,31.0,1561.0,6-3 7-6(4),3,SF,86.0,12.0,2.0,64.0,45.0,38.0,13.0,11.0,4.0,4.0,10.0,5.0,69.0,48.0,38.0,9.0,10.0,1.0,2.0,No unique independent dated result
2025-336,Hong Kong,Hard,28.0,250,O,20241229,13.0,MP20,,,Alexandre Muller,R,183.0,FRA,27.907,67.0,778.0,KI95,,,Miomir Kecmanovic,R,183.0,SRB,25.331,54.0,1021.0,5-7 7-6(6) 7-6(10),3,R16,210.0,9.0,2.0,122.0,86.0,61.0,16.0,18.0,5.0,10.0,4.0,5.0,139.0,83.0,57.0,26.0,18.0,5.0,9.0,No unique independent dated result
2025-336,Hong Kong,Hard,28.0,250,O,20241229,14.0,N771,,,Cameron Norrie,L,188.0,GBR,29.352,49.0,1119.0,SU87,,,Lorenzo Sonego,R,191.0,ITA,29.637,53.0,1026.0,6-2 4-6 6-1,3,R16,144.0,4.0,1.0,70.0,52.0,37.0,13.0,12.0,2.0,3.0,7.0,0.0,75.0,52.0,38.0,7.0,13.0,4.0,9.0,No unique independent dated result
2025-336,Hong Kong,Hard,28.0,250,O,20241229,15.0,F0F1,,,Arthur Fils,R,185.0,FRA,20.548,20.0,2355.0,BU13,,,Zizou Bergs,R,185.0,BEL,25.574,71.0,768.0,7-6(7) 6-4,3,R16,100.0,6.0,2.0,67.0,39.0,32.0,15.0,11.0,0.0,2.0,5.0,2.0,71.0,46.0,34.0,11.0,11.0,2.0,5.0,No unique independent dated result
2025-336,Hong Kong,Hard,28.0,250,O,20241229,16.0,N552,,,Kei Nishikori,R,178.0,JPN,35.001,106.0,578.0,KE29,,,Karen Khachanov,R,198.0,RUS,28.608,19.0,2410.0,4-6 6-3 7-5,3,R16,129.0,1.0,1.0,90.0,62.0,43.0,17.0,16.0,5.0,8.0,7.0,5.0,90.0,59.0,41.0,14.0,15.0,3.0,7.0,No unique independent dated result
2025-336,Hong Kong,Hard,28.0,250,O,20241229,17.0,MU94,,,Jaume Munar,R,183.0,ESP,27.652,62.0,832.0,BT72,,,Nuno Borges,R,185.0,POR,27.858,36.0,1355.0,6-3 7-5,3,R16,83.0,5.0,0.0,57.0,35.0,30.0,11.0,11.0,0.0,1.0,2.0,4.0,59.0,36.0,26.0,10.0,10.0,1.0,4.0,No unique independent dated result
2025-336,Hong Kong,Hard,28.0,250,O,20241229,18.0,M0EJ,,,Lorenzo Musetti,R,185.0,ITA,22.825,17.0,2600.0,D0F6,,,Gabriel Diallo,R,203.0,CAN,23.264,87.0,643.0,6-4 6-3,3,R16,86.0,6.0,3.0,49.0,37.0,30.0,7.0,9.0,2.0,2.0,6.0,2.0,70.0,49.0,32.0,9.0,10.0,7.0,10.0,No unique independent dated result
2025-336,Hong Kong,Hard,28.0,250,O,20241229,19.0,S0RE,,,Juncheng Shang,L,180.0,CHN,19.904,50.0,1115.0,MO44,,,Pedro Martinez,R,185.0,ESP,27.677,43.0,1205.0,6-3 6-1,3,R16,77.0,9.0,2.0,54.0,40.0,32.0,5.0,8.0,6.0,6.0,5.0,6.0,49.0,33.0,23.0,2.0,8.0,3.0,7.0,No unique independent dated result
2025-336,Hong Kong,Hard,28.0,250,O,20241229,20.0,M0CI,,,Fabian Marozsan,R,193.0,HUN,25.227,58.0,935.0,RE44,,,Andrey Rublev,R,188.0,RUS,27.192,8.0,3760.0,7-5 3-6 6-3,3,R16,118.0,5.0,2.0,103.0,67.0,45.0,15.0,15.0,10.0,13.0,10.0,3.0,85.0,53.0,39.0,15.0,15.0,5.0,9.0,No unique independent dated result
2025-336,Hong Kong,Hard,28.0,250,O,20241229,21.0,MP20,,,Alexandre Muller,R,183.0,FRA,27.907,67.0,778.0,F0F1,,,Arthur Fils,R,185.0,FRA,20.548,20.0,2355.0,3-6 6-3 6-1,3,QF,111.0,3.0,1.0,89.0,57.0,41.0,14.0,12.0,11.0,13.0,3.0,9.0,69.0,31.0,21.0,19.0,13.0,3.0,8.0,No unique independent dated result
2025-336,Hong Kong,Hard,28.0,250,O,20241229,22.0,MU94,,,Jaume Munar,R,183.0,ESP,27.652,62.0,832.0,M0EJ,,,Lorenzo Musetti,R,185.0,ITA,22.825,17.0,2600.0,2-6 7-6(4) 7-5,3,QF,156.0,2.0,4.0,102.0,69.0,47.0,17.0,16.0,7.0,11.0,9.0,4.0,102.0,69.0,54.0,11.0,16.0,4.0,7.0,No unique independent dated result
2025-336,Hong Kong,Hard,28.0,250,O,20241229,23.0,S0RE,,,Juncheng Shang,L,180.0,CHN,19.904,50.0,1115.0,M0CI,,,Fabian Marozsan,R,193.0,HUN,25.227,58.0,935.0,1-6 6-3 6-4,3,QF,104.0,9.0,4.0,77.0,57.0,44.0,6.0,13.0,4.0,6.0,6.0,2.0,81.0,55.0,43.0,11.0,13.0,6.0,8.0,No unique independent dated result
2025-336,Hong Kong,Hard,28.0,250,O,20241229,24.0,N552,,,Kei Nishikori,R,178.0,JPN,35.001,106.0,578.0,N771,,,Cameron Norrie,L,188.0,GBR,29.352,49.0,1119.0,6-3 3-6 6-2,3,QF,101.0,4.0,1.0,75.0,55.0,43.0,9.0,13.0,1.0,2.0,8.0,3.0,79.0,55.0,38.0,11.0,13.0,2.0,5.0,No unique independent dated result
2025-336,Hong Kong,Hard,28.0,250,O,20241229,25.0,MP20,,,Alexandre Muller,R,183.0,FRA,27.907,67.0,778.0,MU94,,,Jaume Munar,R,183.0,ESP,27.652,62.0,832.0,4-6 7-6(5) 6-4,3,SF,145.0,4.0,3.0,94.0,62.0,47.0,20.0,16.0,2.0,4.0,6.0,2.0,99.0,73.0,54.0,16.0,16.0,2.0,4.0,No unique independent dated result
2025-336,Hong Kong,Hard,28.0,250,O,20241229,27.0,MP20,,,Alexandre Muller,R,183.0,FRA,27.907,67.0,778.0,N552,,,Kei Nishikori,R,178.0,JPN,35.001,106.0,578.0,2-6 6-1 6-3,3,F,103.0,2.0,1.0,77.0,60.0,44.0,7.0,12.0,4.0,6.0,4.0,1.0,75.0,48.0,28.0,14.0,12.0,4.0,8.0,No unique independent dated result
2025-8998,Adelaide,Hard,28.0,250,O,20250106,1.0,SU55,,,Denis Shapovalov,L,185.0,CAN,25.73,58.0,981.0,Z371,,,Zhizhen Zhang,R,193.0,CHN,28.225,47.0,1140.0,6-3 6-4,3,R32,67.0,9.0,4.0,54.0,32.0,31.0,12.0,10.0,0.0,0.0,4.0,2.0,53.0,30.0,21.0,14.0,9.0,3.0,5.0,No unique independent dated result
2025-580,Australian Open,Hard,128.0,G,O,20250113,5.0,R0DG,13.0,,Holger Rune,R,188.0,DEN,21.711,13.0,2910.0,Z371,,,Zhizhen Zhang,R,193.0,CHN,28.244,49.0,1140.0,4-6 6-3 6-4 3-6 6-4,5,R128,190.0,10.0,4.0,131.0,86.0,62.0,31.0,24.0,3.0,6.0,21.0,2.0,142.0,92.0,71.0,22.0,24.0,6.0,10.0,No unique independent dated result
2025-M-DC-2025-QLS-M-SWE-ARG-01,Davis Cup QLS R1: SWE vs ARG,Hard,4.0,D,,20250131,1.0,DH58,,,Alex de Minaur,R,183.0,AUS,25.955,8.0,3735.0,Y268,,,Mikael Ymer,R,185.0,SWE,26.396,,,7-5 6-1,3,RR,,,,,,,,,,,,,,,,,,,,No unique independent dated result
2025-M-DC-2025-QLS-M-SWE-ARG-01,Davis Cup QLS R1: SWE vs ARG,Hard,4.0,D,,20250131,2.0,V832,,,Aleksandar Vukic,R,188.0,AUS,28.821,66.0,868.0,B0JG,,,Leo Borg,R,183.0,SWE,21.717,484.0,82.0,6-4 6-4,3,RR,,,,,,,,,,,,,,,,,,,,No unique independent dated result
2025-M-DC-2025-QLS-M-SWE-ARG-01,Davis Cup QLS R1: SWE vs ARG,Hard,4.0,D,,20250131,3.0,B0JG,,,Leo Borg,R,183.0,SWE,21.717,484.0,82.0,PC96,,,John Peers,R,188.0,AUS,36.52,,,7-5 6-4,3,RR,,,,,,,,,,,,,,,,,,,,No unique independent dated result
2025-M-DC-2025-QLS-M-CAN-HUN-01,Davis Cup QLS R1: CAN vs HUN,Hard,4.0,D,,20250131,1.0,M0CI,,,Fabian Marozsan,R,193.0,HUN,25.317,58.0,960.0,GK06,,,Alexis Galarneau,R,180.0,CAN,25.919,176.0,326.0,6-3 3-6 6-3,3,RR,,,,,,,,,,,,,,,,,,,,No unique independent dated result
2025-M-DC-2025-QLS-M-CAN-HUN-01,Davis Cup QLS R1: CAN vs HUN,Hard,4.0,D,,20250131,2.0,F724,,,Marton Fucsovics,R,188.0,HUN,32.98,96.0,616.0,D0F6,,,Gabriel Diallo,R,203.0,CAN,23.354,85.0,672.0,3-6 6-2 6-2,3,RR,,,,,,,,,,,,,,,,,,,,No unique independent dated result
2025-M-DC-2025-QLS-M-CAN-HUN-01,Davis Cup QLS R1: CAN vs HUN,Hard,4.0,D,,20250131,3.0,D0F6,,,Gabriel Diallo,R,203.0,CAN,23.354,85.0,672.0,M0CI,,,Fabian Marozsan,R,193.0,HUN,25.317,58.0,960.0,6-1 6-3,3,RR,,,,,,,,,,,,,,,,,,,,No unique independent dated result
2025-M-DC-2025-QLS-M-CAN-HUN-01,Davis Cup QLS R1: CAN vs HUN,Hard,4.0,D,,20250131,4.0,F724,,,Marton Fucsovics,R,188.0,HUN,32.98,96.0,616.0,GK06,,,Alexis Galarneau,R,180.0,CAN,25.919,176.0,326.0,7-6(8) 6-4,3,RR,,,,,,,,,,,,,,,,,,,,No unique independent dated result
2025-M-DC-2025-QLS-M-ISR-GER-01,Davis Cup QLS R1: ISR vs GER,Hard,4.0,D,,20250131,1.0,MN13,,,Maximilian Marterer,L,188.0,GER,29.632,198.0,303.0,O674,,,Yshai Oliel,L,188.0,ISR,25.073,531.0,69.0,6-2 5-7 6-4,3,RR,,,,,,,,,,,,,,,,,,,,No unique independent dated result
2025-M-DC-2025-QLS-M-ISR-GER-01,Davis Cup QLS R1: ISR vs GER,Hard,4.0,D,,20250131,2.0,H997,,,Yannick Hanfmann,R,193.0,GER,33.218,92.0,618.0,CL82,,,Daniel Cukierman,R,,ISR,29.566,556.0,63.0,6-4 6-4,3,RR,,,,,,,,,,,,,,,,,,,,No unique independent dated result
2025-M-DC-2025-QLS-M-TPE-USA-01,Davis Cup QLS R1: TPE vs USA,Hard,4.0,D,,20250131,1.0,GC88,,,Marcos Giron,R,180.0,USA,31.524,43.0,1265.0,T0AP,,,Chun-Hsin Tseng,R,175.0,TPE,23.483,119.0,509.0,6-2 6-2,3,RR,,,,,,,,,,,,,,,,,,,,No unique independent dated result
2025-M-DC-2025-QLS-M-TPE-USA-01,Davis Cup QLS R1: TPE vs USA,Hard,4.0,D,,20250131,2.0,M0QI,,,Alex Michelsen,R,193.0,USA,20.435,36.0,1370.0,W857,,,Tung-Lin Wu,R,188.0,TPE,26.724,240.0,241.0,7-6(4) 6-3,3,RR,,,,,,,,,,,,,,,,,,,,No unique independent dated result
2025-M-DC-2025-QLS-M-TPE-USA-01,Davis Cup QLS R1: TPE vs USA,Hard,4.0,D,,20250131,3.0,MK66,,,Mackenzie McDonald,R,178.0,USA,29.796,125.0,488.0,H0B5,,,Tsung-Hao Huang,R,173.0,TPE,25.194,680.0,42.0,6-2 6-3,3,RR,,,,,,,,,,,,,,,,,,,,No unique independent dated result
2025-M-DC-2025-QLS-M-DEN-SRB-01,Davis Cup QLS R1: DEN vs SRB,Hard,4.0,D,,20250131,1.0,KI95,,,Miomir Kecmanovic,R,183.0,SRB,25.421,55.0,996.0,M0K4,,,Elmer Moller,R,183.0,DEN,21.566,149.0,372.0,3-6 6-2 6-1,3,RR,,,,,,,,,,,,,,,,,,,,No unique independent dated result
2025-M-DC-2025-QLS-M-DEN-SRB-01,Davis Cup QLS R1: DEN vs SRB,Hard,4.0,D,,20250131,2.0,M0JF,,,Hamad Medjedovic,R,188.0,SRB,21.541,94.0,617.0,R0DG,,,Holger Rune,R,188.0,DEN,21.76,12.0,3060.0,2-6 6-3 6-1,3,RR,,,,,,,,,,,,,,,,,,,,No unique independent dated result
2025-M-DC-2025-QLS-M-DEN-SRB-01,Davis Cup QLS R1: DEN vs SRB,Hard,4.0,D,,20250131,3.0,R0DG,,,Holger Rune,R,188.0,DEN,21.76,12.0,3060.0,KI95,,,Miomir Kecmanovic,R,183.0,SRB,25.421,55.0,996.0,6-2 6-4,3,RR,,,,,,,,,,,,,,,,,,,,No unique independent dated result
2025-M-DC-2025-QLS-M-DEN-SRB-01,Davis Cup QLS R1: DEN vs SRB,Hard,4.0,D,,20250131,4.0,M0K4,,,Elmer Moller,R,183.0,DEN,21.566,149.0,372.0,M0JF,,,Hamad Medjedovic,R,188.0,SRB,21.541,94.0,617.0,1-6 6-4 6-3,3,RR,,,,,,,,,,,,,,,,,,,,No unique independent dated result
2025-M-DC-2025-QLS-M-CRO-SVK-01,Davis Cup QLS R1: CRO vs SVK,Hard,4.0,D,,20250131,1.0,A0CJ,,,Duje Ajdukovic,R,188.0,CRO,23.986,158.0,354.0,KI63,,,Lukas Klein,R,193.0,SVK,26.864,153.0,365.0,7-6(4) 6-3,3,RR,,,,,,,,,,,,,,,,,,,,No unique independent dated result
2025-M-DC-2025-QLS-M-CRO-SVK-01,Davis Cup QLS R1: CRO vs SVK,Hard,4.0,D,,20250131,2.0,P0HW,,,Dino Prizmic,R,188.0,CRO,19.491,368.0,134.0,KC04,,,Jozef Kovalik,R,183.0,SVK,32.241,127.0,484.0,6-2 6-2,3,RR,,,,,,,,,,,,,,,,,,,,No unique independent dated result
2025-M-DC-2025-QLS-M-CRO-SVK-01,Davis Cup QLS R1: CRO vs SVK,Hard,4.0,D,,20250131,3.0,GB93,,,Norbert Gombos,R,193.0,SVK,34.47,408.0,115.0,D0L3,,,Matej Dodig,R,188.0,CRO,19.537,263.0,204.0,6-4 6-4,3,RR,,,,,,,,,,,,,,,,,,,,No unique independent dated result
2025-M-DC-2025-QLS-M-FRA-BRA-01,Davis Cup QLS R1: FRA vs BRA,Hard,4.0,D,,20250131,1.0,HH26,,,Ugo Humbert,L,188.0,FRA,26.601,15.0,2865.0,F0FV,,,Joao Fonseca,R,188.0,BRA,18.448,99.0,600.0,7-5 6-3,3,RR,,,,,,,,,,,,,,,,,,,,No unique independent dated result
2025-M-DC-2025-QLS-M-FRA-BRA-01,Davis Cup QLS R1: FRA vs BRA,Hard,4.0,D,,20250131,2.0,F0F1,,,Arthur Fils,R,185.0,FRA,20.638,19.0,2330.0,SX91,,,Thiago Seyboth Wild,R,185.0,BRA,24.895,76.0,732.0,6-1 6-4,3,RR,,,,,,,,,,,,,,,,,,,,No unique independent dated result
2025-M-DC-2025-QLS-M-FRA-BRA-01,Davis Cup QLS R1: FRA vs BRA,Hard,4.0,D,,20250131,3.0,M0GZ,,,Giovanni Mpetshi Perricard,R,203.0,FRA,21.569,30.0,1645.0,P0DF,,,Matheus Pucinelli De Almeida,R,183.0,BRA,23.836,302.0,173.0,6-4 6-4,3,RR,,,,,,,,,,,,,,,,,,,,No unique independent dated result
2025-M-DC-2025-QLS-M-ESP-SUI-01,Davis Cup QLS R1: ESP vs SUI,Hard,4.0,D,,20250131,1.0,MO44,,,Pedro Martinez,R,185.0,ESP,27.767,44.0,1220.0,S0LA,,,Dominic Stricker,L,183.0,SUI,22.461,287.0,183.0,6-4 7-6(7),3,RR,,,,,,,,,,,,,,,,,,,,No unique independent dated result
2025-M-DC-2025-QLS-M-ESP-SUI-01,Davis Cup QLS R1: ESP vs SUI,Hard,4.0,D,,20250131,2.0,CF59,,,Roberto Carballes Baena,R,183.0,ESP,31.86,51.0,1071.0,K0EP,,,Jerome Kym,R,198.0,SUI,21.969,136.0,444.0,6-4 6-4,3,RR,,,,,,,,,,,,,,,,,,,,No unique independent dated result
2025-M-DC-2025-QLS-M-CZE-KOR-01,Davis Cup QLS R1: CZE vs KOR,Hard,4.0,D,,20250131,1.0,L0BV,,,Jiri Lehecka,R,185.0,CZE,23.231,24.0,1810.0,C0MH,,,Gerard Campana Lee,R,183.0,KOR,20.334,381.0,127.0,6-3 6-3,3,RR,,,,,,,,,,,,,,,,,,,,No unique independent dated result
2025-M-DC-2025-QLS-M-CZE-KOR-01,Davis Cup QLS R1: CZE vs KOR,Hard,4.0,D,,20250131,2.0,M0FH,,,Tomas Machac,R,183.0,CZE,24.301,25.0,1805.0,KF17,,,Soonwoo Kwon,R,180.0,KOR,27.165,363.0,135.0,6-2 6-2,3,RR,,,,,,,,,,,,,,,,,,,,No unique independent dated result
2025-M-DC-2025-QLS-M-CZE-KOR-01,Davis Cup QLS R1: CZE vs KOR,Hard,4.0,D,,20250131,3.0,M0SE,,,Maxim Mrva,R,178.0,CZE,17.5,881.0,20.0,S09P,,,Sanhui Shin,R,178.0,KOR,27.874,665.0,44.0,7-6(4) 7-6(5),3,RR,,,,,,,,,,,,,,,,,,,,No unique independent dated result
2025-M-DC-2025-QLS-M-JPN-GBR-01,Davis Cup QLS R1: JPN vs GBR,Hard,4.0,D,,20250131,1.0,N732,,,Yoshihito Nishioka,L,170.0,JPN,29.347,67.0,847.0,HD68,,,Billy Harris,R,193.0,GBR,30.018,129.0,481.0,7-5 6-1,3,RR,,,,,,,,,,,,,,,,,,,,No unique independent dated result
2025-M-DC-2025-QLS-M-JPN-GBR-01,Davis Cup QLS R1: JPN vs GBR,Hard,4.0,D,,20250131,2.0,F0BY,,,Jacob Fearnley,R,183.0,GBR,23.548,77.0,731.0,N552,,,Kei Nishikori,R,178.0,JPN,35.091,70.0,793.0,6-3 6-3,3,RR,,,,,,,,,,,,,,,,,,,,No unique independent dated result
2025-M-DC-2025-QLS-M-JPN-GBR-01,Davis Cup QLS R1: JPN vs GBR,Hard,4.0,D,,20250131,3.0,N732,,,Yoshihito Nishioka,L,170.0,JPN,29.347,67.0,847.0,F0BY,,,Jacob Fearnley,R,183.0,GBR,23.548,77.0,731.0,6-3 7-6(0),3,RR,,,,,,,,,,,,,,,,,,,,No unique independent dated result
2025-M-DC-2025-QLS-M-JPN-GBR-01,Davis Cup QLS R1: JPN vs GBR,Hard,4.0,D,,20250131,4.0,N552,,,Kei Nishikori,R,178.0,JPN,35.091,70.0,793.0,HD68,,,Billy Harris,R,193.0,GBR,30.018,129.0,481.0,6-2 6-3,3,RR,,,,,,,,,,,,,,,,,,,,No unique independent dated result
2025-M-DC-2025-QLS-M-AUT-FIN-01,Davis Cup QLS R1: AUT vs FIN,Hard,4.0,D,,20250131,1.0,N0CS,,,Lukas Neumayer,R,183.0,AUT,22.404,219.0,269.0,V0AM,,,Otto Virtanen,R,193.0,FIN,23.614,97.0,614.0,6-4 6-7(4) 6-3,3,RR,,,,,,,,,,,,,,,,,,,,No unique independent dated result
2025-M-DC-2025-QLS-M-AUT-FIN-01,Davis Cup QLS R1: AUT vs FIN,Hard,4.0,D,,20250131,2.0,R09X,,,Jurij Rodionov,L,191.0,AUT,25.714,155.0,359.0,V993,,,Eero Vasa,R,185.0,FIN,27.997,568.0,61.0,2-6 6-3 6-3,3,RR,,,,,,,,,,,,,,,,,,,,No unique independent dated result
2025-M-DC-2025-QLS-M-AUT-FIN-01,Davis Cup QLS R1: AUT vs FIN,Hard,4.0,D,,20250131,3.0,M0JZ,,,Filip Misolic,R,180.0,AUT,23.483,314.0,164.0,V993,,,Eero Vasa,R,185.0,FIN,27.997,568.0,61.0,6-4 6-0,3,RR,,,,,,,,,,,,,,,,,,,,No unique independent dated result
2025-M-DC-2025-QLS-M-BEL-CHI-01,Davis Cup QLS R1: BEL vs CHI,Hard,4.0,D,,20250131,1.0,BU13,,,Zizou Bergs,R,185.0,BEL,25.665,60.0,932.0,BS86,,,Tomas Barrios Vera,R,191.0,CHI,27.143,137.0,432.0,6-4 6-3,3,RR,,,,,,,,,,,,,,,,,,,,No unique independent dated result
2025-M-DC-2025-QLS-M-BEL-CHI-01,Davis Cup QLS R1: BEL vs CHI,Hard,4.0,D,,20250131,2.0,GD64,,,Cristian Garin,R,185.0,CHI,28.674,133.0,452.0,B0PG,,,Alexander Blockx,R,193.0,BEL,19.817,146.0,380.0,7-6(6) 6-1,3,RR,,,,,,,,,,,,,,,,,,,,No unique independent dated result
2025-M-DC-2025-QLS-M-BEL-CHI-01,Davis Cup QLS R1: BEL vs CHI,Hard,4.0,D,,20250131,3.0,BU13,,,Zizou Bergs,R,185.0,BEL,25.665,60.0,932.0,GD64,,,Cristian Garin,R,185.0,CHI,28.674,133.0,452.0,6-3 4-6 7-5,3,RR,,,,,,,,,,,,,,,,,,,,No unique independent dated result
2025-M-DC-2025-QLS-M-NOR-ARG-01,Davis Cup QLS R1: NOR vs ARG,Hard,4.0,D,,20250131,1.0,EA24,,,Tomas Martin Etcheverry,R,196.0,ARG,25.541,42.0,1265.0,B0U4,,,Nicolai Budkov Kjaer,R,191.0,NOR,18.418,506.0,77.0,7-5 2-6 7-6(5),3,RR,,,,,,,,,,,,,,,,,,,,No unique independent dated result
2025-M-DC-2025-QLS-M-NOR-ARG-01,Davis Cup QLS R1: NOR vs ARG,Hard,4.0,D,,20250131,2.0,RH16,,,Casper Ruud,R,183.0,NOR,26.111,5.0,4160.0,N0BS,,,Mariano Navone,R,178.0,ARG,23.926,49.0,1158.0,6-3 6-3,3,RR,,,,,,,,,,,,,,,,,,,,No unique independent dated result
2025-M-DC-2025-QLS-M-NOR-ARG-01,Davis Cup QLS R1: NOR vs ARG,Hard,4.0,D,,20250131,3.0,RH16,,,Casper Ruud,R,183.0,NOR,26.111,5.0,4160.0,EA24,,,Tomas Martin Etcheverry,R,196.0,ARG,25.541,42.0,1265.0,6-3 6-3,3,RR,,,,,,,,,,,,,,,,,,,,No unique independent dated result
2025-M-DC-2025-QLS-M-NOR-ARG-01,Davis Cup QLS R1: NOR vs ARG,Hard,4.0,D,,20250131,4.0,N0BS,,,Mariano Navone,R,178.0,ARG,23.926,49.0,1158.0,B0U4,,,Nicolai Budkov Kjaer,R,191.0,NOR,18.418,506.0,77.0,4-6 6-3 6-4,3,RR,,,,,,,,,,,,,,,,,,,,No unique independent dated result
2025-M-DC-2025-WG1-PO-ECU-URU-01,Davis Cup WG1 PO: ECU vs URU,Hard,4.0,D,,20250201,1.0,AG08,,,Andres Andrade,R,180.0,ECU,26.136,241.0,239.0,L0CI,,,Francisco Llanes,R,178.0,URU,22.798,,,6-4 6-0,3,RR,,,,,,,,,,,,,,,,,,,,No unique independent dated result
2025-M-DC-2025-WG1-PO-ECU-URU-01,Davis Cup WG1 PO: ECU vs URU,Hard,4.0,D,,20250201,2.0,R0BT,,,Franco Roncadelli,L,185.0,URU,24.988,372.0,134.0,G0DH,,,Alvaro Guillen Meza,R,175.0,ECU,22.084,257.0,211.0,7-6(6) 6-0,3,RR,,,,,,,,,,,,,,,,,,,,No unique independent dated result
2025-M-DC-2025-WG1-PO-ECU-URU-01,Davis Cup WG1 PO: ECU vs URU,Hard,4.0,D,,20250201,3.0,AG08,,,Andres Andrade,R,180.0,ECU,26.136,241.0,239.0,R0BT,,,Franco Roncadelli,L,185.0,URU,24.988,372.0,134.0,6-4 6-1,3,RR,,,,,,,,,,,,,,,,,,,,No unique independent dated result
2025-M-DC-2025-WG1-PO-GRE-EGY-01,Davis Cup WG1 PO: GRE vs EGY,Clay,4.0,D,,20250201,1.0,SK47,,,Mohamed Safwat,R,180.0,EGY,34.371,460.0,90.0,AE56,,,Christos Antonopoulos,R,178.0,GRE,26.541,1640.0,2.0,6-2 6-2,3,RR,,,,,,,,,,,,,,,,,,,,No unique independent dated result
2025-M-DC-2025-WG1-PO-GRE-EGY-01,Davis Cup WG1 PO: GRE vs EGY,Clay,4.0,D,,20250201,2.0,S0KT,,,Stefanos Sakellaridis,R,198.0,GRE,20.386,471.0,87.0,MJ70,,,Karim-Mohamed Maamoun,R,175.0,EGY,33.818,882.0,20.0,6-1 6-2,3,RR,,,,,,,,,,,,,,,,,,,,No unique independent dated result
2025-M-DC-2025-WG1-PO-GRE-EGY-01,Davis Cup WG1 PO: GRE vs EGY,Clay,4.0,D,,20250201,3.0,S0KT,,,Stefanos Sakellaridis,R,198.0,GRE,20.386,471.0,87.0,SK47,,,Mohamed Safwat,R,180.0,EGY,34.371,460.0,90.0,6-4 3-6 6-2,3,RR,,,,,,,,,,,,,,,,,,,,No unique independent dated result
2025-M-DC-2025-WG1-PO-GRE-EGY-01,Davis Cup WG1 PO: GRE vs EGY,Clay,4.0,D,,20250201,4.0,T0EI,,,Aristotelis Thanos,R,193.0,GRE,23.822,592.0,57.0,M0L0,,,Amr Elsayed Abdou Ah Mohamed,,,EGY,25.916,,,6-0 6-3,3,RR,,,,,,,,,,,,,,,,,,,,No unique independent dated result
2025-M-DC-2025-WG1-PO-IND-TOG-01,Davis Cup WG1 PO: IND vs TOG,Hard,4.0,D,,20250201,1.0,MP13,,,Mukund Sasikumar,R,185.0,IND,28.049,,,A0GB,,,Liova Ajavon,,,TOG,25.629,,,6-2 6-1,3,RR,,,,,,,,,,,,,,,,,,,,No unique independent dated result
2025-M-DC-2025-WG1-PO-IND-TOG-01,Davis Cup WG1 PO: IND vs TOG,Hard,4.0,D,,20250201,2.0,RB56,,,Ramkumar Ramanathan,R,188.0,IND,30.234,406.0,116.0,133933,,,Thomas Yaka Kofi Setodji,,,TOG,,,,6-0 6-2,3,RR,,,,,,,,,,,,,,,,,,,,No unique independent dated result
2025-M-DC-2025-WG1-PO-IND-TOG-01,Davis Cup WG1 PO: IND vs TOG,Hard,4.0,D,,20250201,3.0,S0RI,,,Karan Singh,R,185.0,IND,21.593,496.0,79.0,P0OR,,,Hod'abalo Padio,,,TOG,20.052,,,6-2 6-3,3,RR,,,,,,,,,,,,,,,,,,,,No unique independent dated result
2025-M-DC-2025-WG1-PO-KAZ-PAK-01,Davis Cup WG1 PO: KAZ vs PAK,Hard,4.0,D,,20250201,1.0,S0H2,,,Alexander Shevchenko,R,188.0,KAZ,24.175,75.0,743.0,M0FS,,,Muzammil Murtaza,,,PAK,25.224,,,6-2 6-1,3,RR,,,,,,,,,,,,,,,,,,,,No unique independent dated result
2025-M-DC-2025-WG1-PO-KAZ-PAK-01,Davis Cup WG1 PO: KAZ vs PAK,Hard,4.0,D,,20250201,2.0,Z09Z,,,Beibit Zhukayev,R,198.0,KAZ,24.307,230.0,260.0,R0FM,,,Huzaifa Abdul Rehman,,,PAK,22.179,,,7-5 6-0,3,RR,,,,,,,,,,,,,,,,,,,,No unique independent dated result
2025-M-DC-2025-WG1-PO-KAZ-PAK-01,Davis Cup WG1 PO: KAZ vs PAK,Hard,4.0,D,,20250201,3.0,Y171,,,Denis Yevseyev,R,188.0,KAZ,31.699,264.0,204.0,213705,,,Ahmad Nael Qureshi,,,PAK,,,,6-0 6-0,3,RR,,,,,,,,,,,,,,,,,,,,No unique independent dated result
2025-M-DC-2025-WG1-PO-LUX-LTU-01,Davis Cup WG1 PO: LUX vs LTU,Hard,4.0,D,,20250201,1.0,B0MM,,,Edas Butvilas,R,191.0,LTU,20.528,247.0,229.0,R0E0,,,Chris Rodesch,R,198.0,LUX,23.543,282.0,185.0,6-3 6-1,3,RR,,,,,,,,,,,,,,,,,,,,No unique independent dated result
2025-M-DC-2025-WG1-PO-LUX-LTU-01,Davis Cup WG1 PO: LUX vs LTU,Hard,4.0,D,,20250201,2.0,KJ00,,,Alex Knaff,R,193.0,LUX,27.184,718.0,37.0,G0FW,,,Vilius Gaubas,R,178.0,LTU,20.093,192.0,311.0,6-4 3-6 6-2,3,RR,,,,,,,,,,,,,,,,,,,,No unique independent dated result
2025-M-DC-2025-WG1-PO-LUX-LTU-01,Davis Cup WG1 PO: LUX vs LTU,Hard,4.0,D,,20250201,3.0,R0E0,,,Chris Rodesch,R,198.0,LUX,23.543,282.0,185.0,G0FW,,,Vilius Gaubas,R,178.0,LTU,20.093,192.0,311.0,6-4 6-4,3,RR,,,,,,,,,,,,,,,,,,,,No unique independent dated result
2025-M-DC-2025-WG1-PO-MON-POR-01,Davis Cup WG1 PO: MON vs POR,Clay,4.0,D,,20250201,1.0,VA25,,,Valentin Vacherot,R,193.0,MON,26.212,201.0,294.0,F0F2,,,Jaime Faria,R,188.0,POR,21.492,109.0,561.0,6-4 6-7(5) 6-2,3,RR,,,,,,,,,,,,,,,,,,,,No unique independent dated result
2025-M-DC-2025-WG1-PO-MON-POR-01,Davis Cup WG1 PO: MON vs POR,Clay,4.0,D,,20250201,2.0,BT72,,,Nuno Borges,R,185.0,POR,27.951,37.0,1345.0,B946,,,Benjamin Balleret,R,183.0,MON,42.048,,,6-3 6-1,3,RR,,,,,,,,,,,,,,,,,,,,No unique independent dated result
2025-M-DC-2025-WG1-PO-MON-POR-01,Davis Cup WG1 PO: MON vs POR,Clay,4.0,D,,20250201,3.0,VA25,,,Valentin Vacherot,R,193.0,MON,26.212,201.0,294.0,BT72,,,Nuno Borges,R,185.0,POR,27.951,37.0,1345.0,4-6 6-1 6-2,3,RR,,,,,,,,,,,,,,,,,,,,No unique independent dated result
2025-M-DC-2025-WG1-PO-MON-POR-01,Davis Cup WG1 PO: MON vs POR,Clay,4.0,D,,20250201,4.0,R0GO,,,Henrique Rocha,R,180.0,POR,20.824,161.0,350.0,AA81,,,Romain Arneodo,R,175.0,MON,32.496,,,7-5 7-5,3,RR,,,,,,,,,,,,,,,,,,,,No unique independent dated result
2025-M-DC-2025-WG1-PO-TUR-MEX-01,Davis Cup WG1 PO: TUR vs MEX,Hard,4.0,D,,20250201,1.0,KI48,,,Ergi Kirkin,R,180.0,TUR,26.015,303.0,172.0,H0CD,,,Alex Hernandez,R,175.0,MEX,25.613,658.0,45.0,7-5 5-7 7-5,3,RR,,,,,,,,,,,,,,,,,,,,No unique independent dated result
2025-M-DC-2025-WG1-PO-TUR-MEX-01,Davis Cup WG1 PO: TUR vs MEX,Hard,4.0,D,,20250201,2.0,E0AA,,,Yanki Erel,L,178.0,TUR,24.353,596.0,57.0,P0J1,,,Rodrigo Pacheco Mendez,L,191.0,MEX,19.773,371.0,134.0,6-4 1-6 6-1,3,RR,,,,,,,,,,,,,,,,,,,,No unique independent dated result
2025-M-DC-2025-WG1-PO-TUR-MEX-01,Davis Cup WG1 PO: TUR vs MEX,Hard,4.0,D,,20250201,3.0,K0KX,,,Atakan Karahan,R,,TUR,18.776,1413.0,4.0,D0JM,,,Rafael De Alba,R,175.0,MEX,22.886,1319.0,5.0,6-3 6-3,3,RR,,,,,,,,,,,,,,,,,,,,No unique independent dated result
2025-M-DC-2025-WG1-PO-TUR-MEX-01,Davis Cup WG1 PO: TUR vs MEX,Hard,4.0,D,,20250201,4.0,TD49,,,Mert Naci Turker,,,,26.464,890.0,20.0,G0J7,,,Eugenio Gonzalez Fitzmaurice,,,MEX,21.826,,,6-1 6-2,3,RR,,,,,,,,,,,,,,,,,,,,No unique independent dated result
2025-M-DC-2025-WG1-PO-COL-BAR-01,Davis Cup WG1 PO: COL vs BRB,Clay,4.0,D,,20250131,1.0,M0AW,,,Nicolas Mejia,R,183.0,COL,24.972,214.0,274.0,L0CR,,,Xavier Lawrence,,,BAR,26.111,,,6-2 6-0,3,RR,,,,,,,,,,,,,,,,,,,,No unique independent dated result
2025-M-DC-2025-WG1-PO-COL-BAR-01,Davis Cup WG1 PO: COL vs BRB,Clay,4.0,D,,20250131,2.0,KC86,,,Darian King,R,188.0,BAR,32.767,1869.0,1.0,S0BT,,,Adria Soriano Barrera,R,191.0,COL,25.667,345.0,143.0,6-2 6-4,3,RR,,,,,,,,,,,,,,,,,,,,No unique independent dated result
2025-M-DC-2025-WG1-PO-COL-BAR-01,Davis Cup WG1 PO: COL vs BRB,Clay,4.0,D,,20250131,3.0,KC86,,,Darian King,R,188.0,BAR,32.767,1869.0,1.0,M0AW,,,Nicolas Mejia,R,183.0,COL,24.972,214.0,274.0,6-3 6-4,3,RR,,,,,,,,,,,,,,,,,,,,No unique independent dated result
2025-M-DC-2025-WG1-PO-COL-BAR-01,Davis Cup WG1 PO: COL vs BRB,Clay,4.0,D,,20250131,4.0,S0BT,,,Adria Soriano Barrera,R,191.0,COL,25.667,345.0,143.0,M0GR,,,Kaipo Marshall,,,BAR,22.867,,,6-2 6-2,3,RR,,,,,,,,,,,,,,,,,,,,No unique independent dated result
2025-M-DC-2025-WG1-PO-GEO-POL-01,Davis Cup WG1 PO: GEO vs POL,Hard,4.0,D,,20250131,1.0,MQ75,,,Kamil Majchrzak,R,183.0,POL,29.051,115.0,521.0,BP74,,,Aleksandre Bakshi,L,180.0,GEO,27.548,489.0,81.0,6-3 7-6(4),3,RR,,,,,,,,,,,,,,,,,,,,No unique independent dated result
2025-M-DC-2025-WG1-PO-GEO-POL-01,Davis Cup WG1 PO: GEO vs POL,Hard,4.0,D,,20250131,2.0,K0HC,,,Maks Kasnikowski,R,180.0,POL,21.574,217.0,270.0,P0EA,,,Saba Purtseladze,R,191.0,GEO,23.45,450.0,93.0,6-3 5-7 6-4,3,RR,,,,,,,,,,,,,,,,,,,,No unique independent dated result
2025-M-DC-2025-WG1-PO-LBN-PER-01,Davis Cup WG1 PO: LBN vs PER,Clay,4.0,D,,20250131,1.0,B0ID,,,Ignacio Buse,R,183.0,PER,20.854,237.0,245.0,HG94,,,Benjamin Hassan,R,183.0,LBN,29.99,231.0,260.0,6-3 6-2,3,RR,,,,,,,,,,,,,,,,,,,,No unique independent dated result
2025-M-DC-2025-WG1-PO-LBN-PER-01,Davis Cup WG1 PO: LBN vs PER,Clay,4.0,D,,20250131,2.0,B0GR,,,Gonzalo Bueno,R,173.0,PER,20.83,256.0,213.0,HF80,,,Hady Habib,R,188.0,LBN,26.448,166.0,341.0,6-3 2-6 6-4,3,RR,,,,,,,,,,,,,,,,,,,,No unique independent dated result
2025-M-DC-2025-WG1-PO-LBN-PER-01,Davis Cup WG1 PO: LBN vs PER,Clay,4.0,D,,20250131,3.0,HG90,,,Conner Huertas del Pino,R,188.0,PER,29.117,,,B0U0,,,Fadi Bidan,,,LBN,19.083,1233.0,7.0,7-6(4) 7-6(3),3,RR,,,,,,,,,,,,,,,,,,,,No unique independent dated result
2025-M-DC-2025-WG1-PO-ROU-BUL-01,Davis Cup WG1 PO: ROU vs BUL,Hard,4.0,D,,20250131,1.0,C0B2,,,Cezar Cretu,R,188.0,ROU,23.773,315.0,164.0,N0CJ,,,Petr Nesterov,R,,BUL,21.906,437.0,100.0,6-7(6) 6-3 7-6(3),3,RR,,,,,,,,,,,,,,,,,,,,No unique independent dated result
2025-M-DC-2025-WG1-PO-ROU-BUL-01,Davis Cup WG1 PO: ROU vs BUL,Hard,4.0,D,,20250131,2.0,R0IL,,,Iliyan Radulov,R,187.0,BUL,19.641,533.0,69.0,J09X,,,Filip Cristian Jianu,R,180.0,ROU,23.37,234.0,254.0,6-3 7-6(3),3,RR,,,,,,,,,,,,,,,,,,,,No unique independent dated result
2025-M-DC-2025-WG1-PO-ROU-BUL-01,Davis Cup WG1 PO: ROU vs BUL,Hard,4.0,D,,20250131,3.0,A0AB,,,Adrian Andreev,R,175.0,BUL,23.723,233.0,255.0,J09X,,,Filip Cristian Jianu,R,180.0,ROU,23.37,234.0,254.0,6-3 3-6 6-3,3,RR,,,,,,,,,,,,,,,,,,,,No unique independent dated result
2025-M-DC-2025-WG1-PO-TUN-UKR-01,Davis Cup WG1 PO: TUN vs UKR,Hard,4.0,D,,20250131,1.0,SS25,,,Vitaliy Sachko,R,188.0,UKR,27.551,392.0,122.0,DF88,,,Aziz Dougaz,L,188.0,TUN,27.852,227.0,265.0,6-3 6-7(6) 6-3,3,RR,,,,,,,,,,,,,,,,,,,,No unique independent dated result
2025-M-DC-2025-WG1-PO-TUN-UKR-01,Davis Cup WG1 PO: TUN vs UKR,Hard,4.0,D,,20250131,2.0,EA13,,,Moez Echargui,R,178.0,TUN,32.057,511.0,76.0,O0BE,,,Oleksandr Ovcharenko,R,185.0,UKR,23.291,311.0,166.0,7-6(1) 6-2,3,RR,,,,,,,,,,,,,,,,,,,,No unique independent dated result
2025-M-DC-2025-WG1-PO-TUN-UKR-01,Davis Cup WG1 PO: TUN vs UKR,Hard,4.0,D,,20250131,3.0,O0BE,,,Oleksandr Ovcharenko,R,185.0,UKR,23.291,311.0,166.0,DF88,,,Aziz Dougaz,L,188.0,TUN,27.852,227.0,265.0,6-2 6-2,3,RR,,,,,,,,,,,,,,,,,,,,No unique independent dated result
2025-M-DC-2025-WG1-PO-TUN-UKR-01,Davis Cup WG1 PO: TUN vs UKR,Hard,4.0,D,,20250131,4.0,EA13,,,Moez Echargui,R,178.0,TUN,32.057,511.0,76.0,SS25,,,Vitaliy Sachko,R,188.0,UKR,27.551,392.0,122.0,7-5 6-1,3,RR,,,,,,,,,,,,,,,,,,,,No unique independent dated result
2025-M-DC-2025-WG1-PO-UZB-BIH-01,Davis Cup WG1 PO: UZB vs BIH,Hard,4.0,D,,20250131,1.0,SR81,,,Khumoyun Sultanov,R,180.0,UZB,26.264,236.0,245.0,BE67,,,Mirza Basic,R,188.0,BIH,33.558,563.0,62.0,6-4 3-6 7-6(4),3,RR,,,,,,,,,,,,,,,,,,,,No unique independent dated result
2025-M-DC-2025-WG1-PO-UZB-BIH-01,Davis Cup WG1 PO: UZB vs BIH,Hard,4.0,D,,20250131,2.0,D923,,,Damir Dzumhur,R,175.0,BIH,32.701,88.0,646.0,F0A3,,,Sergey Fomin,R,180.0,UZB,23.997,561.0,63.0,7-6(7) 6-3,3,RR,,,,,,,,,,,,,,,,,,,,No unique independent dated result
2025-M-DC-2025-WG1-PO-UZB-BIH-01,Davis Cup WG1 PO: UZB vs BIH,Hard,4.0,D,,20250131,3.0,D923,,,Damir Dzumhur,R,175.0,BIH,32.701,88.0,646.0,SR81,,,Khumoyun Sultanov,R,180.0,UZB,26.264,236.0,245.0,6-4 1-6 6-3,3,RR,,,,,,,,,,,,,,,,,,,,No unique independent dated result
2025-M-DC-2025-WG2-PO-BEN-LAT-01,Davis Cup WG2 PO: BEN vs LAT,Hard,4.0,D,,20250201,1.0,S0GV,,,Robert Strombachs,R,191.0,LAT,25.383,407.0,116.0,KA33,,,Alexis Klegou,R,,BEN,36.019,,,7-5 4-6 6-3,3,RR,,,,,,,,,,,,,,,,,,,,No unique independent dated result
2025-M-DC-2025-WG2-PO-BEN-LAT-02,Davis Cup WG2 PO: BEN vs LAT,Hard,4.0,D,,20250201,1.0,A0N6,,,Patrick Agbo-Panzo,,,BEN,22.089,,,T0HY,,,Daniels Tens,,,LAT,19.409,,,6-3 6-2,3,RR,,,,,,,,,,,,,,,,,,,,No unique independent dated result
2025-M-DC-2025-WG2-PO-BEN-LAT-03,Davis Cup WG2 PO: BEN vs LAT,Hard,4.0,D,,20250201,1.0,S0GV,,,Robert Strombachs,R,191.0,LAT,25.383,407.0,116.0,A0N6,,,Patrick Agbo-Panzo,,,BEN,22.089,,,6-1 6-1,3,RR,,,,,,,,,,,,,,,,,,,,No unique independent dated result
2025-M-DC-2025-WG2-PO-BEN-LAT-04,Davis Cup WG2 PO: BEN vs LAT,Hard,4.0,D,,20250201,1.0,M0I3,,,Sylvestre Monnou,,,BEN,22.196,,,T0HY,,,Daniels Tens,,,LAT,19.409,,,6-3 6-3,3,RR,,,,,,,,,,,,,,,,,,,,No unique independent dated result
2025-M-DC-2025-WG2-PO-DOM-BOL-01,Davis Cup WG2 PO: DOM vs BOL,Hard,4.0,D,,20250201,1.0,BP79,,,Peter Bertran,R,183.0,DOM,28.912,461.0,90.0,Z239,,,Federico Zeballos,R,185.0,BOL,36.676,1573.0,2.0,2-6 7-6(4) 6-4,3,RR,,,,,,,,,,,,,,,,,,,,No unique independent dated result
2025-M-DC-2025-WG2-PO-DOM-BOL-02,Davis Cup WG2 PO: DOM vs BOL,Hard,4.0,D,,20250201,1.0,CF88,,,Roberto Cid Subervi,R,193.0,DOM,31.425,,,G0DB,,,Raul Garcia,,,BOL,22.913,1599.0,2.0,6-3 6-3,3,RR,,,,,,,,,,,,,,,,,,,,No unique independent dated result
2025-M-DC-2025-WG2-PO-DOM-BOL-03,Davis Cup WG2 PO: DOM vs BOL,Hard,4.0,D,,20250201,1.0,CF88,,,Roberto Cid Subervi,R,193.0,DOM,31.425,,,Z239,,,Federico Zeballos,R,185.0,BOL,36.676,1573.0,2.0,7-6(2) 6-4,3,RR,,,,,,,,,,,,,,,,,,,,No unique independent dated result
2025-M-DC-2025-WG2-PO-ESA-MDA-01,Davis Cup WG2 PO: ESA vs MDA,Hard,4.0,D,,20250201,1.0,S0R5,,,Ilya Snitari,R,188.0,MDA,22.872,587.0,58.0,A853,,,Marcelo Arevalo,R,191.0,ESA,34.294,,,1-6 6-1 6-4,3,RR,,,,,,,,,,,,,,,,,,,,No unique independent dated result
2025-M-DC-2025-WG2-PO-ESA-MDA-02,Davis Cup WG2 PO: ESA vs MDA,Hard,4.0,D,,20250201,1.0,C0NU,,,Cesar Cruz,,,ESA,18.393,,,G642,,,Andrei Gorban,,,MDA,41.541,,,6-4 6-1,3,RR,,,,,,,,,,,,,,,,,,,,No unique independent dated result
2025-M-DC-2025-WG2-PO-ESA-MDA-03,Davis Cup WG2 PO: ESA vs MDA,Hard,4.0,D,,20250201,1.0,S0R5,,,Ilya Snitari,R,188.0,MDA,22.872,587.0,58.0,C0NU,,,Cesar Cruz,,,ESA,18.393,,,6-1 6-4,3,RR,,,,,,,,,,,,,,,,,,,,No unique independent dated result
2025-M-DC-2025-WG2-PO-ESA-MDA-04,Davis Cup WG2 PO: ESA vs MDA,Hard,4.0,D,,20250201,1.0,A853,,,Marcelo Arevalo,R,191.0,ESA,34.294,,,C0RS,,,Ilie Cazac,,,MDA,18.513,,,6-1 6-0,3,RR,,,,,,,,,,,,,,,,,,,,No unique independent dated result
2025-M-DC-2025-WG2-PO-JAM-NZL-01,Davis Cup WG2 PO: JAM vs NZL,Hard,4.0,D,,20250201,1.0,L0IP,,,Jack Loutit,L,,NZL,20.611,919.0,18.0,B0I5,,,Blaise Bicknell,R,191.0,JAM,23.184,1078.0,11.0,3-6 6-2 6-1,3,RR,,,,,,,,,,,,,,,,,,,,No unique independent dated result
2025-M-DC-2025-WG2-PO-JAM-NZL-02,Davis Cup WG2 PO: JAM vs NZL,Hard,4.0,D,,20250201,1.0,P0AO,,,Rowland Phillips,,,JAM,31.025,,,P0ED,,,Kiranpal Pannu,R,185.0,NZL,28.068,494.0,80.0,6-3 3-6 6-3,3,RR,,,,,,,,,,,,,,,,,,,,No unique independent dated result
2025-M-DC-2025-WG2-PO-JAM-NZL-03,Davis Cup WG2 PO: JAM vs NZL,Hard,4.0,D,,20250201,1.0,B0I5,,,Blaise Bicknell,R,191.0,JAM,23.184,1078.0,11.0,R0DC,,,Ajeet Rai,R,188.0,NZL,26.04,485.0,82.0,6-3 6-4,3,RR,,,,,,,,,,,,,,,,,,,,No unique independent dated result
2025-M-DC-2025-WG2-PO-JAM-NZL-04,Davis Cup WG2 PO: JAM vs NZL,Hard,4.0,D,,20250201,1.0,L0IP,,,Jack Loutit,L,,NZL,20.611,919.0,18.0,P0AO,,,Rowland Phillips,,,JAM,31.025,,,3-6 6-3 6-3,3,RR,,,,,,,,,,,,,,,,,,,,No unique independent dated result
2025-M-DC-2025-WG2-PO-NAM-HKG-01,Davis Cup WG2 PO: NAM vs HKG,Hard,4.0,D,,20250201,1.0,V0F7,,,Connor Henry Van Schalkwyk,R,,NAM,20.181,1124.0,9.0,W730,,,Chun Hun Wong,R,170.0,HKG,29.259,,,4-6 6-4 6-1,3,RR,,,,,,,,,,,,,,,,,,,,No unique independent dated result
2025-M-DC-2025-WG2-PO-NAM-HKG-02,Davis Cup WG2 PO: NAM vs HKG,Hard,4.0,D,,20250201,1.0,W0BH,,,Coleman Wong,R,191.0,HKG,20.657,165.0,342.0,V0IL,,,Codie Schalk Van Schalkwyk,,,NAM,22.782,,,7-5 7-5,3,RR,,,,,,,,,,,,,,,,,,,,No unique independent dated result
2025-M-DC-2025-WG2-PO-NAM-HKG-03,Davis Cup WG2 PO: NAM vs HKG,Hard,4.0,D,,20250201,1.0,W0BH,,,Coleman Wong,R,191.0,HKG,20.657,165.0,342.0,V0F7,,,Connor Henry Van Schalkwyk,R,,NAM,20.181,1124.0,9.0,7-6(2) 7-6(8),3,RR,,,,,,,,,,,,,,,,,,,,No unique independent dated result
2025-M-DC-2025-WG2-PO-NAM-HKG-04,Davis Cup WG2 PO: NAM vs HKG,Hard,4.0,D,,20250201,1.0,V0IL,,,Codie Schalk Van Schalkwyk,,,NAM,22.782,,,W0F3,,,Tsz Fu Wong,R,175.0,HKG,19.357,,,7-6(2) 6-4,3,RR,,,,,,,,,,,,,,,,,,,,No unique independent dated result
2025-M-DC-2025-WG2-PO-RSA-NGR-01,Davis Cup WG2 PO: RSA vs NGR,Hard,4.0,D,,20250201,1.0,H0BF,,,Philip Henning,R,180.0,RSA,24.227,329.0,154.0,E0EH,,,David Ekpenyong,R,,NGR,19.091,,,6-1 6-1,3,RR,,,,,,,,,,,,,,,,,,,,No unique independent dated result
2025-M-DC-2025-WG2-PO-RSA-NGR-02,Davis Cup WG2 PO: RSA vs NGR,Hard,4.0,D,,20250201,1.0,B0CI,,,Christopher Bulus,R,183.0,NGR,24.189,1018.0,13.0,VA23,,,Kris Van Wyk,R,185.0,RSA,28.342,358.0,138.0,3-6 6-3 7-6(4),3,RR,,,,,,,,,,,,,,,,,,,,No unique independent dated result
2025-M-DC-2025-WG2-PO-RSA-NGR-03,Davis Cup WG2 PO: RSA vs NGR,Hard,4.0,D,,20250201,1.0,H0BF,,,Philip Henning,R,180.0,RSA,24.227,329.0,154.0,B0CI,,,Christopher Bulus,R,183.0,NGR,24.189,1018.0,13.0,6-7(4) 6-4 6-4,3,RR,,,,,,,,,,,,,,,,,,,,No unique independent dated result
2025-M-DC-2025-WG2-PO-SLO-INA-01,Davis Cup WG2 PO: SLO vs INA,Clay,4.0,D,,20250201,1.0,P0FV,,,Filip Jeff Planinsek,R,188.0,SLO,23.595,746.0,33.0,M0D4,,,M Rifki Fitriadi,R,175.0,INA,26.026,943.0,17.0,6-1 6-3,3,RR,,,,,,,,,,,,,,,,,,,,No unique independent dated result
2025-M-DC-2025-WG2-PO-SLO-INA-02,Davis Cup WG2 PO: SLO vs INA,Clay,4.0,D,,20250201,1.0,A0I1,,,Bor Artnak,R,193.0,SLO,20.663,447.0,94.0,T0EN,,,Gunawan Trismuwantara,,,INA,22.064,,,6-2 6-1,3,RR,,,,,,,,,,,,,,,,,,,,No unique independent dated result
2025-M-DC-2025-WG2-PO-SLO-INA-03,Davis Cup WG2 PO: SLO vs INA,Clay,4.0,D,,20250201,1.0,A0I1,,,Bor Artnak,R,193.0,SLO,20.663,447.0,94.0,K0KN,,,Lucky Candra Kurniawan,,,INA,21.12,,,6-1 6-4,3,RR,,,,,,,,,,,,,,,,,,,,No unique independent dated result
2025-M-DC-2025-WG2-PO-CYP-THA-01,Davis Cup WG2 PO: CYP vs THA,Hard,,D,,20250131,1.0,EA31,,,Menelaos Efstathiou,R,183.0,CYP,25.919,1115.0,10.0,J0D2,,,Maximus Jones,R,185.0,THA,20.405,714.0,37.0,2-6 6-3 6-2,3,RR,,,,,,,,,,,,,,,,,,,,No unique independent dated result
2025-M-DC-2025-WG2-PO-CYP-THA-02,Davis Cup WG2 PO: CYP vs THA,Hard,,D,,20250131,1.0,C0L4,,,Stylianos Christodoulou,,,CYP,20.241,2068.0,1.0,S0HR,,,Kasidit Samrej,R,191.0,THA,24.03,423.0,109.0,1-6 6-0 6-4,3,RR,,,,,,,,,,,,,,,,,,,,No unique independent dated result
2025-M-DC-2025-WG2-PO-CYP-THA-03,Davis Cup WG2 PO: CYP vs THA,Hard,,D,,20250131,1.0,T0I0,,,Andreas Timini,,,CYP,18.601,2068.0,1.0,C0DS,,,Thanapet Chanta,R,168.0,THA,25.396,706.0,38.0,6-3 6-3,3,RR,,,,,,,,,,,,,,,,,,,,No unique independent dated result
2025-M-DC-2025-WG2-PO-EST-VEN-01,Davis Cup WG2 PO: EST vs VEN,Hard,,D,,20250131,1.0,O0CI,,,Oliver Ojakaar,R,191.0,EST,19.973,942.0,17.0,P0I5,,,Ignacio Parisca Romera,,,VEN,19.45,,,6-7(6) 6-4 6-4,3,RR,,,,,,,,,,,,,,,,,,,,No unique independent dated result
2025-M-DC-2025-WG2-PO-EST-VEN-02,Davis Cup WG2 PO: EST vs VEN,Hard,,D,,20250131,1.0,L0GH,,,Mark Lajal,R,191.0,EST,21.725,204.0,291.0,RB00,,,Ricardo Rodriguez - Pace,,,VEN,31.762,1114.0,10.0,6-1 6-0,3,RR,,,,,,,,,,,,,,,,,,,,No unique independent dated result
2025-M-DC-2025-WG2-PO-EST-VEN-03,Davis Cup WG2 PO: EST vs VEN,Hard,,D,,20250131,1.0,M0W0,,,Markus Molder,R,183.0,EST,19.729,1116.0,10.0,P0I5,,,Ignacio Parisca Romera,,,VEN,19.45,,,6-3 6-2,3,RR,,,,,,,,,,,,,,,,,,,,No unique independent dated result
2025-M-DC-2025-WG2-PO-IRL-KSA-01,Davis Cup WG2 PO: IRL vs KSA,Hard,,D,,20250131,1.0,A0JA,,,Michael Agwi,R,193.0,IRL,21.41,429.0,105.0,A0I3,,,Saud Alhogbani,,,KSA,22.045,,,6-4 6-0,3,RR,,,,,,,,,,,,,,,,,,,,No unique independent dated result
2025-M-DC-2025-WG2-PO-IRL-KSA-02,Davis Cup WG2 PO: IRL vs KSA,Hard,,D,,20250131,1.0,O684,,,Osgar O'Hoisin,R,193.0,IRL,28.411,1288.0,6.0,AG30,,,Ammar Alhogbani,,,KSA,26.13,1698.0,2.0,6-4 6-4,3,RR,,,,,,,,,,,,,,,,,,,,No unique independent dated result
2025-M-DC-2025-WG2-PO-IRL-KSA-03,Davis Cup WG2 PO: IRL vs KSA,Hard,,D,,20250131,1.0,E0AY,,,Ammar Elamin,R,185.0,IRL,22.62,1367.0,5.0,B0U3,,,Abdulmajeed Bukhari,,,KSA,25.99,,,6-1 6-4,3,RR,,,,,,,,,,,,,,,,,,,,No unique independent dated result
2025-M-DC-2025-WG2-PO-IRL-KSA-04,Davis Cup WG2 PO: IRL vs KSA,Hard,,D,,20250131,1.0,M0X8,,,Freddy Murray,,,IRL,21.533,1869.0,1.0,BL48,,,Abdulmalek Burasais,,,KSA,33.251,,,6-0 6-2,3,RR,,,,,,,,,,,,,,,,,,,,No unique independent dated result
2025-M-DC-2025-WG2-PO-CHN-MNE-01,Davis Cup WG2 PO: CHN vs MNE,Hard,,D,,20250131,1.0,C0AJ,,,Jie Cui,R,183.0,CHN,27.02,280.0,188.0,J0CS,,,Petar Jovanovic,,,MNE,21.528,938.0,17.0,6-4 7-6(4),3,RR,,,,,,,,,,,,,,,,,,,,No unique independent dated result
2025-M-DC-2025-WG2-PO-CHN-MNE-02,Davis Cup WG2 PO: CHN vs MNE,Hard,,D,,20250131,1.0,Z371,,,Zhizhen Zhang,R,193.0,CHN,28.293,50.0,1100.0,K0JI,,,Aleksa Krivokapic,,,MNE,21.717,,,6-4 6-4,3,RR,,,,,,,,,,,,,,,,,,,,No unique independent dated result
2025-M-DC-2025-WG2-PO-CHN-MNE-03,Davis Cup WG2 PO: CHN vs MNE,Hard,,D,,20250131,1.0,SX90,,,Fajing Sun,R,178.0,CHN,28.329,277.0,192.0,J0CS,,,Petar Jovanovic,,,MNE,21.528,938.0,17.0,6-3 7-5,3,RR,,,,,,,,,,,,,,,,,,,,No unique independent dated result
2025-M-DC-2025-WG2-PO-MAR-ZIM-01,Davis Cup WG2 PO: MAR vs ZIM,Hard,,D,,20250131,1.0,B0D6,,,Taha Baadi,R,183.0,MAR,23.537,749.0,33.0,LH62,,,Courtney John Lock,R,193.0,ZIM,28.287,2068.0,1.0,6-2 6-4,3,RR,,,,,,,,,,,,,,,,,,,,No unique independent dated result
2025-M-DC-2025-WG2-PO-MAR-ZIM-02,Davis Cup WG2 PO: MAR vs ZIM,Hard,,D,,20250131,1.0,BT68,,,Elliot Benchetrit,R,193.0,MAR,26.333,608.0,54.0,S0M2,,,Ethan Denzel Sibanda,,,ZIM,20.641,,,6-2 6-3,3,RR,,,,,,,,,,,,,,,,,,,,No unique independent dated result
2025-M-DC-2025-WG2-PO-MAR-ZIM-03,Davis Cup WG2 PO: MAR vs ZIM,Hard,,D,,20250131,1.0,B0QQ,,,Karim Bennani,,,MAR,17.413,1170.0,8.0,T0KN,,,Ronan Tashinga Mtisi,,,ZIM,17.128,,,6-4 6-3,3,RR,,,,,,,,,,,,,,,,,,,,No unique independent dated result
2025-407,Rotterdam,Hard,32.0,500,I,20250203,8.0,RE44,4.0,,Andrey Rublev,R,188.0,RUS,27.291,10.0,3220.0,Z371,,,Zhizhen Zhang,R,193.0,CHN,28.301,50.0,1100.0,6-3 6-4,3,R32,82.0,7.0,1.0,61.0,37.0,29.0,15.0,10.0,1.0,1.0,8.0,4.0,70.0,38.0,27.0,16.0,9.0,6.0,8.0,No unique independent dated result
2025-496,Marseille,Hard,28.0,250,I,20250210,9.0,Z371,,,Zhizhen Zhang,R,193.0,CHN,28.32,52.0,1050.0,HB64,,,Quentin Halys,R,191.0,FRA,28.293,74.0,756.0,6-3 6-7(2) 7-6(3),3,R32,139.0,10.0,4.0,102.0,66.0,51.0,25.0,16.0,2.0,2.0,22.0,7.0,110.0,58.0,50.0,24.0,17.0,2.0,4.0,No unique independent dated result
2025-496,Marseille,Hard,28.0,250,I,20250210,14.0,Z371,,,Zhizhen Zhang,R,193.0,CHN,28.32,52.0,1050.0,HB71,4.0,,Hubert Hurkacz,R,196.0,POL,27.997,20.0,2305.0,6-4 6-7(1) 6-3,3,R16,128.0,10.0,5.0,95.0,59.0,45.0,24.0,16.0,3.0,3.0,14.0,3.0,95.0,52.0,44.0,21.0,15.0,8.0,10.0,No unique independent dated result
2025-451,Doha,Hard,32.0,500,O,20250217,5.0,M0JF,,SE,Hamad Medjedovic,R,188.0,SRB,21.588,73.0,782.0,TE51,6.0,,Stefanos Tsitsipas,R,193.0,GRE,26.519,11.0,3095.0,7-6(6) 5-7 7-6(5),3,R32,164.0,9.0,3.0,112.0,74.0,59.0,20.0,18.0,0.0,2.0,12.0,2.0,106.0,69.0,56.0,24.0,18.0,1.0,2.0,No unique independent dated result
2025-451,Doha,Hard,32.0,500,O,20250217,10.0,N0BG,,Q,Luca Nardi,R,185.0,ITA,21.536,85.0,674.0,Z371,,,Zhizhen Zhang,R,193.0,CHN,28.339,49.0,1100.0,6-4 6-3,3,R32,76.0,5.0,2.0,59.0,38.0,29.0,11.0,10.0,1.0,2.0,5.0,1.0,53.0,37.0,23.0,8.0,9.0,2.0,5.0,No unique independent dated result
2025-495,Dubai,Hard,32.0,500,O,20250224,16.0,M0GZ,,,Giovanni Mpetshi Perricard,R,203.0,FRA,21.634,29.0,1580.0,Z371,,,Zhizhen Zhang,R,193.0,CHN,28.359,49.0,1075.0,6-3 7-6(3),3,R32,87.0,13.0,2.0,71.0,49.0,42.0,12.0,11.0,2.0,2.0,7.0,1.0,70.0,48.0,37.0,11.0,10.0,6.0,7.0,No unique independent dated result
2025-404,Indian Wells Masters,Hard,96.0,M,O,20250303,20.0,D0F6,,LL,Gabriel Diallo,R,203.0,CAN,23.439,88.0,690.0,Z371,,,Zhizhen Zhang,R,193.0,CHN,28.378,51.0,1075.0,2-6 6-2 7-6(7),3,R128,168.0,9.0,3.0,100.0,69.0,48.0,17.0,14.0,6.0,8.0,11.0,2.0,96.0,64.0,49.0,16.0,14.0,7.0,9.0,No unique independent dated result
2025-360,Marrakech,Clay,28.0,250,O,20250331,5.0,CD85,,,Pablo Carreno Busta,R,188.0,ESP,33.719,110.0,568.0,L0CK,,WC,Younes Lalami Laaroussi,R,188.0,MAR,23.951,1193.0,8.0,6-1 6-3,3,R32,77.0,2.0,1.0,44.0,26.0,22.0,13.0,8.0,1.0,1.0,1.0,5.0,58.0,35.0,23.0,6.0,8.0,5.0,9.0,No unique independent dated result
2025-410,Monte Carlo Masters,Clay,56.0,M,O,20250407,4.0,D875,15.0,,Grigor Dimitrov,R,191.0,BUL,33.895,18.0,2495.0,J551,,,Nicolas Jarry,R,201.0,CHI,29.489,58.0,965.0,6-3 6-4,3,R64,106.0,1.0,4.0,75.0,39.0,28.0,17.0,10.0,7.0,9.0,4.0,3.0,63.0,41.0,22.0,12.0,9.0,8.0,12.0,No unique independent dated result
2025-308,Munich,Clay,32.0,500,O,20250414,19.0,BU13,,,Zizou Bergs,R,185.0,BEL,25.864,50.0,1071.0,D0LJ,,LL,Diego Dedura-Palomero,L,180.0,GER,17.09,549.0,67.0,6-1 6-1,3,R16,69.0,2.0,4.0,56.0,29.0,22.0,16.0,7.0,2.0,2.0,1.0,0.0,45.0,27.0,12.0,8.0,7.0,3.0,8.0,No unique independent dated result
2025-414,Hamburg,Clay,32.0,500,O,20250519,16.0,D0FJ,,,Luciano Darderi,R,183.0,ITA,23.258,45.0,1159.0,D0LJ,,WC,Diego Dedura-Palomero,L,180.0,GER,17.185,372.0,130.0,6-1 6-4,3,R32,69.0,4.0,5.0,57.0,29.0,26.0,14.0,9.0,6.0,6.0,0.0,3.0,45.0,30.0,20.0,5.0,8.0,0.0,3.0,No unique independent dated result
2025-311,Queen's Club,Grass,32.0,500,O,20250616,2.0,D0CO,2.0,,Jack Draper,L,193.0,GBR,23.483,6.0,4550.0,B0CD,,PR,Jenson Brooksby,R,193.0,USA,24.638,149.0,405.0,6-3 6-1,3,R32,77.0,8.0,5.0,45.0,29.0,27.0,6.0,8.0,0.0,0.0,2.0,1.0,62.0,39.0,24.0,9.0,8.0,4.0,8.0,No unique independent dated result
2025-M-DC-2025-WG1-R1-KOR-KAZ-01,Davis Cup WG1 R1: KOR vs KAZ,Hard,4.0,D,,20250912,1.0,S0H2,,,Alexander Shevchenko,R,188.0,KAZ,24.786,97.0,652.0,CH27,,,Hyeon Chung,R,188.0,KOR,29.317,379.0,132.0,6-4 6-3,3,RR,97.0,4.0,3.0,58.0,35.0,22.0,11.0,10.0,4.0,8.0,1.0,6.0,54.0,32.0,20.0,5.0,9.0,1.0,7.0,No unique independent dated result
2025-M-DC-2025-WG1-R1-KOR-KAZ-01,Davis Cup WG1 R1: KOR vs KAZ,Hard,4.0,D,,20250912,3.0,CH27,,,Hyeon Chung,R,188.0,KOR,29.317,379.0,132.0,PG20,,,Dmitry Popko,R,191.0,KAZ,28.884,220.0,251.0,6-3 7-5,3,RR,107.0,4.0,3.0,63.0,63.0,42.0,0.0,9.0,5.0,7.0,3.0,1.0,56.0,55.0,32.0,0.0,6.0,0.0,7.0,No unique independent dated result
2025-M-DC-2025-WG1-R1-CAN-ISR-01,Davis Cup WG1 R1: ISR vs CAN,Hard,4.0,D,,20250912,1.0,D0F6,,,Gabriel Diallo,R,203.0,CAN,23.967,35.0,1308.0,CL82,,,Daniel Cukierman,R,,ISR,30.179,1178.0,8.0,6-1 6-2,3,RR,65.0,7.0,1.0,41.0,35.0,28.0,4.0,8.0,0.0,0.0,0.0,3.0,48.0,29.0,15.0,5.0,7.0,4.0,8.0,No unique independent dated result
2025-M-DC-2025-WG1-R1-CAN-ISR-01,Davis Cup WG1 R1: ISR vs CAN,Hard,4.0,D,,20250912,2.0,D0DP,,,Liam Draxl,R,185.0,CAN,23.77,117.0,543.0,K0HO,,,Orel Kimhi,R,173.0,ISR,22.067,787.0,32.0,7-5 6-4,3,RR,129.0,8.0,6.0,82.0,56.0,42.0,10.0,11.0,4.0,7.0,2.0,1.0,77.0,54.0,32.0,10.0,11.0,5.0,9.0,No unique independent dated result
2025-M-DC-2025-WG1-R1-CAN-ISR-01,Davis Cup WG1 R1: ISR vs CAN,Hard,4.0,D,,20250912,3.0,H0D9,,,Cleeve Harper,R,183.0,CAN,24.717,1029.0,13.0,K0HO,,,Orel Kimhi,R,173.0,ISR,22.067,787.0,32.0,6-3 7-6(3),3,RR,109.0,2.0,2.0,67.0,50.0,34.0,15.0,10.0,3.0,6.0,1.0,2.0,69.0,53.0,31.0,6.0,10.0,4.0,9.0,No unique independent dated result
2025-M-DC-2025-WG1-R1-PER-POR-01,Davis Cup WG1 R1: PER vs POR,Clay,4.0,D,,20250912,1.0,B0GR,,,Gonzalo Bueno,R,173.0,PER,21.443,209.0,261.0,BT72,,,Nuno Borges,R,185.0,POR,28.561,52.0,995.0,3-6 6-2 7-5,3,RR,145.0,1.0,3.0,103.0,66.0,42.0,23.0,14.0,9.0,11.0,3.0,0.0,80.0,58.0,38.0,13.0,15.0,4.0,8.0,No unique independent dated result
2025-M-DC-2025-WG1-R1-PER-POR-01,Davis Cup WG1 R1: PER vs POR,Clay,4.0,D,,20250912,2.0,B0ID,,,Ignacio Buse,R,183.0,PER,21.467,112.0,559.0,F0F2,,,Jaime Faria,R,188.0,POR,22.103,115.0,552.0,6-0 6-2,3,RR,69.0,4.0,1.0,45.0,31.0,23.0,9.0,7.0,4.0,4.0,1.0,3.0,44.0,24.0,14.0,6.0,7.0,3.0,8.0,No unique independent dated result
2025-M-DC-2025-WG1-R1-PER-POR-01,Davis Cup WG1 R1: PER vs POR,Clay,4.0,D,,20250912,3.0,B0ID,,,Ignacio Buse,R,183.0,PER,21.467,112.0,559.0,BT72,,,Nuno Borges,R,185.0,POR,28.561,52.0,995.0,3-6 6-3 6-2,3,RR,107.0,3.0,0.0,66.0,45.0,37.0,11.0,13.0,2.0,4.0,0.0,0.0,81.0,61.0,39.0,10.0,13.0,3.0,7.0,No unique independent dated result
2025-M-DC-2025-WG1-R1-SVK-COL-01,Davis Cup WG1 R1: SVK vs COL,Hard,4.0,D,,20250912,1.0,MV14,,,Alex Molcan,L,178.0,SVK,27.781,201.0,266.0,M0AW,,,Nicolas Mejia,R,183.0,COL,25.585,200.0,267.0,6-4 7-6(4),3,RR,146.0,0.0,1.0,66.0,46.0,31.0,13.0,11.0,2.0,5.0,0.0,1.0,94.0,61.0,40.0,14.0,11.0,9.0,13.0,No unique independent dated result
2025-M-DC-2025-WG1-R1-SVK-COL-01,Davis Cup WG1 R1: SVK vs COL,Hard,4.0,D,,20250912,2.0,S0BT,,,Adria Soriano Barrera,R,191.0,COL,26.281,331.0,152.0,KI63,,,Lukas Klein,R,193.0,SVK,27.477,121.0,531.0,3-6 7-6(5) 7-6(5),3,RR,143.0,11.0,6.0,106.0,71.0,55.0,20.0,16.0,1.0,2.0,4.0,3.0,109.0,76.0,62.0,18.0,17.0,3.0,3.0,No unique independent dated result
2025-M-DC-2025-WG1-R1-SVK-COL-01,Davis Cup WG1 R1: SVK vs COL,Hard,4.0,D,,20250912,3.0,GB93,,,Norbert Gombos,R,193.0,SVK,35.083,325.0,160.0,M0AW,,,Nicolas Mejia,R,183.0,COL,25.585,200.0,267.0,6-4 6-4,3,RR,96.0,6.0,0.0,53.0,39.0,31.0,10.0,10.0,0.0,0.0,6.0,3.0,63.0,42.0,29.0,9.0,10.0,3.0,5.0,No unique independent dated result
2025-M-DC-2025-WG1-R1-SWE-TUN-01,Davis Cup WG1 R1: SWE vs TUN,Hard,4.0,D,,20250912,1.0,EA13,,,Moez Echargui,R,178.0,TUN,32.671,175.0,316.0,B0JG,,,Leo Borg,R,183.0,SWE,22.33,589.0,60.0,6-1 6-1,3,RR,62.0,6.0,1.0,40.0,24.0,18.0,9.0,7.0,2.0,3.0,1.0,4.0,48.0,24.0,10.0,3.0,7.0,2.0,8.0,No unique independent dated result
2025-M-DC-2025-WG1-R1-SWE-TUN-01,Davis Cup WG1 R1: SWE vs TUN,Hard,4.0,D,,20250912,2.0,W0BU,,,Olle Wallin,R,191.0,SWE,23.89,410.0,118.0,O09A,,,Aziz Ouakaa,R,185.0,TUN,26.1,625.0,55.0,2-6 7-6(3) 6-3,3,RR,146.0,12.0,4.0,98.0,60.0,41.0,23.0,14.0,4.0,8.0,6.0,5.0,98.0,54.0,38.0,20.0,13.0,7.0,11.0,No unique independent dated result
2025-M-DC-2025-WG1-R1-SWE-TUN-01,Davis Cup WG1 R1: SWE vs TUN,Hard,4.0,D,,20250912,3.0,EA13,,,Moez Echargui,R,178.0,TUN,32.671,175.0,316.0,W0BU,,,Olle Wallin,R,191.0,SWE,23.89,410.0,118.0,7-5 6-3,3,RR,105.0,8.0,4.0,71.0,33.0,25.0,19.0,11.0,4.0,6.0,0.0,10.0,66.0,38.0,23.0,12.0,6.0,4.0,10.0,No unique independent dated result
2025-M-DC-2025-WG1-R1-SWE-TUN-01,Davis Cup WG1 R1: SWE vs TUN,Hard,4.0,D,,20250912,4.0,B0JG,,,Leo Borg,R,183.0,SWE,22.33,589.0,60.0,O09A,,,Aziz Ouakaa,R,185.0,TUN,26.1,625.0,55.0,6-4 6-3,3,RR,87.0,1.0,1.0,44.0,24.0,18.0,14.0,9.0,0.0,1.0,4.0,1.0,73.0,45.0,28.0,12.0,10.0,7.0,11.0,No unique independent dated result
2025-M-DC-2025-WG1-R1-POL-GBR-01,Davis Cup WG1 R1: POL vs GBR,Hard,4.0,D,,20250912,1.0,F0DM,,,Arthur Fery,R,175.0,GBR,23.17,227.0,247.0,P0IT,,,Olaf Pieczkowski,R,183.0,POL,21.448,484.0,87.0,6-4 6-2,3,RR,78.0,2.0,0.0,47.0,31.0,23.0,15.0,7.0,7.0,8.0,2.0,3.0,47.0,45.0,28.0,10.0,6.0,6.0,9.0,No unique independent dated result
2025-M-DC-2025-WG1-R1-POL-GBR-01,Davis Cup WG1 R1: POL vs GBR,Hard,4.0,D,,20250912,2.0,N771,,,Cameron Norrie,L,188.0,GBR,30.056,34.0,1397.0,B0P4,,,Tomasz Berkieta,R,191.0,POL,19.146,545.0,70.0,7-6(7) 6-4,3,RR,100.0,4.0,3.0,75.0,42.0,37.0,15.0,11.0,2.0,2.0,13.0,4.0,73.0,44.0,35.0,14.0,11.0,0.0,1.0,No unique independent dated result
2025-M-DC-2025-WG1-R1-POL-GBR-01,Davis Cup WG1 R1: POL vs GBR,Hard,4.0,D,,20250912,3.0,N771,,,Cameron Norrie,L,188.0,GBR,30.056,34.0,1397.0,P0IT,,,Olaf Pieczkowski,R,183.0,POL,21.448,484.0,87.0,6-4 6-4,3,RR,81.0,5.0,0.0,42.0,62.0,27.0,8.0,10.0,2.0,0.0,10.0,2.0,62.0,37.0,40.0,2.0,23.0,0.0,10.0,No unique independent dated result
2025-M-DC-2025-WG1-R1-SRB-TUR-01,Davis Cup WG1 R1: SRB vs TUR,Hard,4.0,D,,20250912,2.0,KI95,,,Miomir Kecmanovic,R,183.0,SRB,26.034,47.0,1086.0,KI48,,,Ergi Kirkin,R,180.0,TUR,26.626,479.0,89.0,6-2 6-2,3,RR,61.0,6.0,0.0,42.0,29.0,25.0,8.0,8.0,0.0,0.0,6.0,2.0,54.0,37.0,22.0,6.0,8.0,6.0,10.0,No unique independent dated result
2025-M-DC-2025-WG1-R1-SUI-IND-01,Davis Cup WG1 R1: SUI vs IND,Hard,4.0,D,,20250912,1.0,S0DE,,,Dhakshineswar Suresh,R,196.0,IND,25.457,626.0,54.0,K0EP,,,Jerome Kym,R,198.0,SUI,22.582,155.0,387.0,5-7 6-3 6-3,3,RR,81.0,9.0,2.0,73.0,52.0,41.0,12.0,11.0,7.0,7.0,9.0,1.0,51.0,40.0,32.0,7.0,10.0,0.0,1.0,No unique independent dated result
2025-M-DC-2025-WG1-R1-SUI-IND-01,Davis Cup WG1 R1: SUI vs IND,Hard,4.0,D,,20250912,2.0,N897,,,Sumit Nagal,R,178.0,IND,28.074,290.0,179.0,HH06,,,Marc-Andrea Huesler,L,196.0,SUI,29.218,222.0,248.0,6-4 7-6(4),3,RR,108.0,3.0,1.0,64.0,52.0,41.0,4.0,10.0,2.0,2.0,5.0,2.0,84.0,47.0,33.0,17.0,11.0,7.0,9.0,No unique independent dated result
2025-M-DC-2025-WG1-R1-SUI-IND-01,Davis Cup WG1 R1: SUI vs IND,Hard,4.0,D,,20250912,3.0,N897,,,Sumit Nagal,R,178.0,IND,28.074,290.0,179.0,B0TP,,,Henry Bernet,R,191.0,SUI,18.631,603.0,57.0,6-3 6-1,3,RR,51.0,1.0,0.0,45.0,48.0,33.0,4.0,8.0,4.0,1.0,8.0,0.0,41.0,27.0,18.0,2.0,11.0,0.0,8.0,No unique independent dated result
2025-M-DC-2025-WG1-R1-BUL-FIN-01,Davis Cup WG1 R1: BUL vs FIN,Clay,4.0,D,,20250912,1.0,RH24,,,Emil Ruusuvuori,R,188.0,FIN,26.448,677.0,46.0,I0BF,,,Ivan Ivanov,R,,BUL,16.868,934.0,19.0,6-2 6-2,3,RR,65.0,2.0,1.0,47.0,31.0,26.0,8.0,8.0,0.0,0.0,1.0,2.0,42.0,30.0,15.0,6.0,8.0,0.0,4.0,No unique independent dated result
2025-M-DC-2025-WG1-R1-BUL-FIN-01,Davis Cup WG1 R1: BUL vs FIN,Clay,4.0,D,,20250912,2.0,V0GR,,,Alexander Vasilev,L,185.0,BUL,18.333,992.0,15.0,V0AM,,,Otto Virtanen,R,193.0,FIN,24.227,141.0,449.0,6-3 7-5,3,RR,110.0,0.0,7.0,72.0,47.0,33.0,13.0,11.0,3.0,5.0,0.0,6.0,63.0,31.0,20.0,15.0,10.0,2.0,6.0,No unique independent dated result
2025-M-DC-2025-WG1-R1-BUL-FIN-01,Davis Cup WG1 R1: BUL vs FIN,Clay,4.0,D,,20250912,3.0,V993,,,Eero Vasa,R,185.0,FIN,28.611,504.0,82.0,M0KA,,,Yanaki Milev,R,180.0,BUL,21.41,713.0,41.0,6-2 6-2,3,RR,78.0,2.0,2.0,49.0,28.0,24.0,11.0,8.0,1.0,1.0,0.0,4.0,56.0,28.0,15.0,15.0,8.0,6.0,10.0,No unique independent dated result
2025-M-DC-2025-WG1-R1-BUL-FIN-01,Davis Cup WG1 R1: BUL vs FIN,Clay,4.0,D,,20250912,4.0,V0GR,,,Alexander Vasilev,L,185.0,BUL,18.333,992.0,15.0,RH24,,,Emil Ruusuvuori,R,188.0,FIN,26.448,677.0,46.0,7-6(5) 6-3,3,RR,120.0,1.0,4.0,76.0,47.0,36.0,17.0,11.0,1.0,1.0,3.0,4.0,80.0,47.0,35.0,16.0,11.0,3.0,4.0,No unique independent dated result
2025-M-DC-2025-WG1-R1-TPE-NOR-01,Davis Cup WG1 R1: TPE vs NOR,Hard,4.0,D,,20250912,1.0,B0U4,,,Nicolai Budkov Kjaer,R,191.0,NOR,19.031,159.0,377.0,W857,,,Tung-Lin Wu,R,188.0,TPE,27.337,291.0,179.0,4-6 6-3 6-4,3,RR,125.0,17.0,1.0,87.0,62.0,49.0,17.0,14.0,4.0,5.0,6.0,1.0,83.0,66.0,51.0,11.0,15.0,2.0,5.0,No unique independent dated result
2025-M-DC-2025-WG1-R1-TPE-NOR-01,Davis Cup WG1 R1: TPE vs NOR,Hard,4.0,D,,20250912,2.0,T0AP,,,Chun-Hsin Tseng,R,175.0,TPE,24.096,120.0,531.0,DC76,,,Viktor Durasovic,R,185.0,NOR,28.485,246.0,233.0,6-1 6-1,3,RR,55.0,2.0,2.0,33.0,20.0,19.0,9.0,7.0,0.0,0.0,3.0,3.0,44.0,25.0,14.0,7.0,7.0,3.0,8.0,No unique independent dated result
2025-M-DC-2025-WG1-R1-TPE-NOR-01,Davis Cup WG1 R1: TPE vs NOR,Hard,4.0,D,,20250912,3.0,B0U4,,,Nicolai Budkov Kjaer,R,191.0,NOR,19.031,159.0,377.0,T0AP,,,Chun-Hsin Tseng,R,175.0,TPE,24.096,120.0,531.0,7-6(2) 6-4,3,RR,113.0,8.0,5.0,86.0,48.0,40.0,18.0,11.0,3.0,3.0,3.0,4.0,63.0,44.0,32.0,11.0,11.0,0.0,1.0,No unique independent dated result
2025-M-DC-2025-WG1-R1-TPE-NOR-01,Davis Cup WG1 R1: TPE vs NOR,Hard,4.0,D,,20250912,4.0,DC76,,,Viktor Durasovic,R,185.0,NOR,28.485,246.0,233.0,W857,,,Tung-Lin Wu,R,188.0,TPE,27.337,291.0,179.0,7-6(4) 6-7(2) 6-4,3,RR,192.0,16.0,5.0,120.0,72.0,54.0,25.0,14.0,6.0,9.0,3.0,3.0,131.0,85.0,53.0,29.0,13.0,11.0,15.0,No unique independent dated result
2025-M-DC-2025-WG1-R1-CHI-LUX-01,Davis Cup WG1 R1: CHI vs LUX,Clay,4.0,D,,20250912,1.0,BS86,,,Tomas Barrios Vera,R,191.0,CHI,27.756,134.0,473.0,KJ00,,,Alex Knaff,R,193.0,LUX,27.795,668.0,48.0,6-1 6-2,3,RR,75.0,3.0,1.0,41.0,26.0,23.0,7.0,7.0,2.0,2.0,1.0,3.0,53.0,24.0,12.0,13.0,8.0,13.0,2.0,No unique independent dated result
2025-M-DC-2025-WG1-R1-CHI-LUX-01,Davis Cup WG1 R1: CHI vs LUX,Clay,4.0,D,,20250912,2.0,GD64,,,Cristian Garin,R,185.0,CHI,29.287,124.0,518.0,G0M3,,,Aaron Gil Garcia,,,LUX,21.947,1361.0,5.0,6-2 6-7(1) 6-2,3,RR,148.0,2.0,0.0,88.0,57.0,38.0,16.0,14.0,4.0,6.0,2.0,4.0,96.0,54.0,36.0,15.0,14.0,5.0,11.0,No unique independent dated result
2025-M-DC-2025-WG1-R1-ECU-BIH-01,Davis Cup WG1 R1: ECU vs BIH,Clay,4.0,D,,20250912,1.0,D923,,,Damir Dzumhur,R,175.0,BIH,33.314,68.0,868.0,AG08,,,Andres Andrade,R,180.0,ECU,26.746,344.0,148.0,7-6(3) 6-1,3,RR,133.0,3.0,0.0,77.0,54.0,34.0,15.0,10.0,5.0,6.0,2.0,2.0,63.0,37.0,25.0,8.0,9.0,0.0,3.0,No unique independent dated result
2025-M-DC-2025-WG1-R1-ECU-BIH-01,Davis Cup WG1 R1: ECU vs BIH,Clay,4.0,D,,20250912,2.0,G0DH,,,Alvaro Guillen Meza,R,175.0,ECU,22.694,237.0,241.0,F840,,,Nerman Fatic,R,191.0,BIH,30.886,239.0,239.0,6-4 7-6(0),3,RR,117.0,4.0,3.0,61.0,44.0,37.0,10.0,11.0,4.0,5.0,5.0,2.0,79.0,59.0,38.0,8.0,11.0,7.0,9.0,No unique independent dated result
2025-M-DC-2025-WG1-R1-ECU-BIH-01,Davis Cup WG1 R1: ECU vs BIH,Clay,4.0,D,,20250912,3.0,G0DH,,,Alvaro Guillen Meza,R,175.0,ECU,22.694,237.0,241.0,D923,,,Damir Dzumhur,R,175.0,BIH,33.314,68.0,868.0,6-2 6-1,3,RR,81.0,0.0,3.0,41.0,26.0,20.0,7.0,7.0,1.0,2.0,0.0,1.0,56.0,42.0,18.0,6.0,8.0,9.0,15.0,No unique independent dated result
2025-M-DC-2025-WG1-R1-ECU-BIH-01,Davis Cup WG1 R1: ECU vs BIH,Clay,4.0,D,,20250912,4.0,AG08,,,Andres Andrade,R,180.0,ECU,26.746,344.0,148.0,N0DB,,,Andrej Nedic,R,185.0,BIH,20.906,363.0,140.0,1-6 6-3 6-2,3,RR,125.0,4.0,3.0,68.0,68.0,45.0,0.0,12.0,5.0,8.0,1.0,1.0,75.0,74.0,42.0,0.0,12.0,3.0,7.0,No unique independent dated result
2025-M-DC-2025-WG1-R1-GRE-BRA-01,Davis Cup WG1 R1: GRE vs BRA,Hard,4.0,D,,20250912,1.0,TE51,,,Stefanos Tsitsipas,R,193.0,GRE,27.086,27.0,1830.0,SX91,,,Thiago Seyboth Wild,R,185.0,BRA,25.509,146.0,420.0,6-2 6-1,3,RR,72.0,5.0,1.0,47.0,27.0,21.0,11.0,8.0,4.0,5.0,1.0,2.0,47.0,30.0,14.0,7.0,7.0,2.0,7.0,No unique independent dated result
2025-M-DC-2025-WG1-R1-GRE-BRA-01,Davis Cup WG1 R1: GRE vs BRA,Hard,4.0,D,,20250912,2.0,F0FV,,,Joao Fonseca,R,188.0,BRA,19.061,42.0,1129.0,S0KT,,,Stefanos Sakellaridis,R,198.0,GRE,20.997,286.0,182.0,7-5 6-3,3,RR,112.0,3.0,4.0,81.0,58.0,41.0,14.0,11.0,6.0,6.0,2.0,2.0,72.0,44.0,29.0,15.0,9.0,7.0,9.0,No unique independent dated result
2025-M-DC-2025-WG1-R1-GRE-BRA-01,Davis Cup WG1 R1: GRE vs BRA,Hard,4.0,D,,20250912,3.0,F0FV,,,Joao Fonseca,R,188.0,BRA,19.061,42.0,1129.0,TE51,,,Stefanos Tsitsipas,R,193.0,GRE,27.086,27.0,1830.0,6-4 3-6 7-5,3,RR,127.0,1.0,1.0,83.0,61.0,46.0,11.0,15.0,0.0,2.0,4.0,1.0,83.0,54.0,42.0,17.0,16.0,2.0,5.0,No unique independent dated result
2025-M-DC-2025-QLS-M-NED-ARG-01,Davis Cup QLS R2: NED vs ARG,Hard,4.0,D,,20250912,1.0,C0AU,,,Francisco Cerundolo,R,185.0,ARG,27.083,21.0,2135.0,V812,,,Botic van de Zandschulp,R,191.0,NED,29.941,82.0,759.0,7-6(1) 6-1,3,RR,111.0,1.0,4.0,66.0,36.0,23.0,14.0,9.0,5.0,8.0,2.0,5.0,81.0,49.0,29.0,9.0,10.0,9.0,15.0,No unique independent dated result
2025-M-DC-2025-QLS-M-NED-ARG-01,Davis Cup QLS R2: NED vs ARG,Hard,4.0,D,,20250912,2.0,EA24,,,Tomas Martin Etcheverry,R,196.0,ARG,26.155,64.0,890.0,D0C1,,,Jesper de Jong,R,180.0,NED,25.284,79.0,784.0,6-4 6-4,3,RR,122.0,4.0,1.0,54.0,34.0,23.0,7.0,10.0,0.0,3.0,6.0,2.0,77.0,47.0,29.0,11.0,10.0,11.0,16.0,No unique independent dated result
2025-M-DC-2025-QLS-M-NED-ARG-01,Davis Cup QLS R2: NED vs ARG,Hard,4.0,D,,20250912,3.0,D0C1,,,Jesper de Jong,R,180.0,NED,25.284,79.0,784.0,C0DF,,,Francisco Comesana,R,178.0,ARG,24.934,61.0,912.0,6-4 6-3,3,RR,84.0,8.0,2.0,53.0,27.0,22.0,15.0,9.0,1.0,2.0,7.0,2.0,57.0,42.0,26.0,8.0,10.0,2.0,6.0,No unique independent dated result
2025-M-DC-2025-QLS-M-HUN-AUT-01,Davis Cup QLS R2: HUN vs AUT,Hard,4.0,D,,20250912,1.0,N0CS,,,Lukas Neumayer,R,183.0,AUT,23.017,173.0,317.0,F724,,,Marton Fucsovics,R,188.0,HUN,33.593,59.0,916.0,3-6 6-3 7-6(7),3,RR,174.0,2.0,3.0,98.0,53.0,37.0,28.0,15.0,5.0,9.0,7.0,3.0,103.0,66.0,45.0,16.0,15.0,1.0,5.0,No unique independent dated result
2025-M-DC-2025-QLS-M-HUN-AUT-01,Davis Cup QLS R2: HUN vs AUT,Hard,4.0,D,,20250912,2.0,P09O,,,Zsombor Piros,R,180.0,HUN,25.916,154.0,390.0,N0CS,,,Lukas Neumayer,R,183.0,AUT,23.017,173.0,317.0,7-5 7-6(6),3,RR,130.0,11.0,0.0,78.0,52.0,39.0,19.0,12.0,2.0,2.0,4.0,1.0,95.0,69.0,48.0,13.0,12.0,12.0,13.0,No unique independent dated result
2025-M-DC-2025-QLS-M-HUN-AUT-01,Davis Cup QLS R2: HUN vs AUT,Hard,4.0,D,,20250912,3.0,R09X,,,Jurij Rodionov,L,191.0,AUT,26.327,158.0,378.0,M0CI,,,Fabian Marozsan,R,193.0,HUN,25.93,56.0,935.0,6-2 6-7(5) 7-5,3,RR,139.0,8.0,5.0,99.0,61.0,49.0,18.0,16.0,3.0,5.0,5.0,3.0,109.0,78.0,49.0,17.0,16.0,5.0,10.0,No unique independent dated result
2025-M-DC-2025-QLS-M-HUN-AUT-01,Davis Cup QLS R2: HUN vs AUT,Hard,4.0,D,,20250912,4.0,R09X,,,Jurij Rodionov,L,191.0,AUT,26.327,158.0,378.0,F724,,,Marton Fucsovics,R,188.0,HUN,33.593,59.0,916.0,6-1 6-2,3,RR,63.0,2.0,0.0,34.0,23.0,21.0,7.0,8.0,5.0,9.0,0.0,0.0,60.0,36.0,17.0,7.0,9.0,5.0,8.0,No unique independent dated result
2025-M-DC-2025-QLS-M-CRO-FRA-01,Davis Cup QLS R2: CRO vs FRA,Clay,4.0,D,,20250912,1.0,RC91,,,Arthur Rinderknech,R,196.0,FRA,30.141,57.0,932.0,C977,,,Marin Cilic,R,198.0,CRO,36.956,60.0,914.0,6-2 6-4,3,RR,88.0,9.0,1.0,48.0,30.0,23.0,14.0,9.0,0.0,0.0,3.0,3.0,55.0,37.0,26.0,6.0,9.0,4.0,7.0,No unique independent dated result
2025-M-DC-2025-QLS-M-CRO-FRA-01,Davis Cup QLS R2: CRO vs FRA,Clay,4.0,D,,20250912,2.0,MW02,,,Corentin Moutet,L,180.0,FRA,26.401,39.0,1146.0,P0HW,,,Dino Prizmic,R,188.0,CRO,20.104,119.0,536.0,6-4 5-7 6-1,3,RR,197.0,0.0,2.0,84.0,59.0,49.0,13.0,14.0,7.0,8.0,1.0,3.0,110.0,69.0,46.0,23.0,15.0,13.0,17.0,No unique independent dated result
2025-M-DC-2025-QLS-M-CRO-FRA-01,Davis Cup QLS R2: CRO vs FRA,Clay,4.0,D,,20250912,3.0,MW02,,,Corentin Moutet,L,180.0,FRA,26.401,39.0,1146.0,C977,,,Marin Cilic,R,198.0,CRO,36.956,60.0,914.0,7-5 6-4,3,RR,137.0,0.0,0.0,70.0,49.0,24.0,8.0,11.0,5.0,8.0,0.0,0.0,76.0,50.0,28.0,14.0,11.0,6.0,9.0,No unique independent dated result
2025-M-DC-2025-QLS-M-JPN-GER-01,Davis Cup QLS R2: JPN vs GER,Hard,4.0,D,,20250912,1.0,SL28,,,Jan-Lennard Struff,R,193.0,GER,35.384,98.0,648.0,N732,,,Yoshihito Nishioka,L,170.0,JPN,29.96,153.0,399.0,6-4 6-7(4) 6-3,3,RR,147.0,18.0,3.0,108.0,70.0,56.0,18.0,16.0,10.0,10.0,3.0,1.0,98.0,64.0,44.0,23.0,16.0,1.0,3.0,No unique independent dated result
2025-M-DC-2025-QLS-M-JPN-GER-01,Davis Cup QLS R2: JPN vs GER,Hard,4.0,D,,20250912,2.0,H997,,,Yannick Hanfmann,R,193.0,GER,33.832,135.0,469.0,M0HU,,,Shintaro Mochizuki,R,175.0,JPN,22.281,104.0,614.0,6-3 6-3,3,RR,84.0,9.0,1.0,57.0,40.0,32.0,8.0,9.0,1.0,1.0,1.0,2.0,64.0,38.0,23.0,11.0,9.0,5.0,8.0,No unique independent dated result
2025-M-DC-2025-QLS-M-ESP-DEN-01,Davis Cup QLS R2: ESP vs DEN,Clay,4.0,D,,20250912,1.0,R0DG,,,Holger Rune,R,188.0,DEN,22.374,11.0,3090.0,CD85,,,Pablo Carreno Busta,R,188.0,ESP,34.171,123.0,518.0,7-5 6-3,3,RR,100.0,6.0,1.0,65.0,36.0,26.0,12.0,11.0,3.0,5.0,2.0,2.0,53.0,30.0,20.0,6.0,10.0,0.0,4.0,No unique independent dated result
2025-M-DC-2025-QLS-M-ESP-DEN-01,Davis Cup QLS R2: ESP vs DEN,Clay,4.0,D,,20250912,2.0,M0K4,,,Elmer Moller,R,183.0,DEN,22.179,113.0,558.0,MU94,,,Jaume Munar,R,183.0,ESP,28.356,37.0,1253.0,2-6 6-1 6-4,3,RR,154.0,1.0,4.0,91.0,61.0,36.0,14.0,13.0,7.0,13.0,1.0,4.0,69.0,40.0,22.0,12.0,12.0,3.0,10.0,No unique independent dated result
2025-M-DC-2025-QLS-M-ESP-DEN-01,Davis Cup QLS R2: ESP vs DEN,Clay,4.0,D,,20250912,3.0,MO44,,,Pedro Martinez,R,185.0,ESP,28.381,67.0,873.0,R0DG,,,Holger Rune,R,188.0,DEN,22.374,11.0,3090.0,6-1 4-6 7-6,3,RR,196.0,0.0,3.0,89.0,58.0,42.0,18.0,15.0,2.0,5.0,2.0,3.0,98.0,58.0,41.0,19.0,14.0,4.0,8.0,No unique independent dated result
2025-M-DC-2025-QLS-M-ESP-DEN-01,Davis Cup QLS R2: ESP vs DEN,Clay,4.0,D,,20250912,4.0,CD85,,,Pablo Carreno Busta,R,188.0,ESP,34.171,123.0,518.0,M0K4,,,Elmer Moller,R,183.0,DEN,22.179,113.0,558.0,6-2 6-3,3,RR,85.0,3.0,0.0,51.0,36.0,31.0,8.0,9.0,2.0,2.0,1.0,1.0,50.0,36.0,21.0,9.0,8.0,1.0,4.0,No unique independent dated result
2025-M-DC-2025-QLS-M-AUS-BEL-01,Davis Cup QLS R2: AUS vs BEL,Hard,4.0,D,,20250912,1.0,BU13,,,Zizou Bergs,R,185.0,BEL,26.278,46.0,1089.0,TC61,,,Jordan Thompson,R,183.0,AUS,31.398,77.0,795.0,7-6(4) 6-4,3,RR,97.0,3.0,6.0,65.0,39.0,29.0,15.0,11.0,0.0,2.0,4.0,0.0,63.0,39.0,28.0,11.0,11.0,2.0,5.0,No unique independent dated result
2025-M-DC-2025-QLS-M-AUS-BEL-01,Davis Cup QLS R2: AUS vs BEL,Hard,4.0,D,,20250912,2.0,C0JP,,,Raphael Collignon,R,191.0,BEL,23.663,91.0,677.0,DH58,,,Alex de Minaur,R,183.0,AUS,26.568,8.0,3545.0,7-5 3-6 6-3,3,RR,193.0,4.0,12.0,152.0,88.0,59.0,21.0,15.0,21.0,26.0,2.0,3.0,94.0,54.0,29.0,41.0,9.0,5.0,15.0,No unique independent dated result
2025-M-DC-2025-QLS-M-AUS-BEL-01,Davis Cup QLS R2: AUS vs BEL,Hard,4.0,D,,20250912,3.0,DH58,,,Alex de Minaur,R,183.0,AUS,26.568,8.0,3545.0,BU13,,,Zizou Bergs,R,185.0,BEL,26.278,46.0,1089.0,6-2 7-5,3,RR,91.0,2.0,1.0,58.0,32.0,23.0,14.0,10.0,5.0,7.0,2.0,0.0,62.0,40.0,24.0,9.0,10.0,2.0,7.0,No unique independent dated result
2025-M-DC-2025-QLS-M-AUS-BEL-01,Davis Cup QLS R2: AUS vs BEL,Hard,4.0,D,,20250912,4.0,C0JP,,,Raphael Collignon,R,191.0,BEL,23.663,91.0,677.0,V832,,,Aleksandar Vukic,R,188.0,AUS,29.435,95.0,668.0,7-5 2-6 6-3,3,RR,131.0,13.0,8.0,93.0,55.0,42.0,17.0,13.0,6.0,7.0,6.0,0.0,92.0,50.0,34.0,17.0,15.0,3.0,8.0,No unique independent dated result
2025-M-DC-2025-QLS-M-USA-CZE-01,Davis Cup QLS R2: USA vs CZE,Hard,4.0,D,,20250912,1.0,L0BV,,,Jiri Lehecka,R,185.0,CZE,23.844,16.0,2415.0,TD51,,,Frances Tiafoe,R,188.0,USA,27.644,29.0,1640.0,6-3 6-2,3,RR,78.0,8.0,1.0,58.0,38.0,28.0,12.0,9.0,0.0,0.0,5.0,3.0,54.0,29.0,20.0,10.0,8.0,3.0,6.0,No unique independent dated result
2025-M-DC-2025-QLS-M-USA-CZE-01,Davis Cup QLS R2: USA vs CZE,Hard,4.0,D,,20250912,2.0,FB98,,,Taylor Fritz,R,196.0,USA,27.874,5.0,4675.0,M0NI,,,Jakub Mensik,R,196.0,CZE,20.03,17.0,2380.0,6-4 6-3,3,RR,101.0,9.0,5.0,60.0,32.0,25.0,13.0,9.0,3.0,5.0,5.0,6.0,76.0,41.0,27.0,12.0,10.0,8.0,13.0,No unique independent dated result
2025-M-DC-2025-QLS-M-USA-CZE-01,Davis Cup QLS R2: USA vs CZE,Hard,4.0,D,,20250912,3.0,L0BV,,,Jiri Lehecka,R,185.0,CZE,23.844,16.0,2415.0,FB98,,,Taylor Fritz,R,196.0,USA,27.874,5.0,4675.0,6-4 3-6 6-4,3,RR,149.0,13.0,5.0,88.0,57.0,45.0,12.0,14.0,6.0,8.0,13.0,4.0,114.0,62.0,43.0,25.0,15.0,17.0,17.0,No unique independent dated result
2025-M-DC-2025-QLS-M-USA-CZE-01,Davis Cup QLS R2: USA vs CZE,Hard,4.0,D,,20250912,4.0,M0NI,,,Jakub Mensik,R,196.0,CZE,20.03,17.0,2380.0,TD51,,,Frances Tiafoe,R,188.0,USA,27.644,29.0,1640.0,6-1 6-4,3,RR,73.0,7.0,3.0,43.0,31.0,25.0,8.0,9.0,0.0,1.0,4.0,4.0,58.0,33.0,19.0,8.0,8.0,8.0,12.0,No unique independent dated result
2025-M-DC-2025-WG2-R1-UKR-DOM-01,Davis Cup WG2 R1: UKR vs DOM,Clay,4.0,D,,20250912,1.0,O659,,,Vladyslav Orlov,R,188.0,UKR,30.324,475.0,91.0,CF88,,,Roberto Cid Subervi,R,193.0,DOM,32.036,367.0,136.0,6-2 6-1,3,RR,,,,,,,,,,,,,,,,,,,,No unique independent dated result
2025-M-DC-2025-WG2-R1-UKR-DOM-02,Davis Cup WG2 R1: UKR vs DOM,Clay,4.0,D,,20250912,2.0,B0LL,,,Viacheslav Bielinskyi,R,,UKR,21.78,373.0,132.0,BP79,,,Peter Bertran,R,183.0,DOM,29.522,660.0,50.0,6-4 4-6 7-6(3),3,RR,,,,,,,,,,,,,,,,,,,,No unique independent dated result
2025-M-DC-2025-WG2-R1-UKR-DOM-04,Davis Cup WG2 R1: UKR vs DOM,Clay,4.0,D,,20250912,4.0,K0DP,,,Oleksii Krutykh,R,185.0,UKR,25.509,459.0,95.0,M0P3,,,Enmanuel Munoz,,,DOM,20.638,,,6-1 6-4,3,RR,,,,,,,,,,,,,,,,,,,,No unique independent dated result
2025-M-DC-2025-WG2-R1-ESA-ROU-01,Davis Cup WG2 R1: ESA vs ROU,Hard,4.0,D,,20250913,1.0,T0JZ,,,Radu David Turcanu,L,,ROU,19.496,664.0,49.0,A853,,,Marcelo Arevalo,R,191.0,ESA,34.908,,,6-7(3) 6-3 6-2,3,RR,,,,,,,,,,,,,,,,,,,,No unique independent dated result
2025-M-DC-2025-WG2-R1-ESA-ROU-02,Davis Cup WG2 R1: ESA vs ROU,Hard,4.0,D,,20250913,2.0,G0ME,,,Gabriel Ghetu,R,,ROU,17.851,761.0,35.0,C0NU,,,Cesar Cruz,,,ESA,19.006,1400.0,4.0,6-1 2-6 6-2,3,RR,,,,,,,,,,,,,,,,,,,,No unique independent dated result
2025-M-DC-2025-WG2-R1-ESA-ROU-04,Davis Cup WG2 R1: ESA vs ROU,Hard,4.0,D,,20250913,4.0,T0JZ,,,Radu David Turcanu,L,,ROU,19.496,664.0,49.0,C0NU,,,Cesar Cruz,,,ESA,19.006,1400.0,4.0,7-6(5) 6-3,3,RR,,,,,,,,,,,,,,,,,,,,No unique independent dated result
2025-M-DC-2025-WG2-R1-LTU-BEN-01,Davis Cup WG2 R1: LTU vs BEN,Hard,4.0,D,,20250913,1.0,G0FW,,,Vilius Gaubas,R,178.0,LTU,20.706,161.0,345.0,KA33,,,Alexis Klegou,R,,BEN,36.632,,,6-3 7-5,3,RR,,,,,,,,,,,,,,,,,,,,No unique independent dated result
2025-M-DC-2025-WG2-R1-LTU-BEN-02,Davis Cup WG2 R1: LTU vs BEN,Hard,4.0,D,,20250913,2.0,B0MM,,,Edas Butvilas,R,191.0,LTU,21.142,234.0,242.0,A0N6,,,Patrick Agbo-Panzo,,,BEN,22.702,,,6-1 6-2,3,RR,,,,,,,,,,,,,,,,,,,,No unique independent dated result
2025-M-DC-2025-WG2-R1-LTU-BEN-04,Davis Cup WG2 R1: LTU vs BEN,Hard,4.0,D,,20250913,4.0,V0FD,,,Pijus Vaitiekunas,,,LTU,22.543,1431.0,4.0,A0N6,,,Patrick Agbo-Panzo,,,BEN,22.702,,,6-3 7-5,3,RR,,,,,,,,,,,,,,,,,,,,No unique independent dated result
2025-M-DC-2025-WG2-R1-TOG-EGY-01,Davis Cup WG2 R1: TOG vs EGY,Hard,4.0,D,,20250913,1.0,Z0BL,,,Fares Zakaria,R,183.0,EGY,24.337,543.0,72.0,000001,,,Kodjo Charles Alipoe-Tchotchodji,,,TOG,32.496,,,6-2 6-0,3,RR,,,,,,,,,,,,,,,,,,,,No unique independent dated result
2025-M-DC-2025-WG2-R1-TOG-EGY-02,Davis Cup WG2 R1: TOG vs EGY,Hard,4.0,D,,20250913,2.0,B0LV,,,Michael Bassem Sobhy,R,,EGY,21.352,712.0,42.0,P0OR,,,Hod'abalo Padio,,,TOG,20.665,,,6-4 6-2,3,RR,,,,,,,,,,,,,,,,,,,,No unique independent dated result
2025-M-DC-2025-WG2-R1-TOG-EGY-04,Davis Cup WG2 R1: TOG vs EGY,Hard,4.0,D,,20250913,4.0,P0OR,,,Hod'abalo Padio,,,TOG,20.665,,,EA34,,,Akram El Sallaly,R,175.0,EGY,27.833,,,6-4 6-2,3,RR,,,,,,,,,,,,,,,,,,,,No unique independent dated result
2025-M-DC-2025-WG2-R1-HKG-UZB-01,Davis Cup WG2 R1: HKG vs UZB,Hard,4.0,D,,20250913,1.0,W0BH,,,Coleman Wong,R,191.0,HKG,21.27,149.0,418.0,F0A3,,,Sergey Fomin,R,180.0,UZB,24.613,495.0,86.0,6-3 6-2,3,RR,,,,,,,,,,,,,,,,,,,,No unique independent dated result
2025-M-DC-2025-WG2-R1-HKG-UZB-02,Davis Cup WG2 R1: HKG vs UZB,Hard,4.0,D,,20250913,2.0,SR81,,,Khumoyun Sultanov,R,180.0,UZB,26.88,403.0,122.0,W0F3,,,Tsz Fu Wong,R,175.0,HKG,19.97,,,7-6(4) 6-3,3,RR,,,,,,,,,,,,,,,,,,,,No unique independent dated result
2025-M-DC-2025-WG2-R1-HKG-UZB-04,Davis Cup WG2 R1: HKG vs UZB,Hard,4.0,D,,20250913,4.0,W0BH,,,Coleman Wong,R,191.0,HKG,21.27,149.0,418.0,SR81,,,Khumoyun Sultanov,R,180.0,UZB,26.88,403.0,122.0,6-2 6-2,3,RR,,,,,,,,,,,,,,,,,,,,No unique independent dated result
2025-M-DC-2025-WG2-R1-IRL-CHN-01,Davis Cup WG2 R1: IRL vs CHN,Hard,4.0,D,,20250913,1.0,Y09V,,,Yunchaokete Bu,R,185.0,CHN,23.65,74.0,811.0,B0PD,,,Peter Buldorini,R,183.0,IRL,21.095,921.0,20.0,6-4 6-1,3,RR,,,,,,,,,,,,,,,,,,,,No unique independent dated result
2025-M-DC-2025-WG2-R1-IRL-CHN-02,Davis Cup WG2 R1: IRL vs CHN,Hard,4.0,D,,20250913,2.0,Z0CQ,,,Yi Zhou,R,193.0,CHN,20.501,304.0,170.0,A0JA,,,Michael Agwi,R,193.0,IRL,22.026,528.0,76.0,6-1 6-7(6) 6-0,3,RR,,,,,,,,,,,,,,,,,,,,No unique independent dated result
2025-M-DC-2025-WG2-R1-CYP-MON-01,Davis Cup WG2 R1: CYP vs MON,Hard,4.0,D,,20250913,1.0,VA25,,,Valentin Vacherot,R,193.0,MON,26.825,206.0,263.0,C0L4,,,Stylianos Christodoulou,,,CYP,20.857,1770.0,2.0,4-6 6-1 6-1,3,RR,,,,,,,,,,,,,,,,,,,,No unique independent dated result
2025-M-DC-2025-WG2-R1-CYP-MON-02,Davis Cup WG2 R1: CYP vs MON,Hard,4.0,D,,20250913,2.0,EA31,,,Menelaos Efstathiou,R,183.0,CYP,26.535,865.0,26.0,AA81,,,Romain Arneodo,R,175.0,MON,33.109,,,7-5 6-3,3,RR,,,,,,,,,,,,,,,,,,,,No unique independent dated result
2025-M-DC-2025-WG2-R1-CYP-MON-04,Davis Cup WG2 R1: CYP vs MON,Hard,4.0,D,,20250913,4.0,VA25,,,Valentin Vacherot,R,193.0,MON,26.825,206.0,263.0,EA31,,,Menelaos Efstathiou,R,183.0,CYP,26.535,865.0,26.0,6-2 6-3,3,RR,,,,,,,,,,,,,,,,,,,,No unique independent dated result
2025-M-DC-2025-WG2-R1-NZL-GEO-01,Davis Cup WG2 R1: NZL vs GEO,Hard,4.0,D,,20250913,1.0,W0ED,,,James Watt,R,206.0,NZL,25.262,573.0,65.0,T0AG,,,Zura Tkemaladze,R,188.0,GEO,25.276,944.0,19.0,6-2 7-6(2),3,RR,,,,,,,,,,,,,,,,,,,,No unique independent dated result
2025-M-DC-2025-WG2-R1-NZL-GEO-02,Davis Cup WG2 R1: NZL vs GEO,Hard,4.0,D,,20250913,2.0,BP74,,,Aleksandre Bakshi,L,180.0,GEO,28.164,643.0,53.0,L0IP,,,Jack Loutit,L,,NZL,21.224,1091.0,11.0,6-3 6-3,3,RR,,,,,,,,,,,,,,,,,,,,No unique independent dated result
2025-M-DC-2025-WG2-R1-NZL-GEO-04,Davis Cup WG2 R1: NZL vs GEO,Hard,4.0,D,,20250913,4.0,W0ED,,,James Watt,R,206.0,NZL,25.262,573.0,65.0,BP74,,,Aleksandre Bakshi,L,180.0,GEO,28.164,643.0,53.0,7-6(3) 6-2,3,RR,,,,,,,,,,,,,,,,,,,,No unique independent dated result
2025-M-DC-2025-WG2-R1-SLO-URU-01,Davis Cup WG2 R1: SLO vs URU,Hard,4.0,D,,20250912,1.0,A0I1,,,Bor Artnak,R,193.0,SLO,21.273,491.0,86.0,A0JW,,,Joaquin Aguilar Cardozo,R,168.0,URU,20.43,808.0,31.0,6-1 6-4,3,RR,,,,,,,,,,,,,,,,,,,,No unique independent dated result
2025-M-DC-2025-WG2-R1-SLO-URU-02,Davis Cup WG2 R1: SLO vs URU,Hard,4.0,D,,20250912,2.0,P0FV,,,Filip Jeff Planinsek,R,188.0,SLO,24.205,619.0,56.0,R0BT,,,Franco Roncadelli,L,185.0,URU,25.599,371.0,133.0,6-1 7-6(5),3,RR,,,,,,,,,,,,,,,,,,,,No unique independent dated result
2025-M-DC-2025-WG2-R1-RSA-MAR-01,Davis Cup WG2 R1: RSA vs MAR,Hard,4.0,D,,20250913,1.0,D0FA,,,Yassine Dlimi,R,191.0,MAR,22.36,780.0,33.0,B0IY,,,Alec Beckley,R,183.0,RSA,24.238,666.0,49.0,6-7(5) 7-6(7) 6-2,3,RR,,,,,,,,,,,,,,,,,,,,No unique independent dated result
2025-M-DC-2025-WG2-R1-RSA-MAR-02,Davis Cup WG2 R1: RSA vs MAR,Hard,4.0,D,,20250913,2.0,B0D6,,,Taha Baadi,R,183.0,MAR,24.153,713.0,42.0,V0IN,,,Marc Van Der Merwe,,,RSA,31.072,1086.0,11.0,3-6 6-1 6-1,3,RR,,,,,,,,,,,,,,,,,,,,No unique independent dated result
2025-M-DC-2025-WG2-R1-RSA-MAR-04,Davis Cup WG2 R1: RSA vs MAR,Hard,4.0,D,,20250913,4.0,B0D6,,,Taha Baadi,R,183.0,MAR,24.153,713.0,42.0,D0NH,,,Connor Doig,,,RSA,17.665,1509.0,3.0,6-3 6-2,3,RR,,,,,,,,,,,,,,,,,,,,No unique independent dated result
2025-M-DC-2025-WG2-R1-RSA-MAR-05,Davis Cup WG2 R1: RSA vs MAR,Hard,4.0,D,,20250913,5.0,B0QQ,,,Karim Bennani,,,MAR,18.029,1120.0,10.0,M0XN,,,Leo Matthysen,,,RSA,19.135,,,6-1 6-2,3,RR,,,,,,,,,,,,,,,,,,,,No unique independent dated result
2025-M-DC-2025-WG2-R1-LBN-BAR-01,Davis Cup WG2 R1: LBN vs BAR,Clay,4.0,D,,20250912,1.0,HG94,,,Benjamin Hassan,R,183.0,LBN,30.604,197.0,270.0,KC86,,,Darian King,R,188.0,BAR,33.38,2118.0,1.0,7-6(6) 1-6 7-6(6),3,RR,,,,,,,,,,,,,,,,,,,,No unique independent dated result
2025-M-DC-2025-WG2-R1-LBN-BAR-02,Davis Cup WG2 R1: LBN vs BAR,Clay,4.0,D,,20250912,2.0,HF80,,,Hady Habib,R,188.0,LBN,27.061,172.0,317.0,M0GR,,,Kaipo Marshall,,,BAR,23.48,,,6-1 6-3,3,RR,,,,,,,,,,,,,,,,,,,,No unique independent dated result
2025-M-DC-2025-WG2-R1-LBN-BAR-04,Davis Cup WG2 R1: LBN vs BAR,Clay,4.0,D,,20250912,4.0,B0U0,,,Fadi Bidan,,,LBN,19.696,1238.0,7.0,S1CL,,,Stephen Slocombe,,,BAR,22.453,1815.0,1.0,6-1 6-4,3,RR,,,,,,,,,,,,,,,,,,,,No unique independent dated result
2025-M-DC-2025-WG2-R1-PAR-PAK-01,Davis Cup WG2 R1: PAR vs PAK,Clay,4.0,D,,20250912,1.0,N0FT,,,Alex Santino Nuñez Vera,,,PRY,18.103,1562.0,3.0,R0FM,,,Huzaifa Abdul Rehman,,,PAK,22.79,,,6-1 5-7 6-4,3,RR,,,,,,,,,,,,,,,,,,,,No unique independent dated result
2025-M-DC-2025-WG2-R1-PAR-PAK-02,Davis Cup WG2 R1: PAR vs PAK,Clay,4.0,D,,20250912,2.0,V0DP,,,Adolfo Daniel Vallejo,R,183.0,PAR,21.374,256.0,220.0,M0FS,,,Muzammil Murtaza,,,PAK,25.834,,,6-0 6-2,3,RR,,,,,,,,,,,,,,,,,,,,No unique independent dated result
2025-M-DC-2025-WG2-R1-EST-MEX-01,Davis Cup WG2 R1: EST vs MEX,Hard,4.0,D,,20250912,1.0,L0GH,,,Mark Lajal,R,191.0,EST,22.338,156.0,381.0,A0IY,,,Luis Carlos Alvarez,R,175.0,MEX,,598.0,60.0,7-6(5) 6-4,3,RR,,,,,,,,,,,,,,,,,,,,No unique independent dated result
2025-M-DC-2025-WG2-R1-EST-MEX-02,Davis Cup WG2 R1: EST vs MEX,Hard,4.0,D,,20250912,2.0,P0J1,,,Rodrigo Pacheco Mendez,L,191.0,MEX,,212.0,258.0,G0BY,,,Daniil Glinka,L,188.0,EST,25.336,313.0,165.0,3-6 6-2 6-3,3,RR,,,,,,,,,,,,,,,,,,,,No unique independent dated result
2025-M-DC-2025-WG2-R1-EST-MEX-04,Davis Cup WG2 R1: EST vs MEX,Hard,4.0,D,,20250912,4.0,P0J1,,,Rodrigo Pacheco Mendez,L,191.0,MEX,,212.0,258.0,L0GH,,,Mark Lajal,R,191.0,EST,22.338,156.0,381.0,6-4 6-4,3,RR,,,,,,,,,,,,,,,,,,,,No unique independent dated result
2025-9210,Laver Cup,Hard,2.0,A,I,20250919,,RH16,,,Casper Ruud,R,183.0,NOR,26.743,12.0,2755.0,O522,,,Reilly Opelka,R,211.0,USA,28.06,62.0,895.0,6-4 7-6(4),3,RR,87.0,6.0,0.0,64.0,51.0,45.0,9.0,11.0,2.0,2.0,9.0,2.0,65.0,44.0,36.0,11.0,11.0,1.0,2.0,No unique independent dated result
2025-9210,Laver Cup,Hard,2.0,A,I,20250919,,F0FV,,,Joao Fonseca,R,188.0,BRA,19.08,42.0,1129.0,C0E9,,,Flavio Cobolli,R,183.0,ITA,23.373,25.0,2040.0,6-4 6-3,3,RR,86.0,2.0,0.0,50.0,36.0,27.0,8.0,10.0,1.0,3.0,1.0,2.0,60.0,34.0,19.0,13.0,9.0,5.0,9.0,No unique independent dated result
2025-9210,Laver Cup,Hard,2.0,A,I,20250919,,DH58,,,Alex de Minaur,R,183.0,AUS,26.587,8.0,3545.0,Z355,,,Alexander Zverev,R,198.0,GER,28.416,3.0,5930.0,6-1 6-4,3,RR,89.0,0.0,2.0,60.0,42.0,28.0,12.0,9.0,3.0,4.0,1.0,0.0,50.0,42.0,20.0,4.0,8.0,3.0,7.0,No unique independent dated result
2025-9210,Laver Cup,Hard,2.0,A,I,20250919,,C0AU,,,Francisco Cerundolo,R,185.0,ARG,27.102,21.0,2135.0,R0DG,,,Holger Rune,R,188.0,DEN,22.393,11.0,3090.0,6-3 7-6(5),3,RR,120.0,1.0,1.0,84.0,57.0,38.0,15.0,11.0,6.0,7.0,1.0,1.0,66.0,46.0,32.0,8.0,10.0,3.0,5.0,No unique independent dated result
2025-9210,Laver Cup,Hard,2.0,A,I,20250919,,FB98,,,Taylor Fritz,R,196.0,USA,27.893,5.0,4675.0,A0E2,,,Carlos Alcaraz,R,183.0,ESP,22.376,1.0,11540.0,6-3 6-2,3,RR,71.0,5.0,4.0,51.0,30.0,24.0,14.0,9.0,2.0,2.0,2.0,1.0,43.0,30.0,19.0,5.0,8.0,1.0,4.0,No unique independent dated result
2025-9210,Laver Cup,Hard,2.0,A,I,20250919,,DH58,,,Alex de Minaur,R,183.0,AUS,26.587,8.0,3545.0,M0NI,,,Jakub Mensik,R,196.0,CZE,20.049,17.0,2380.0,6-3 6-4,3,RR,96.0,1.0,0.0,64.0,44.0,32.0,14.0,10.0,5.0,5.0,7.0,5.0,60.0,37.0,29.0,7.0,9.0,2.0,4.0,No unique independent dated result
2025-9210,Laver Cup,Hard,2.0,A,I,20250919,,FB98,,,Taylor Fritz,R,196.0,USA,27.893,5.0,4675.0,Z355,,,Alexander Zverev,R,198.0,GER,28.416,3.0,5930.0,6-3 7-6(4),3,RR,104.0,3.0,1.0,64.0,40.0,32.0,17.0,11.0,2.0,3.0,3.0,1.0,65.0,49.0,34.0,6.0,10.0,2.0,4.0,No unique independent dated result
2025-9210,Laver Cup,Hard,2.0,A,I,20250919,,A0E2,,,Carlos Alcaraz,R,183.0,ESP,22.376,1.0,11540.0,C0AU,,,Francisco Cerundolo,R,185.0,ARG,27.102,21.0,2135.0,6-2 6-1,3,RR,72.0,0.0,1.0,53.0,33.0,22.0,13.0,8.0,2.0,3.0,1.0,2.0,46.0,26.0,13.0,5.0,7.0,5.0,10.0,No unique independent dated result
2025-7581,Chengdu,Hard,28.0,250,O,20250917,,Z0CQ,,,Yi Zhou,R,193.0,CHN,20.512,304.0,170.0,N771,5.0,,Cameron Norrie,L,188.0,GBR,30.07,34.0,1397.0,6-7(3) 6-4 7-6(2),3,R32,164.0,22.0,1.0,120.0,87.0,63.0,18.0,17.0,6.0,7.0,8.0,4.0,115.0,76.0,57.0,21.0,17.0,8.0,10.0,No unique independent dated result
2025-7581,Chengdu,Hard,28.0,250,O,20250917,,O483,,,Christopher O'Connell,R,183.0,AUS,31.291,103.0,619.0,Z0CQ,,,Yi Zhou,R,193.0,CHN,20.512,304.0,170.0,6-2 6-4,3,R16,93.0,14.0,1.0,64.0,36.0,29.0,14.0,9.0,2.0,2.0,4.0,2.0,68.0,39.0,25.0,13.0,9.0,4.0,7.0,No unique independent dated result
2025-4713,Hangzhou,Hard,28.0,250,O,20250917,,Z0A1,,,Giulio Zeppieri,L,183.0,ITA,23.778,169.0,324.0,SX90,,,Fajing Sun,R,178.0,CHN,28.956,236.0,241.0,6-3 6-2,3,R32,84.0,10.0,5.0,59.0,34.0,27.0,15.0,9.0,5.0,5.0,1.0,2.0,57.0,34.0,21.0,8.0,8.0,3.0,6.0,No unique independent dated result
2025-4713,Hangzhou,Hard,28.0,250,O,20250917,,Z371,,,Zhizhen Zhang,R,193.0,CHN,28.92,192.0,275.0,Y09V,,,Yunchaokete Bu,R,185.0,CHN,23.661,74.0,811.0,6-7(2) 6-4 7-6(3),3,R32,167.0,15.0,8.0,115.0,77.0,63.0,19.0,17.0,4.0,4.0,9.0,3.0,106.0,66.0,54.0,22.0,17.0,3.0,4.0,No unique independent dated result
2025-4713,Hangzhou,Hard,28.0,250,O,20250917,,S0GD,,,Dalibor Svrcina,R,178.0,CZE,22.96,99.0,641.0,Z371,,,Zhizhen Zhang,R,193.0,CHN,28.92,192.0,275.0,6-4 6-3,3,R16,92.0,1.0,2.0,49.0,30.0,22.0,10.0,9.0,2.0,4.0,5.0,1.0,76.0,52.0,33.0,6.0,10.0,8.0,13.0,No unique independent dated result
2025-747,Beijing,Hard,32.0,500,O,20250924,,A0GC,,,Terence Atmane,L,193.0,FRA,23.707,68.0,839.0,Z371,,,Zhizhen Zhang,R,193.0,CHN,28.939,370.0,135.0,6-4 6-2,3,R32,71.0,6.0,0.0,48.0,25.0,22.0,17.0,9.0,2.0,2.0,1.0,2.0,63.0,41.0,27.0,10.0,9.0,5.0,8.0,No unique independent dated result
2025-5014,Shanghai,Hard,96.0,M,O,20251001,,B0BI,,,Sebastian Baez,R,170.0,ARG,24.739,41.0,1135.0,Z371,,,Zhizhen Zhang,R,193.0,CHN,28.939,370.0,135.0,2-6 6-3 6-4,3,R128,120.0,7.0,4.0,88.0,58.0,40.0,12.0,14.0,8.0,12.0,9.0,0.0,84.0,55.0,35.0,16.0,13.0,8.0,12.0,No unique independent dated result
2025-5014,Shanghai,Hard,96.0,M,O,20251001,,D0C1,,,Jesper de Jong,R,180.0,NED,25.317,79.0,784.0,Z0CQ,,,Yi Zhou,R,193.0,CHN,20.531,305.0,170.0,6-7(1) 6-2 7-6(3),3,R128,164.0,11.0,4.0,104.0,68.0,54.0,18.0,16.0,1.0,2.0,17.0,0.0,97.0,67.0,55.0,11.0,16.0,3.0,6.0,No unique independent dated result
2025-M-DC-2025-FLS-M-FRA-BEL-01,Davis Cup Finals QF: FRA vs BEL,Hard,2.0,D,I,20251118,1.0,C0JP,,,Raphael Collignon,R,191.0,BEL,23.85,86.0,704.0,MW02,,,Corentin Moutet,L,180.0,FRA,26.59,35.0,1408.0,2-6 7-5 7-5,3,RR,151.0,2.0,2.0,89.0,53.0,41.0,22.0,16.0,5.0,8.0,5.0,3.0,99.0,71.0,49.0,16.0,16.0,7.0,10.0,No unique independent dated result
2025-M-DC-2025-FLS-M-FRA-BEL-01,Davis Cup Finals QF: FRA vs BEL,Hard,2.0,D,I,20251118,2.0,BU13,,,Zizou Bergs,R,185.0,BEL,26.46,43.0,1218.0,RC91,,,Arthur Rinderknech,R,196.0,FRA,30.33,29.0,1540.0,6-3 7-6(4),3,RR,94.0,6.0,2.0,70.0,42.0,33.0,17.0,11.0,2.0,3.0,6.0,1.0,59.0,43.0,33.0,8.0,10.0,1.0,3.0,No unique independent dated result
2025-M-DC-2025-FLS-M-ITA-AUT-01,Davis Cup Finals QF: ITA vs AUT,Hard,2.0,D,I,20251119,1.0,BK40,,,Matteo Berrettini,R,196.0,ITA,29.6,56.0,945.0,R09X,,,Jurij Rodionov,L,191.0,AUT,26.51,177.0,329.0,6-3 7-6(4),3,RR,95.0,7.0,1.0,67.0,53.0,42.0,8.0,11.0,4.0,5.0,4.0,2.0,57.0,40.0,31.0,9.0,10.0,1.0,3.0,No unique independent dated result
2025-M-DC-2025-FLS-M-ITA-AUT-01,Davis Cup Finals QF: ITA vs AUT,Hard,2.0,D,I,20251119,2.0,C0E9,,,Flavio Cobolli,R,183.0,ITA,23.54,22.0,2025.0,M0JZ,,,Filip Misolic,R,180.0,AUT,24.3,79.0,726.0,6-1 6-3,3,RR,66.0,8.0,0.0,53.0,33.0,26.0,11.0,8.0,5.0,5.0,1.0,2.0,43.0,24.0,18.0,6.0,8.0,1.0,5.0,No unique independent dated result
2025-M-DC-2025-FLS-M-ESP-CZE-01,Davis Cup Finals QF: ESP vs CZE,Hard,2.0,D,I,20251120,1.0,M0NI,,,Jakub Mensik,R,196.0,CZE,20.22,19.0,2180.0,CD85,,,Pablo Carreno Busta,R,188.0,ESP,34.36,89.0,681.0,7-5 6-4,3,RR,101.0,20.0,2.0,69.0,46.0,34.0,12.0,11.0,1.0,2.0,1.0,0.0,68.0,44.0,29.0,11.0,11.0,4.0,7.0,No unique independent dated result
2025-M-DC-2025-FLS-M-ESP-CZE-01,Davis Cup Finals QF: ESP vs CZE,Hard,2.0,D,I,20251120,2.0,MU94,,,Jaume Munar,R,183.0,ESP,28.55,36.0,1395.0,L0BV,,,Jiri Lehecka,R,185.0,CZE,24.03,17.0,2345.0,6-3 6-4,3,RR,83.0,5.0,0.0,57.0,38.0,33.0,10.0,10.0,2.0,2.0,9.0,2.0,50.0,33.0,26.0,8.0,9.0,2.0,4.0,No unique independent dated result
2025-M-DC-2025-FLS-M-ARG-GER-01,Davis Cup Finals QF: ARG vs GER,Hard,2.0,D,I,20251120,1.0,EA24,,,Tomas Martin Etcheverry,R,196.0,ARG,26.34,60.0,920.0,SL28,,,Jan-Lennard Struff,R,193.0,GER,35.57,84.0,711.0,7-6(3) 7-6(7),3,RR,124.0,23.0,2.0,93.0,67.0,53.0,11.0,12.0,7.0,8.0,7.0,0.0,73.0,45.0,35.0,17.0,12.0,0.0,1.0,No unique independent dated result
2025-M-DC-2025-FLS-M-ARG-GER-01,Davis Cup Finals QF: ARG vs GER,Hard,2.0,D,I,20251120,2.0,Z355,,,Alexander Zverev,R,198.0,GER,28.58,3.0,5160.0,C0AU,,,Francisco Cerundolo,R,185.0,ARG,27.27,21.0,2085.0,6-4 7-6(3),3,RR,96.0,7.0,0.0,62.0,44.0,37.0,12.0,11.0,0.0,0.0,5.0,1.0,64.0,43.0,30.0,13.0,11.0,0.0,1.0,No unique independent dated result
2025-M-DC-2025-FLS-M-ITA-BEL-01,Davis Cup Finals SF: ITA vs BEL,Hard,2.0,D,I,20251121,1.0,BK40,,,Matteo Berrettini,R,196.0,ITA,29.6,56.0,945.0,C0JP,,,Raphael Collignon,R,191.0,BEL,23.85,86.0,704.0,6-3 6-4,3,RR,90.0,5.0,0.0,61.0,40.0,31.0,11.0,10.0,1.0,2.0,4.0,4.0,66.0,49.0,30.0,8.0,9.0,7.0,10.0,No unique independent dated result
2025-M-DC-2025-FLS-M-ITA-BEL-01,Davis Cup Finals SF: ITA vs BEL,Hard,2.0,D,I,20251121,2.0,C0E9,,,Flavio Cobolli,R,183.0,ITA,23.54,22.0,2025.0,BU13,,,Zizou Bergs,R,185.0,BEL,26.46,43.0,1218.0,6-3 6-7(5) 7-6(15),3,RR,186.0,10.0,0.0,137.0,86.0,71.0,25.0,17.0,5.0,5.0,5.0,3.0,114.0,85.0,67.0,13.0,16.0,2.0,3.0,No unique independent dated result
2025-M-DC-2025-FLS-M-ESP-GER-01,Davis Cup Finals SF: ESP vs GER,Hard,2.0,D,I,20251122,1.0,CD85,,,Pablo Carreno Busta,R,188.0,ESP,34.36,89.0,681.0,SL28,,,Jan-Lennard Struff,R,193.0,GER,35.57,84.0,711.0,6-4 7-6(6),3,RR,106.0,4.0,0.0,75.0,50.0,36.0,14.0,11.0,3.0,4.0,9.0,0.0,69.0,54.0,40.0,6.0,11.0,3.0,5.0,No unique independent dated result
2025-M-DC-2025-FLS-M-ESP-GER-01,Davis Cup Finals SF: ESP vs GER,Hard,2.0,D,I,20251122,2.0,Z355,,,Alexander Zverev,R,198.0,GER,28.58,3.0,5160.0,MU94,,,Jaume Munar,R,183.0,ESP,28.55,36.0,1395.0,7-6(2) 7-6(5),3,RR,122.0,13.0,1.0,80.0,66.0,50.0,7.0,12.0,1.0,3.0,9.0,1.0,74.0,53.0,40.0,11.0,12.0,2.0,4.0,No unique independent dated result
2025-M-DC-2025-FLS-M-ITA-ESP-01,Davis Cup Finals F: ITA vs ESP,Hard,2.0,D,I,20251123,1.0,BK40,,,Matteo Berrettini,R,196.0,ITA,29.6,56.0,945.0,CD85,,,Pablo Carreno Busta,R,188.0,ESP,34.36,89.0,681.0,6-3 6-4,3,RR,79.0,13.0,0.0,53.0,33.0,27.0,14.0,10.0,0.0,0.0,3.0,1.0,49.0,33.0,25.0,7.0,9.0,5.0,7.0,No unique independent dated result
2025-M-DC-2025-FLS-M-ITA-ESP-01,Davis Cup Finals F: ITA vs ESP,Hard,2.0,D,I,20251123,2.0,C0E9,,,Flavio Cobolli,R,183.0,ITA,23.54,22.0,2025.0,MU94,,,Jaume Munar,R,183.0,ESP,28.55,36.0,1395.0,1-6 7-6(5) 7-5,3,RR,177.0,4.0,0.0,85.0,50.0,36.0,22.0,15.0,1.0,4.0,9.0,1.0,111.0,72.0,54.0,21.0,16.0,12.0,14.0,No unique independent dated result
2026-9900,United Cup,Hard,18.0,A,O,20260102,1.0,B0BI,,,Sebastian Baez,R,170.0,ARG,25.002,45.0,1145.0,MU94,,,Jaume Munar,R,183.0,ESP,28.652,33.0,1385.0,6-4 6-4,3,RR,103.0,0.0,2.0,71.0,46.0,27.0,15.0,10.0,4.0,6.0,7.0,0.0,52.0,39.0,25.0,6.0,10.0,2.0,6.0,No unique independent dated result
2026-9900,United Cup,Hard,18.0,A,O,20260102,2.0,TE51,,,Stefanos Tsitsipas,R,193.0,GRE,27.381,36.0,1380.0,M0HU,,,Shintaro Mochizuki,R,175.0,JPN,22.576,99.0,647.0,6-3 6-4,3,RR,82.0,8.0,2.0,61.0,42.0,28.0,11.0,10.0,1.0,2.0,1.0,3.0,57.0,30.0,22.0,11.0,9.0,5.0,8.0,No unique independent dated result
2026-9900,United Cup,Hard,18.0,A,O,20260103,3.0,Z371,,,Zhizhen Zhang,R,193.0,CHN,29.202,410.0,115.0,BU13,,,Zizou Bergs,R,185.0,BEL,26.574,42.0,1208.0,6-7(2) 7-6(3) 7-5,3,RR,173.0,12.0,0.0,108.0,71.0,59.0,21.0,18.0,0.0,0.0,18.0,5.0,126.0,75.0,58.0,29.0,18.0,9.0,10.0,No unique independent dated result
2026-9900,United Cup,Hard,18.0,A,O,20260103,4.0,W367,,,Stan Wawrinka,R,183.0,SUI,40.756,157.0,397.0,RC91,,,Arthur Rinderknech,R,196.0,FRA,30.437,29.0,1527.0,5-7 7-6(5) 7-6(5),3,RR,198.0,6.0,2.0,120.0,68.0,53.0,31.0,18.0,2.0,4.0,17.0,5.0,111.0,61.0,50.0,32.0,18.0,6.0,7.0,No unique independent dated result
2026-9900,United Cup,Hard,18.0,A,O,20260103,5.0,B0BI,,,Sebastian Baez,R,170.0,ARG,25.002,45.0,1145.0,FB98,,,Taylor Fritz,R,196.0,USA,28.17,6.0,4085.0,4-6 7-5 6-4,3,RR,153.0,4.0,0.0,107.0,80.0,51.0,16.0,16.0,8.0,11.0,23.0,2.0,102.0,56.0,43.0,21.0,16.0,4.0,8.0,No unique independent dated result
2026-9900,United Cup,Hard,18.0,A,O,20260103,6.0,RH16,,,Casper Ruud,R,183.0,NOR,27.02,12.0,2825.0,DH58,,,Alex de Minaur,R,183.0,AUS,26.864,7.0,4080.0,6-3 6-3,3,RR,93.0,6.0,3.0,66.0,47.0,37.0,8.0,9.0,5.0,5.0,2.0,8.0,66.0,36.0,23.0,14.0,9.0,7.0,10.0,No unique independent dated result
2026-9900,United Cup,Hard,18.0,A,O,20260104,7.0,HD68,,,Billy Harris,R,193.0,GBR,30.927,128.0,482.0,M0HU,,,Shintaro Mochizuki,R,175.0,JPN,22.576,99.0,647.0,7-6(4) 6-3,3,RR,110.0,4.0,3.0,70.0,41.0,30.0,16.0,11.0,4.0,6.0,4.0,6.0,68.0,27.0,21.0,18.0,10.0,1.0,4.0,No unique independent dated result
2026-9900,United Cup,Hard,18.0,A,O,20260104,8.0,Z355,,,Alexander Zverev,R,198.0,GER,28.693,3.0,5110.0,GJ37,,,Tallon Griekspoor,R,188.0,NED,29.492,26.0,1565.0,7-5 6-0,3,RR,69.0,15.0,0.0,48.0,36.0,32.0,6.0,9.0,2.0,2.0,3.0,3.0,43.0,30.0,19.0,3.0,9.0,0.0,4.0,No unique independent dated result
2026-9900,United Cup,Hard,18.0,A,O,20260104,9.0,AG37,,,Felix Auger-Aliassime,R,193.0,CAN,25.407,5.0,4190.0,Z371,,,Zhizhen Zhang,R,193.0,CHN,29.218,410.0,115.0,6-4 6-4,3,RR,87.0,6.0,0.0,55.0,37.0,32.0,10.0,10.0,1.0,1.0,2.0,2.0,55.0,34.0,23.0,12.0,10.0,0.0,2.0,No unique independent dated result
2026-9900,United Cup,Hard,18.0,A,O,20260104,10.0,C0E9,,,Flavio Cobolli,R,183.0,ITA,23.666,22.0,2000.0,W367,,,Stan Wawrinka,R,183.0,SUI,40.772,157.0,397.0,6-4 6-7(2) 7-6(4),3,RR,175.0,8.0,1.0,101.0,55.0,41.0,33.0,17.0,0.0,0.0,8.0,3.0,104.0,61.0,49.0,27.0,17.0,3.0,4.0,No unique independent dated result
2026-9900,United Cup,Hard,18.0,A,O,20260105,11.0,FB98,,,Taylor Fritz,R,196.0,USA,28.189,6.0,4085.0,MU94,,,Jaume Munar,R,183.0,ESP,28.671,33.0,1385.0,7-6(4) 3-6 7-6(6),3,RR,193.0,16.0,7.0,112.0,75.0,60.0,18.0,16.0,5.0,6.0,14.0,5.0,122.0,72.0,62.0,24.0,17.0,2.0,2.0,No unique independent dated result
2026-9900,United Cup,Hard,18.0,A,O,20260105,12.0,HB71,,,Hubert Hurkacz,R,196.0,POL,28.898,83.0,710.0,Z355,,,Alexander Zverev,R,198.0,GER,28.712,3.0,5110.0,6-3 6-4,3,RR,82.0,21.0,0.0,63.0,41.0,35.0,9.0,10.0,1.0,1.0,7.0,0.0,46.0,40.0,25.0,6.0,9.0,1.0,3.0,No unique independent dated result
2026-9900,United Cup,Hard,18.0,A,O,20260105,13.0,M0NI,,,Jakub Mensik,R,196.0,CZE,20.345,18.0,2130.0,RH16,,,Casper Ruud,R,183.0,NOR,27.039,12.0,2825.0,7-5 7-6(6),3,RR,128.0,16.0,3.0,83.0,51.0,40.0,13.0,12.0,5.0,7.0,1.0,1.0,79.0,45.0,25.0,22.0,12.0,3.0,6.0,No unique independent dated result
2026-9900,United Cup,Hard,18.0,A,O,20260105,14.0,TE51,,,Stefanos Tsitsipas,R,193.0,GRE,27.4,36.0,1380.0,HD68,,,Billy Harris,R,193.0,GBR,30.946,128.0,482.0,4-6 6-1 7-6(4),3,RR,136.0,5.0,2.0,84.0,54.0,46.0,18.0,15.0,1.0,2.0,4.0,3.0,83.0,51.0,40.0,17.0,14.0,4.0,6.0,No unique independent dated result
2026-9900,United Cup,Hard,18.0,A,O,20260106,15.0,BU13,,,Zizou Bergs,R,185.0,BEL,26.595,42.0,1208.0,AG37,,,Felix Auger-Aliassime,R,193.0,CAN,25.413,5.0,4190.0,6-4 6-2,3,RR,88.0,4.0,0.0,50.0,30.0,22.0,16.0,9.0,5.0,5.0,8.0,5.0,62.0,38.0,28.0,6.0,9.0,7.0,10.0,No unique independent dated result
2026-9900,United Cup,Hard,18.0,A,O,20260106,16.0,RC91,,,Arthur Rinderknech,R,196.0,FRA,30.459,29.0,1527.0,C0E9,,,Flavio Cobolli,R,183.0,ITA,23.671,22.0,2000.0,6-7(4) 7-6(5) 7-5,3,RR,201.0,13.0,3.0,123.0,65.0,49.0,29.0,18.0,7.0,11.0,5.0,5.0,123.0,58.0,40.0,35.0,18.0,8.0,13.0,No unique independent dated result
2026-9900,United Cup,Hard,18.0,A,O,20260106,17.0,DH58,,,Alex de Minaur,R,183.0,AUS,26.886,7.0,4080.0,M0NI,,,Jakub Mensik,R,196.0,CZE,20.348,18.0,2130.0,6-4 6-1,3,RR,91.0,4.0,0.0,62.0,38.0,26.0,14.0,8.0,4.0,4.0,3.0,3.0,58.0,34.0,23.0,8.0,9.0,2.0,6.0,No unique independent dated result
2026-9900,United Cup,Hard,18.0,A,O,20260107,18.0,TE51,,,Stefanos Tsitsipas,R,193.0,GRE,27.406,36.0,1380.0,FB98,,,Taylor Fritz,R,196.0,USA,28.194,6.0,4085.0,6-4 7-5,3,QF,81.0,5.0,2.0,63.0,44.0,35.0,11.0,11.0,2.0,2.0,6.0,0.0,53.0,32.0,26.0,13.0,11.0,1.0,3.0,No unique independent dated result
2026-9900,United Cup,Hard,18.0,A,O,20260107,19.0,HB71,,,Hubert Hurkacz,R,196.0,POL,28.903,83.0,710.0,GJ37,,,Tallon Griekspoor,R,188.0,NED,29.517,26.0,1565.0,6-3 7-6(4),3,RR,82.0,21.0,0.0,55.0,41.0,37.0,11.0,11.0,0.0,0.0,4.0,0.0,59.0,39.0,26.0,13.0,10.0,0.0,1.0,No unique independent dated result
2026-9900,United Cup,Hard,18.0,A,O,20260107,20.0,B0BI,,,Sebastian Baez,R,170.0,ARG,25.027,45.0,1145.0,W367,,,Stan Wawrinka,R,183.0,SUI,40.78,157.0,397.0,7-5 6-4,3,QF,98.0,3.0,1.0,73.0,57.0,41.0,9.0,11.0,5.0,5.0,11.0,2.0,66.0,36.0,29.0,14.0,11.0,2.0,4.0,No unique independent dated result
2026-9900,United Cup,Hard,18.0,A,O,20260108,21.0,BU13,7.0,,Zizou Bergs,R,185.0,BEL,26.601,42.0,1208.0,M0NI,11,,Jakub Mensik,R,196.0,CZE,20.353,18.0,2130.0,6-2 7-6(4),3,QF,100.0,7.0,2.0,79.0,43.0,31.0,20.0,10.0,3.0,5.0,6.0,5.0,59.0,33.0,22.0,13.0,10.0,3.0,7.0,No unique independent dated result
2026-9900,United Cup,Hard,18.0,A,O,20260109,22.0,DH58,4.0,,Alex de Minaur,R,183.0,AUS,26.894,7.0,4080.0,HB71,9,,Hubert Hurkacz,R,196.0,POL,28.909,83.0,710.0,6-4 4-6 6-4,3,QF,138.0,6.0,1.0,104.0,57.0,47.0,25.0,15.0,10.0,11.0,19.0,0.0,85.0,63.0,47.0,12.0,15.0,2.0,4.0,No unique independent dated result
2026-9900,United Cup,Hard,18.0,A,O,20260110,23.0,BU13,,,Zizou Bergs,R,185.0,BEL,26.606,42.0,1208.0,W367,,,Stan Wawrinka,R,183.0,SUI,40.789,157.0,397.0,6-3 6-7(4) 6-3,3,SF,150.0,7.0,4.0,100.0,59.0,42.0,29.0,16.0,2.0,2.0,8.0,1.0,104.0,59.0,40.0,26.0,14.0,4.0,6.0,No unique independent dated result
2026-9900,United Cup,Hard,18.0,A,O,20260110,24.0,HB71,,,Hubert Hurkacz,R,196.0,POL,28.912,83.0,710.0,FB98,,,Taylor Fritz,R,196.0,USA,28.203,6.0,4085.0,7-6(1) 7-6(2),3,SF,94.0,16.0,3.0,76.0,59.0,50.0,7.0,12.0,2.0,2.0,12.0,0.0,73.0,47.0,37.0,13.0,12.0,1.0,1.0,No unique independent dated result
2026-9900,United Cup,Hard,18.0,A,O,20260111,25.0,HB71,,,Hubert Hurkacz,R,196.0,POL,28.914,83.0,710.0,W367,,,Stan Wawrinka,R,183.0,SUI,40.791,157.0,397.0,6-3 3-6 6-3,3,F,114.0,18.0,0.0,90.0,63.0,52.0,9.0,14.0,8.0,9.0,10.0,1.0,78.0,49.0,38.0,15.0,13.0,5.0,7.0,No unique independent dated result
2026-8998,Adelaide,Hard,28.0,250,O,20260113,8.0,H0BH,,,Rinky Hijikata,R,178.0,AUS,24.887,115.0,527.0,S0N0,,,Tristan Schoolkate,R,183.0,AUS,24.879,97.0,641.0,6-4 6-4,3,R32,79.0,4.0,1.0,52.0,33.0,26.0,13.0,10.0,3.0,4.0,8.0,5.0,59.0,30.0,22.0,14.0,10.0,3.0,6.0,No unique independent dated result
2026-580,Australian Open,Hard,128.0,G,O,20260118,4.0,C0AU,18.0,,Francisco Cerundolo,R,185.0,ARG,27.433,21.0,2035.0,Z371,,,Zhizhen Zhang,R,193.0,CHN,29.257,368.0,130.0,6-3 7-6(0) 6-3,5,R128,128.0,7.0,2.0,86.0,56.0,45.0,19.0,0.0,0.0,2.0,8.0,1.0,99.0,66.0,42.0,14.0,0.0,6.0,10.0,No unique independent dated result
2026-580,Australian Open,Hard,128.0,G,O,20260121,71.0,A0E2,1.0,,Carlos Alcaraz,R,183.0,ESP,22.714,1.0,12050.0,H997,,,Yannick Hanfmann,R,193.0,GER,34.19,102.0,611.0,7-6(4) 6-4 6-3,5,R64,166.0,12.0,3.0,111.0,69.0,47.0,26.0,15.0,6.0,7.0,7.0,4.0,100.0,62.0,43.0,17.0,14.0,5.0,9.0,No unique independent dated result
2026-M-DC-2026-WG1-PO-CHN-POR-01,Davis Cup WG1 PO: CHN vs POR,Hard,4.0,D,O,20260206,1.0,R0GO,,,Henrique Rocha,R,180.0,POR,21.837,157.0,379.0,Y09V,,,Yunchaokete Bu,R,185.0,CHN,24.049,139.0,449.0,6-4 6-4,3,RR,86.0,1.0,1.0,57.0,40.0,31.0,12.0,10.0,0.0,0.0,8.0,1.0,58.0,48.0,34.0,3.0,10.0,2.0,4.0,No unique independent dated result
2026-M-DC-2026-WG1-PO-CHN-POR-01,Davis Cup WG1 PO: CHN vs POR,Hard,4.0,D,O,20260206,2.0,WB32,,,Yibing Wu,R,183.0,CHN,26.316,144.0,427.0,BT72,,,Nuno Borges,R,185.0,POR,28.964,45.0,1070.0,6-1 7-6(3),3,RR,93.0,3.0,0.0,59.0,26.0,22.0,23.0,10.0,2.0,2.0,6.0,3.0,79.0,48.0,31.0,15.0,9.0,7.0,9.0,No unique independent dated result
2026-M-DC-2026-WG1-PO-CHN-POR-01,Davis Cup WG1 PO: CHN vs POR,Hard,4.0,D,O,20260206,3.0,Z371,,,Zhizhen Zhang,R,193.0,CHN,29.331,367.0,130.0,BT72,,,Nuno Borges,R,185.0,POR,28.986,45.0,1070.0,7-5 6-4,3,RR,78.0,12.0,1.0,74.0,46.0,38.0,10.0,11.0,3.0,4.0,6.0,3.0,73.0,41.0,28.0,16.0,11.0,5.0,8.0,No unique independent dated result
2026-M-DC-2026-QLS-M-NOR-GBR-01,Davis Cup QLS R1: NOR vs GBR,Hard,4.0,D,I,20260205,1.0,N771,,,Cameron Norrie,L,188.0,GBR,30.48,26.0,1643.0,B0U4,,,Nicolai Budkov Kjaer,R,191.0,NOR,19.455,133.0,476.0,6-4 6-4,3,RR,82.0,6.0,1.0,68.0,50.0,38.0,7.0,9.0,3.0,4.0,6.0,0.0,52.0,39.0,29.0,6.0,7.0,1.0,4.0,No unique independent dated result
2026-M-DC-2026-QLS-M-NOR-GBR-01,Davis Cup QLS R1: NOR vs GBR,Hard,4.0,D,I,20260205,2.0,D0CO,,,Jack Draper,L,193.0,GBR,24.148,13.0,2790.0,DC76,,,Viktor Durasovic,R,185.0,NOR,28.909,313.0,164.0,6-2 6-2,3,RR,60.0,8.0,1.0,43.0,26.0,23.0,10.0,8.0,0.0,0.0,2.0,3.0,49.0,32.0,17.0,7.0,4.0,0.0,4.0,No unique independent dated result
2026-M-DC-2026-QLS-M-CAN-BRA-01,Davis Cup QLS R1: CAN vs BRA,Hard,4.0,D,I,20260206,1.0,H0DU,,,Gustavo Heide,R,191.0,BRA,23.962,253.0,215.0,D0F6,,,Gabriel Diallo,R,203.0,CAN,24.392,39.0,1175.0,7-6(4) 3-6 7-6(3),3,RR,162.0,9.0,2.0,88.0,69.0,55.0,13.0,16.0,0.0,0.0,10.0,3.0,113.0,63.0,50.0,29.0,15.0,2.0,4.0,No unique independent dated result
2026-M-DC-2026-QLS-M-CAN-BRA-01,Davis Cup QLS R1: CAN vs BRA,Hard,4.0,D,I,20260206,2.0,D0DP,,,Liam Draxl,R,185.0,CAN,24.194,146.0,422.0,R0A7,,,Joao Lucas Reis Da Silva,R,178.0,BRA,25.889,207.0,291.0,6-3 6-3,3,RR,76.0,1.0,4.0,59.0,33.0,28.0,11.0,8.0,4.0,5.0,5.0,1.0,49.0,29.0,20.0,6.0,5.0,2.0,6.0,No unique independent dated result
2026-M-DC-2026-QLS-M-CAN-BRA-01,Davis Cup QLS R1: CAN vs BRA,Hard,4.0,D,I,20260206,3.0,D0DP,,,Liam Draxl,R,185.0,CAN,24.194,146.0,422.0,H0DU,,,Gustavo Heide,R,191.0,BRA,23.962,253.0,215.0,6-3 6-4,3,RR,90.0,4.0,2.0,50.0,36.0,27.0,11.0,9.0,3.0,4.0,4.0,2.0,59.0,35.0,25.0,9.0,6.0,3.0,6.0,No unique independent dated result
2026-M-DC-2026-QLS-M-CAN-BRA-01,Davis Cup QLS R1: CAN vs BRA,Hard,4.0,D,I,20260206,4.0,D0F6,,,Gabriel Diallo,R,203.0,CAN,24.392,39.0,1175.0,P0DF,,,Matheus Pucinelli de Almeida,R,183.0,BRA,24.877,292.0,180.0,3-6 6-1 7-6(4),3,RR,147.0,6.0,1.0,91.0,79.0,59.0,6.0,13.0,3.0,4.0,2.0,2.0,92.0,81.0,55.0,5.0,12.0,2.0,4.0,No unique independent dated result
2026-M-DC-2026-QLS-M-CHI-SRB-01,Davis Cup QLS R1: CHI vs SRB,Clay,4.0,D,O,20260206,1.0,TE30,,,Alejandro Tabilo,L,188.0,CHI,28.704,73.0,774.0,M0UR,,,Ognjen Milic,L,180.0,SRB,18.652,462.0,95.0,6-7(3) 6-2 6-4,3,RR,132.0,7.0,1.0,94.0,63.0,51.0,15.0,14.0,6.0,7.0,9.0,5.0,89.0,46.0,34.0,22.0,11.0,1.0,5.0,No unique independent dated result
2026-M-DC-2026-QLS-M-CHI-SRB-01,Davis Cup QLS R1: CHI vs SRB,Clay,4.0,D,O,20260206,2.0,BS86,,,Tomas Barrios Vera,R,191.0,CHI,28.183,112.0,546.0,L987,,,Dusan Lajovic,R,183.0,SRB,35.628,123.0,503.0,7-5 7-6(7),3,RR,127.0,2.0,4.0,82.0,53.0,36.0,18.0,10.0,1.0,3.0,2.0,0.0,71.0,41.0,31.0,15.0,9.0,3.0,6.0,No unique independent dated result
2026-M-DC-2026-WG1-PO-PAR-ROU-01,Davis Cup WG1 PO: PAR vs ROU,Clay,4.0,D,O,20260206,1.0,V0DP,,,Adolfo Daniel Vallejo,R,183.0,PAR,21.799,104.0,580.0,G0ME,,,Gabriel Ghetu,R,180.0,ROU,18.272,714.0,45.0,6-1 6-4,3,RR,81.0,3.0,3.0,59.0,49.0,32.0,3.0,9.0,5.0,8.0,2.0,1.0,41.0,32.0,11.0,4.0,8.0,2.0,8.0,No unique independent dated result
2026-M-DC-2026-WG1-PO-PAR-ROU-01,Davis Cup WG1 PO: PAR vs ROU,Clay,4.0,D,O,20260206,2.0,T0JZ,,,Radu David Turcanu,L,,ROU,19.918,667.0,51.0,N0FT,,,Alex Santino Nunez Vera,,,PAR,18.504,112.0,546.0,6-1 3-6 7-6(2),3,RR,166.0,7.0,6.0,106.0,85.0,55.0,8.0,14.0,9.0,13.0,3.0,6.0,92.0,72.0,39.0,10.0,14.0,5.0,10.0,No unique independent dated result
2026-M-DC-2026-WG1-PO-PAR-ROU-01,Davis Cup WG1 PO: PAR vs ROU,Clay,4.0,D,O,20260206,3.0,V0DP,,,Adolfo Daniel Vallejo,R,183.0,PAR,21.799,104.0,580.0,P0CY,,,Stefan Palosi,R,180.0,ROU,26.048,445.0,104.0,6-1 6-2,3,RR,85.0,4.0,3.0,59.0,43.0,29.0,4.0,7.0,9.0,11.0,1.0,4.0,54.0,36.0,14.0,5.0,8.0,6.0,13.0,No unique independent dated result
2026-M-DC-2026-QLS-M-CRO-DEN-01,Davis Cup QLS R1: CRO vs DEN,Hard,4.0,D,I,20260206,1.0,M0K4,,,Elmer Moller,R,183.0,DEN,22.604,120.0,509.0,D0L3,,,Matej Dodig,R,188.0,CRO,20.575,235.0,244.0,6-4 7-6(3),3,RR,91.0,4.0,3.0,62.0,42.0,36.0,13.0,11.0,0.0,0.0,7.0,1.0,66.0,46.0,36.0,9.0,10.0,0.0,1.0,No unique independent dated result
2026-M-DC-2026-QLS-M-CRO-DEN-01,Davis Cup QLS R1: CRO vs DEN,Hard,4.0,D,I,20260206,2.0,P0HW,,,Dino Prizmic,R,188.0,CRO,20.528,121.0,507.0,H09N,,,August Holmgren,R,188.0,DEN,27.817,199.0,303.0,5-7 6-0 6-2,3,RR,139.0,7.0,4.0,98.0,67.0,42.0,16.0,10.0,8.0,11.0,2.0,2.0,89.0,55.0,31.0,12.0,6.0,7.0,14.0,No unique independent dated result
2026-M-DC-2026-QLS-M-CRO-DEN-01,Davis Cup QLS R1: CRO vs DEN,Hard,4.0,D,I,20260206,3.0,P0HW,,,Dino Prizmic,R,188.0,CRO,20.528,121.0,507.0,M0K4,,,Elmer Moller,R,183.0,DEN,22.604,120.0,509.0,7-6(5) 7-6(2),3,RR,114.0,6.0,1.0,68.0,49.0,36.0,15.0,10.0,0.0,2.0,2.0,8.0,85.0,55.0,38.0,15.0,10.0,8.0,10.0,No unique independent dated result
2026-M-DC-2026-QLS-M-GER-PER-01,Davis Cup QLS R1: GER vs PER,Hard,4.0,D,I,20260206,1.0,H997,,,Yannick Hanfmann,R,193.0,GER,34.256,93.0,653.0,B0GR,,,Gonzalo Bueno,R,173.0,PER,21.867,217.0,265.0,6-4 6-4,3,RR,89.0,9.0,2.0,51.0,37.0,33.0,7.0,10.0,0.0,0.0,3.0,2.0,66.0,42.0,30.0,9.0,8.0,4.0,6.0,No unique independent dated result
2026-M-DC-2026-QLS-M-GER-PER-01,Davis Cup QLS R1: GER vs PER,Hard,4.0,D,I,20260206,2.0,SL28,,,Jan-Lennard Struff,R,193.0,GER,35.808,84.0,706.0,V836,,,Juan Pablo Varillas,R,185.0,PER,30.36,284.0,184.0,6-4 6-2,3,RR,74.0,6.0,0.0,50.0,24.0,17.0,19.0,8.0,4.0,5.0,3.0,1.0,54.0,30.0,18.0,13.0,5.0,9.0,13.0,No unique independent dated result
2026-M-DC-2026-WG1-PO-SLO-TUR-01,Davis Cup WG1 PO: SLO vs TUR,Clay,4.0,D,I,20260206,1.0,E0AA,,,Yanki Erel,L,178.0,TUR,25.388,436.0,107.0,A0I1,,,Bor Artnak,R,193.0,SLO,21.697,467.0,94.0,7-6(2) 6-1,3,RR,107.0,4.0,4.0,88.0,46.0,35.0,19.0,,5.0,7.0,1.0,8.0,64.0,35.0,22.0,10.0,,4.0,8.0,No unique independent dated result
2026-M-DC-2026-WG1-PO-SLO-TUR-01,Davis Cup WG1 PO: SLO vs TUR,Clay,4.0,D,I,20260206,2.0,A09Q,,,Mert Alkaya,R,178.0,TUR,25.67,376.0,126.0,D0I0,,,Sebastian Dominko,L,203.0,SLO,22.76,1069.0,13.0,7-5 7-6(4),3,RR,107.0,4.0,2.0,88.0,48.0,36.0,25.0,12.0,7.0,8.0,7.0,1.0,76.0,52.0,36.0,15.0,12.0,2.0,4.0,No unique independent dated result
2026-M-DC-2026-WG1-PO-SUI-TUN-01,Davis Cup WG1 PO: SUI vs TUN,Hard,4.0,D,I,20260206,1.0,R0FS,,,Leandro Riedi,R,191.0,SUI,24.049,171.0,348.0,T0JO,,,Alaa Trifi,,,TUN,19.082,1171.0,10.0,6-1 6-0,3,RR,56.0,1.0,1.0,47.0,30.0,22.0,11.0,7.0,2.0,2.0,0.0,4.0,49.0,28.0,14.0,8.0,6.0,10.0,15.0,No unique independent dated result
2026-M-DC-2026-WG1-PO-SUI-TUN-01,Davis Cup WG1 PO: SUI vs TUN,Hard,4.0,D,I,20260206,2.0,EA13,,,Jerome Kym,R,178.0,TUN,33.095,142.0,434.0,K0EP,,,Moez Echargui,R,198.0,SUI,23.006,192.0,315.0,7-6(2) 6-4,3,RR,111.0,10.0,0.0,70.0,48.0,41.0,10.0,11.0,3.0,3.0,4.0,5.0,79.0,46.0,36.0,13.0,1.0,,,No unique independent dated result
2026-M-DC-2026-WG1-PO-SUI-TUN-01,Davis Cup WG1 PO: SUI vs TUN,Hard,4.0,D,I,20260206,3.0,B0LW,,,Mika Brunold,R,191.0,SUI,21.369,453.0,98.0,O09A,,,Aziz Ouakaa,R,185.0,TUN,26.524,621.0,58.0,6-2 6-2,3,RR,52.0,3.0,2.0,52.0,41.0,28.0,7.0,8.0,2.0,3.0,0.0,2.0,46.0,27.0,12.0,9.0,8.0,2.0,7.0,No unique independent dated result
2026-M-DC-2026-WG1-PO-ISR-LTU-01,Davis Cup WG1 PO: ISR vs LTU,Hard,4.0,D,O,20260206,1.0,G0FW,,,Vilius Gaubas,R,178.0,LTU,21.128,126.0,495.0,S0V8,,,Ofek Shimanov,R,178.0,ISR,20.619,1210.0,8.0,6-0 6-4,3,RR,70.0,1.0,1.0,42.0,22.0,17.0,11.0,8.0,0.0,1.0,0.0,1.0,56.0,30.0,19.0,7.0,8.0,3.0,8.0,No unique independent dated result
2026-M-DC-2026-WG1-PO-ISR-LTU-01,Davis Cup WG1 PO: ISR vs LTU,Hard,4.0,D,O,20260206,2.0,B0MM,,,Edas Butvilas,R,191.0,LTU,21.563,248.0,223.0,V0G2,,,Amit Vales,R,173.0,ISR,20.693,876.0,26.0,7-6(3) 6-0,3,RR,84.0,1.0,0.0,50.0,39.0,30.0,6.0,9.0,1.0,2.0,1.0,1.0,73.0,53.0,29.0,7.0,9.0,3.0,7.0,No unique independent dated result
2026-M-DC-2026-WG1-PO-ISR-LTU-01,Davis Cup WG1 PO: ISR vs LTU,Hard,4.0,D,O,20260206,3.0,G0FW,,,Vilius Gaubas,R,178.0,LTU,21.128,126.0,495.0,V0G2,,,Amit Vales,R,173.0,ISR,20.693,876.0,26.0,6-1 3-6 6-2,3,RR,131.0,5.0,1.0,84.0,57.0,38.0,12.0,12.0,5.0,8.0,2.0,4.0,75.0,40.0,27.0,10.0,12.0,5.0,11.0,No unique independent dated result
2026-M-DC-2026-WG1-PO-KAZ-MON-01,Davis Cup WG1 PO: KAZ vs MON,Hard,4.0,D,O,20260206,1.0,BK92,,,Alexander Bublik,R,196.0,KAZ,28.663,10.0,3235.0,N670,,,Hugo Nys,R,183.0,MON,34.995,,,6-0 6-3,3,RR,61.0,5.0,1.0,41.0,24.0,20.0,9.0,7.0,0.0,0.0,3.0,3.0,56.0,31.0,16.0,11.0,8.0,7.0,12.0,No unique independent dated result
2026-M-DC-2026-WG1-PO-KAZ-MON-01,Davis Cup WG1 PO: KAZ vs MON,Hard,4.0,D,O,20260206,2.0,VA25,,,Valentin Vacherot,R,193.0,MON,27.247,27.0,1611.0,BK92,,,Alexander Shevchenko,R,196.0,KAZ,28.663,10.0,3235.0,6-0 6-3,3,RR,61.0,5.0,5.0,54.0,32.0,26.0,11.0,8.0,6.0,7.0,1.0,1.0,44.0,28.0,14.0,4.0,7.0,0.0,5.0,No unique independent dated result
2026-M-DC-2026-WG1-PO-KAZ-MON-01,Davis Cup WG1 PO: KAZ vs MON,Hard,4.0,D,O,20260206,3.0,VA25,,,Valentin Vacherot,R,193.0,MON,27.247,27.0,1611.0,BK92,,,Alexander Bublik,R,196.0,KAZ,28.663,10.0,3235.0,7-6(4) 7-6(7),3,RR,114.0,9.0,3.0,85.0,51.0,40.0,22.0,12.0,4.0,5.0,13.0,7.0,95.0,57.0,45.0,19.0,12.0,5.0,6.0,No unique independent dated result
2026-M-DC-2026-QLS-M-JPN-AUT-01,Davis Cup QLS R1: JPN vs AUT,Hard,4.0,D,O,20260206,1.0,R09X,,,Jurij Rodionov,L,191.0,AUT,26.752,170.0,350.0,M0HU,,,Shintaro Mochizuki,R,175.0,JPN,22.705,108.0,551.0,6-4 7-5,3,RR,108.0,7.0,4.0,77.0,38.0,29.0,18.0,9.0,7.0,9.0,3.0,7.0,81.0,25.0,19.0,26.0,7.0,7.0,11.0,No unique independent dated result
2026-M-DC-2026-QLS-M-JPN-AUT-01,Davis Cup QLS R1: JPN vs AUT,Hard,4.0,D,O,20260206,2.0,WB08,,,Yosuke Watanuki,R,180.0,JPN,27.844,166.0,356.0,O513,,,Sebastian Ofner,R,191.0,AUT,29.76,135.0,471.0,6-3 6-4,3,RR,73.0,5.0,2.0,51.0,32.0,26.0,12.0,9.0,0.0,1.0,5.0,1.0,62.0,34.0,25.0,10.0,6.0,5.0,8.0,No unique independent dated result
2026-M-DC-2026-QLS-M-JPN-AUT-01,Davis Cup QLS R1: JPN vs AUT,Hard,4.0,D,O,20260206,3.0,N0CS,,,Lukas Neumayer,R,183.0,AUT,23.441,223.0,255.0,M0HU,,,Shintaro Mochizuki,R,175.0,JPN,22.705,108.0,551.0,6-3 6-3,3,RR,75.0,3.0,1.0,49.0,30.0,26.0,12.0,9.0,2.0,2.0,3.0,3.0,60.0,41.0,25.0,9.0,6.0,7.0,10.0,No unique independent dated result
2026-M-DC-2026-QLS-M-JPN-AUT-01,Davis Cup QLS R1: JPN vs AUT,Hard,4.0,D,O,20260206,4.0,R09X,,,Jurij Rodionov,L,191.0,AUT,26.752,170.0,350.0,N732,,,Yoshihito Nishioka,L,170.0,JPN,30.385,131.0,486.0,5-7 6-1 6-0,3,RR,124.0,10.0,2.0,77.0,42.0,32.0,19.0,11.0,2.0,4.0,0.0,2.0,77.0,43.0,26.0,12.0,6.0,5.0,11.0,No unique independent dated result
2026-M-DC-2026-QLS-M-ECU-AUS-01,Davis Cup QLS R1: ECU vs AUS,Clay,4.0,D,O,20260206,1.0,AG08,,,Andres Andrade,R,180.0,ECU,27.17,257.0,211.0,D994,,,James Duckworth,R,183.0,AUS,34.067,86.0,694.0,3-6 6-3 7-5,3,RR,126.0,14.0,6.0,85.0,43.0,36.0,22.0,13.0,6.0,8.0,5.0,1.0,86.0,49.0,36.0,21.0,12.0,2.0,5.0,No unique independent dated result
2026-M-DC-2026-QLS-M-ECU-AUS-01,Davis Cup QLS R1: ECU vs AUS,Clay,4.0,D,O,20260206,2.0,G0DH,,,Alvaro Guillen Meza,R,175.0,ECU,23.118,201.0,298.0,H0BH,,,Rinky Hijikata,R,178.0,AUS,24.975,103.0,584.0,6-4 1-6 6-4,3,RR,119.0,7.0,8.0,85.0,46.0,35.0,15.0,10.0,6.0,9.0,3.0,1.0,97.0,57.0,37.0,21.0,11.0,9.0,12.0,No unique independent dated result
2026-M-DC-2026-QLS-M-ECU-AUS-01,Davis Cup QLS R1: ECU vs AUS,Clay,4.0,D,O,20260206,3.0,KB95,,,Jason Kubler,R,178.0,AUS,32.742,179.0,339.0,C0S3,,,Emilio Camacho,,,ECU,16.772,,,6-4 6-2,3,,70.0,3.0,3.0,51.0,36.0,30.0,6.0,8.0,1.0,2.0,0.0,2.0,52.0,32.0,21.0,7.0,5.0,5.0,9.0,No unique independent dated result
2026-M-DC-2026-WG1-PO-GRE-MEX-01,Davis Cup WG1 PO: GRE vs MEX,Hard,4.0,D,O,20260206,1.0,P0J1,,,Rodrigo Pacheco Mendez,L,191.0,MEX,20.808,222.0,256.0,S0KT,,,Stefanos Sakellaridis,R,198.0,GRE,21.421,275.0,193.0,6-2 4-6 6-3,3,RR,136.0,5.0,5.0,85.0,44.0,30.0,22.0,,5.0,8.0,5.0,6.0,86.0,41.0,23.0,23.0,,9.0,15.0,No unique independent dated result
2026-M-DC-2026-WG1-PO-GRE-MEX-01,Davis Cup WG1 PO: GRE vs MEX,Hard,4.0,D,O,20260206,2.0,TE51,,,Stefanos Tsitsipas,R,193.0,GRE,27.51,33.0,1495.0,M0HD,,,Alan Magadan,R,183.0,MEX,24.723,818.0,32.0,6-3 7-6(1),3,RR,90.0,11.0,3.0,70.0,37.0,32.0,18.0,11.0,3.0,4.0,4.0,3.0,62.0,34.0,26.0,14.0,10.0,4.0,6.0,No unique independent dated result
2026-M-DC-2026-WG1-PO-GRE-MEX-01,Davis Cup WG1 PO: GRE vs MEX,Hard,4.0,D,O,20260206,3.0,TE51,,,Stefanos Tsitsipas,R,193.0,GRE,27.51,33.0,1495.0,P0J1,,,Rodrigo Pacheco Mendez,L,191.0,MEX,20.808,222.0,256.0,6-1 7-5,3,RR,73.0,3.0,2.0,52.0,27.0,25.0,14.0,10.0,0.0,1.0,2.0,2.0,66.0,46.0,27.0,7.0,9.0,4.0,8.0,No unique independent dated result
2026-M-DC-2026-QLS-M-HUN-USA-01,Davis Cup QLS R1: HUN vs USA,Clay,4.0,D,I,20260206,1.0,Q02L,,,Ethan Quinn,R,191.0,USA,21.927,68.0,820.0,M0CI,,,Fabian Marozsan,R,193.0,HUN,26.355,46.0,1065.0,3-6 6-3 7-6(11),3,RR,145.0,8.0,0.0,111.0,73.0,51.0,26.0,14.0,10.0,11.0,5.0,0.0,104.0,75.0,53.0,18.0,14.0,3.0,4.0,No unique independent dated result
2026-M-DC-2026-QLS-M-HUN-USA-01,Davis Cup QLS R1: HUN vs USA,Clay,4.0,D,I,20260206,2.0,PL56,,,Tommy Paul,R,185.0,USA,28.747,22.0,1850.0,P09O,,,Zsombor Piros,R,180.0,HUN,26.341,176.0,341.0,7-6(3) 6-3,3,RR,113.0,2.0,3.0,76.0,40.0,25.0,18.0,7.0,2.0,5.0,7.0,1.0,70.0,42.0,34.0,16.0,9.0,4.0,6.0,No unique independent dated result
2026-M-DC-2026-QLS-M-HUN-USA-01,Davis Cup QLS R1: HUN vs USA,Clay,4.0,D,I,20260206,3.0,N0AM,,,Emilio Nava,R,185.0,USA,24.203,82.0,710.0,F09U,,,Matyas Fuele,R,180.0,HUN,27.151,781.0,35.0,6-2 6-3,3,RR,68.0,6.0,0.0,50.0,33.0,28.0,8.0,8.0,4.0,5.0,0.0,3.0,58.0,38.0,20.0,9.0,4.0,7.0,11.0,No unique independent dated result
2026-M-DC-2026-QLS-M-BUL-BEL-01,Davis Cup QLS R1: BUL vs BEL,Clay,4.0,D,I,20260206,1.0,B0PG,,,Alexander Blockx,R,193.0,BEL,20.854,105.0,579.0,R0IL,,,Iliyan Radulov,R,187.0,BUL,20.679,663.0,51.0,6-7(3) 6-3 6-3,3,RR,126.0,10.0,1.0,69.0,51.0,46.0,11.0,12.0,3.0,5.0,0.0,4.0,91.0,64.0,42.0,13.0,9.0,2.0,8.0,No unique independent dated result
2026-M-DC-2026-QLS-M-BUL-BEL-01,Davis Cup QLS R1: BUL vs BEL,Clay,4.0,D,I,20260206,2.0,C0JP,,,Raphael Collignon,R,191.0,BEL,24.088,72.0,777.0,V0GR,,,Alexander Vasilev,L,185.0,BUL,18.757,1025.0,15.0,6-3 6-3,3,RR,96.0,5.0,7.0,58.0,36.0,25.0,14.0,8.0,5.0,6.0,2.0,11.0,71.0,38.0,25.0,10.0,5.0,10.0,14.0,No unique independent dated result
2026-M-DC-2026-QLS-M-BUL-BEL-01,Davis Cup QLS R1: BUL vs BEL,Clay,4.0,D,I,20260206,3.0,C0JP,,,Raphael Collignon,R,191.0,BEL,24.088,72.0,777.0,I0BF,,,Ivan Ivanov,R,,BUL,17.292,780.0,35.0,6-2 6-2,3,RR,70.0,3.0,3.0,45.0,25.0,24.0,10.0,8.0,2.0,2.0,0.0,3.0,40.0,27.0,14.0,7.0,4.0,2.0,6.0,No unique independent dated result
2026-M-DC-2026-WG1-PO-LUX-UKR-01,Davis Cup WG1 PO: LUX vs UKR,Hard,4.0,D,I,20260206,1.0,KJ00,,,Alex Knaff,R,193.0,LUX,28.219,,,O659,,,Vladyslav Orlov,R,188.0,UKR,30.749,499.0,84.0,7-6(2) 6-2,3,RR,93.0,3.0,0.0,51.0,31.0,26.0,16.0,10.0,0.0,1.0,4.0,7.0,76.0,42.0,29.0,14.0,10.0,3.0,6.0,No unique independent dated result
2026-M-DC-2026-WG1-PO-LUX-UKR-01,Davis Cup WG1 PO: LUX vs UKR,Hard,4.0,D,I,20260206,2.0,R0E0,,,Chris Rodesch,R,198.0,LUX,24.578,138.0,456.0,K0DP,,,Oleksii Krutykh,R,185.0,UKR,25.933,569.0,67.0,6-3 6-1,3,RR,68.0,11.0,1.0,46.0,30.0,23.0,11.0,,2.0,2.0,0.0,2.0,56.0,37.0,20.0,8.0,,8.0,12.0,No unique independent dated result
2026-M-DC-2026-WG1-PO-LUX-UKR-01,Davis Cup WG1 PO: LUX vs UKR,Hard,4.0,D,I,20260206,3.0,O0BE,,,Oleksandr Ovcharenko,R,185.0,UKR,24.329,498.0,84.0,CN80,,,Raphael Calzi,R,180.0,LUX,28.583,,,6-4 6-4,3,RR,77.0,4.0,8.0,63.0,36.0,31.0,9.0,10.0,2.0,3.0,8.0,2.0,57.0,32.0,23.0,12.0,10.0,6.0,9.0,No unique independent dated result
2026-M-DC-2026-QLS-M-CZE-SWE-01,Davis Cup QLS R1: CZE vs SWE,Hard,4.0,D,I,20260206,1.0,S0GD,,,Dalibor Svrcina,R,178.0,CZE,23.37,96.0,643.0,W0BU,,,Olle Wallin,R,191.0,SWE,24.315,408.0,116.0,6-1 6-3,3,RR,73.0,4.0,3.0,52.0,34.0,24.0,12.0,7.0,4.0,5.0,5.0,5.0,53.0,27.0,19.0,4.0,3.0,6.0,11.0,No unique independent dated result
2026-M-DC-2026-QLS-M-CZE-SWE-01,Davis Cup QLS R1: CZE vs SWE,Hard,4.0,D,I,20260206,2.0,L0BV,,,Jiri Lehecka,R,185.0,CZE,24.268,21.0,1900.0,MW54,,,Dragos Nicolae Madaras,L,191.0,SWE,28.424,576.0,65.0,6-3 6-4,3,RR,85.0,7.0,3.0,55.0,32.0,29.0,6.0,10.0,0.0,0.0,2.0,1.0,50.0,26.0,17.0,9.0,7.0,0.0,2.0,No unique independent dated result
2026-M-DC-2026-QLS-M-CZE-SWE-01,Davis Cup QLS R1: CZE vs SWE,Hard,4.0,D,I,20260206,3.0,W0BU,,,Olle Wallin,R,191.0,SWE,24.315,408.0,116.0,M0SE,,,Maxim Mrva,R,178.0,CZE,18.538,324.0,156.0,6-4 7-6(1),3,RR,83.0,3.0,4.0,73.0,40.0,29.0,16.0,8.0,4.0,7.0,11.0,4.0,73.0,41.0,26.0,15.0,7.0,3.0,7.0,No unique independent dated result
2026-M-DC-2026-QLS-M-IND-NED-01,Davis Cup QLS R1: IND vs NED,Hard,4.0,D,I,20260206,1.0,S0DE,,,Dhakshineswar Suresh,R,196.0,IND,25.881,465.0,94.0,D0C1,,,Jesper de Jong,R,180.0,NED,25.708,88.0,673.0,6-4 7-5,3,RR,88.0,9.0,3.0,62.0,34.0,28.0,18.0,11.0,1.0,1.0,7.0,5.0,62.0,36.0,30.0,12.0,9.0,5.0,7.0,No unique independent dated result
2026-M-DC-2026-QLS-M-IND-NED-01,Davis Cup QLS R1: IND vs NED,Hard,4.0,D,I,20260206,2.0,D0H9,,,Guy Den Ouden,R,183.0,NED,23.855,162.0,371.0,N897,,,Sumit Nagal,R,178.0,IND,28.498,281.0,186.0,6-0 4-6 6-3,3,RR,147.0,2.0,4.0,89.0,52.0,35.0,23.0,11.0,7.0,9.0,1.0,2.0,87.0,56.0,35.0,13.0,7.0,6.0,11.0,No unique independent dated result
2026-M-DC-2026-QLS-M-IND-NED-01,Davis Cup QLS R1: IND vs NED,Hard,4.0,D,I,20260206,3.0,S0DE,,,Dhakshineswar Suresh,R,196.0,IND,25.881,465.0,94.0,D0H9,,,Guy Den Ouden,R,183.0,NED,23.855,162.0,371.0,6-4 7-6(4),3,RR,99.0,15.0,1.0,70.0,48.0,41.0,11.0,11.0,0.0,0.0,5.0,3.0,75.0,51.0,41.0,9.0,10.0,3.0,4.0,No unique independent dated result
2026-M-DC-2026-QLS-M-IND-NED-01,Davis Cup QLS R1: IND vs NED,Hard,4.0,D,I,20260206,4.0,D0C1,,,Jesper de Jong,R,180.0,NED,25.708,88.0,673.0,N897,,,Sumit Nagal,R,178.0,IND,28.498,281.0,186.0,5-7 6-1 6-4,3,RR,172.0,10.0,5.0,89.0,46.0,36.0,19.0,11.0,6.0,10.0,1.0,4.0,98.0,64.0,40.0,13.0,8.0,9.0,15.0,No unique independent dated result
2026-M-DC-2026-QLS-M-FRA-SVK-01,Davis Cup QLS R1: FRA vs SVK,Hard,4.0,D,I,20260206,1.0,MV14,,,Alex Molcan,L,178.0,SVK,28.205,200.0,302.0,MP20,,,Alexandre Muller,R,183.0,FRA,29.035,49.0,1020.0,6-4 6-4,3,RR,46.0,4.0,0.0,57.0,43.0,31.0,12.0,8.0,2.0,3.0,5.0,1.0,50.0,35.0,23.0,10.0,7.0,0.0,3.0,No unique independent dated result
2026-M-DC-2026-QLS-M-FRA-SVK-01,Davis Cup QLS R1: FRA vs SVK,Hard,4.0,D,I,20260206,3.0,RC91,,,Arthur Rinderknech,R,196.0,FRA,30.565,31.0,1542.0,GB93,,,Norbert Gombos,R,193.0,SVK,35.507,300.0,175.0,7-6(1) 7-6(6),3,RR,133.0,6.0,1.0,79.0,54.0,42.0,14.0,10.0,1.0,3.0,2.0,0.0,91.0,58.0,40.0,16.0,10.0,2.0,4.0,No unique independent dated result
2026-M-DC-2026-QLS-M-FRA-SVK-01,Davis Cup QLS R1: FRA vs SVK,Hard,4.0,D,I,20260206,2.0,RC91,,,Arthur Rinderknech,R,196.0,FRA,30.565,31.0,1542.0,MV14,,,Alex Molcan,L,178.0,SVK,28.205,200.0,302.0,7-5 7-6(6),3,RR,118.0,16.0,1.0,79.0,62.0,49.0,8.0,11.0,5.0,6.0,5.0,1.0,80.0,64.0,45.0,8.0,10.0,0.0,2.0,No unique independent dated result
2026-M-DC-2026-WG1-PO-MAR-COL-01,Davis Cup WG1 PO: MAR vs COL,Clay,4.0,D,O,20260206,1.0,M0AW,,,Nicolas Mejia,R,183.0,COL,26.01,177.0,341.0,B0D6,,,Taha Baadi,R,183.0,MAR,24.575,582.0,65.0,6-3 6-2,3,RR,78.0,1.0,0.0,54.0,36.0,26.0,13.0,9.0,0.0,0.0,0.0,2.0,42.0,22.0,14.0,10.0,8.0,0.0,3.0,No unique independent dated result
2026-M-DC-2026-WG1-PO-MAR-COL-01,Davis Cup WG1 PO: MAR vs COL,Clay,4.0,D,O,20260206,2.0,B0PU,,,Reda Bennani,R,178.0,MAR,18.996,556.0,69.0,S0BT,,,Adria Soriano Barrera,R,191.0,COL,26.705,390.0,120.0,7-6(4) 7-5,3,RR,151.0,3.0,1.0,77.0,64.0,48.0,7.0,12.0,2.0,3.0,2.0,4.0,71.0,45.0,34.0,15.0,12.0,2.0,4.0,No unique independent dated result
2026-M-DC-2026-WG1-PO-MAR-COL-01,Davis Cup WG1 PO: MAR vs COL,Clay,4.0,D,O,20260206,3.0,M0AW,,,Nicolas Mejia,R,183.0,COL,26.01,177.0,341.0,B0PU,,,Reda Bennani,R,178.0,MAR,18.996,556.0,69.0,6-1 4-6 6-2,3,RR,155.0,4.0,0.0,83.0,55.0,39.0,18.0,,6.0,8.0,2.0,2.0,96.0,71.0,41.0,10.0,,11.0,16.0,No unique independent dated result
2026-M-DC-2026-WG1-PO-EGY-POL-01,Davis Cup WG1 PO: EGY vs POL,Clay,4.0,D,O,20260206,1.0,K0HC,,,Maks Kasnikowski,R,180.0,POL,22.612,416.0,113.0,B0LV,,,Michael Bassem Sobhy,R,,EGY,21.774,690.0,48.0,6-1 7-6(7),3,RR,92.0,2.0,0.0,63.0,47.0,33.0,9.0,10.0,3.0,5.0,2.0,2.0,55.0,32.0,21.0,9.0,9.0,0.0,4.0,No unique independent dated result
2026-M-DC-2026-WG1-PO-EGY-POL-01,Davis Cup WG1 PO: EGY vs POL,Clay,4.0,D,O,20260206,2.0,F0HN,,,Karol Filar,R,188.0,POL,27.46,624.0,57.0,Z0BL,,,Faris Zakaria,R,183.0,EGY,24.761,,,6-2 6-0,3,RR,69.0,1.0,4.0,45.0,28.0,18.0,8.0,7.0,1.0,3.0,1.0,7.0,44.0,22.0,8.0,5.0,7.0,3.0,10.0,No unique independent dated result
2026-M-DC-2026-WG1-PO-EGY-POL-01,Davis Cup WG1 PO: EGY vs POL,Clay,4.0,D,O,20260206,3.0,P0FU,,,Filip Pieczonka,L,196.0,POL,21.851,1066.0,13.0,I0B3,,,Karim Ibrahim,R,188.0,EGY,22.525,1045.0,15.0,7-5 6-2,3,RR,67.0,3.0,4.0,51.0,40.0,34.0,8.0,10.0,3.0,4.0,0.0,3.0,57.0,27.0,13.0,20.0,10.0,5.0,9.0,No unique independent dated result
2026-M-DC-2026-WG1-PO-FIN-HKG-01,Davis Cup WG1 PO: FIN vs HKG,Hard,4.0,D,O,20260206,1.0,W0BH,,,Coleman Wong,R,191.0,HKG,21.692,136.0,466.0,V993,,,Eero Vasa,R,185.0,FIN,29.035,476.0,91.0,6-4 6-2,3,RR,59.0,7.0,2.0,48.0,27.0,25.0,13.0,,3.0,3.0,4.0,5.0,51.0,27.0,19.0,12.0,,2.0,5.0,No unique independent dated result
2026-M-DC-2026-WG1-PO-FIN-HKG-01,Davis Cup WG1 PO: FIN vs HKG,Hard,4.0,D,O,20260206,2.0,V0AM,,,Otto Virtanen,R,193.0,FIN,24.652,116.0,513.0,C0RT,,,Siu Chi Nicholas Cheng,,,HKG,17.879,262.0,205.0,6-0 6-1,3,RR,42.0,9.0,0.0,33.0,18.0,15.0,10.0,6.0,0.0,0.0,0.0,4.0,37.0,21.0,9.0,3.0,7.0,3.0,9.0,No unique independent dated result
2026-M-DC-2026-WG1-PO-FIN-HKG-01,Davis Cup WG1 PO: FIN vs HKG,Hard,4.0,D,O,20260206,3.0,V0AM,,,Otto Virtanen,R,193.0,FIN,24.652,116.0,513.0,W0BH,,,Coleman Wong,R,191.0,HKG,21.692,136.0,466.0,7-5 6-2,3,RR,78.0,11.0,3.0,67.0,40.0,31.0,14.0,,4.0,5.0,9.0,4.0,68.0,41.0,23.0,11.0,,6.0,10.0,No unique independent dated result
2026-M-DC-2026-QLS-M-KOR-ARG-01,Davis Cup QLS R1: KOR vs ARG,Hard,4.0,D,I,20260206,1.0,KF17,,,Soonwoo Kwon,R,180.0,KOR,28.203,343.0,142.0,TA29,,,Marco Trungelliti,R,178.0,ARG,36.038,134.0,472.0,7-6(6) 6-2,3,RR,94.0,8.0,1.0,72.0,49.0,39.0,8.0,9.0,2.0,3.0,6.0,3.0,61.0,38.0,26.0,10.0,7.0,0.0,3.0,No unique independent dated result
2026-M-DC-2026-QLS-M-KOR-ARG-01,Davis Cup QLS R1: KOR vs ARG,Hard,4.0,D,I,20260206,2.0,T0A1,,,Thiago Agustin Tirante,R,185.0,ARG,24.849,95.0,647.0,CH27,,,Hyeon Chung,R,188.0,KOR,29.741,392.0,120.0,2-6 7-5 7-6(5),3,RR,172.0,12.0,5.0,0.0,94.0,59.0,40.0,22.0,12.0,3.0,7.0,124.0,79.0,59.0,18.0,13.0,4.0,7.0,7.0,No unique independent dated result
2026-M-DC-2026-QLS-M-KOR-ARG-01,Davis Cup QLS R1: KOR vs ARG,Hard,4.0,D,I,20260206,3.0,KF17,,,Soonwoo Kwon,R,180.0,KOR,28.203,343.0,142.0,T0A1,,,Thiago Agustin Tirante,R,185.0,ARG,24.849,95.0,647.0,6-4 4-6 6-3,3,RR,126.0,11.0,3.0,80.0,49.0,39.0,15.0,11.0,5.0,8.0,8.0,1.0,91.0,46.0,32.0,22.0,10.0,1.0,6.0,No unique independent dated result
2026-M-DC-2026-QLS-M-KOR-ARG-01,Davis Cup QLS R1: KOR vs ARG,Hard,4.0,D,I,20260206,4.0,CH27,,,Hyeon Chung,R,188.0,KOR,29.741,392.0,120.0,TA29,,,Marco Trungelliti,R,178.0,ARG,36.038,134.0,472.0,6-4 6-3,3,RR,89.0,0.0,1.0,53.0,31.0,23.0,15.0,9.0,0.0,1.0,2.0,3.0,59.0,34.0,26.0,9.0,6.0,2.0,5.0,No unique independent dated result
2026-M-DC-2026-WG1-PO-TPE-LBN-01,Davis Cup WG1 PO: TPE vs LBN,Hard,4.0,D,O,20260206,1.0,W857,,,Tung-Lin Wu,R,188.0,TPE,27.762,373.0,127.0,HF80,,,Hady Habib,R,188.0,LBN,27.485,341.0,143.0,6-3 6-2,3,RR,64.0,10.0,1.0,45.0,36.0,32.0,5.0,,3.0,3.0,11.0,4.0,68.0,42.0,28.0,9.0,,6.0,9.0,No unique independent dated result
2026-M-DC-2026-WG1-PO-TPE-LBN-01,Davis Cup WG1 PO: TPE vs LBN,Hard,4.0,D,O,20260206,2.0,HG94,,,Benjamin Hassan,R,183.0,LBN,31.028,259.0,208.0,H0B5,,,Tsung-Hao Huang,R,173.0,TPE,26.231,490.0,87.0,6-4 6-4,3,RR,146.0,2.0,0.0,62.0,30.0,21.0,18.0,,4.0,6.0,5.0,2.0,80.0,52.0,30.0,13.0,,3.0,7.0,No unique independent dated result
2026-M-DC-2026-WG1-PO-TPE-LBN-01,Davis Cup WG1 PO: TPE vs LBN,Hard,4.0,D,O,20260206,3.0,W857,,,Tung-Lin Wu,R,188.0,TPE,27.762,373.0,127.0,HG94,,,Benjamin Hassan,R,183.0,LBN,31.028,259.0,208.0,6-3 6-4,3,RR,59.0,3.0,1.0,46.0,41.0,36.0,4.0,10.0,0.0,0.0,3.0,2.0,52.0,45.0,29.0,2.0,9.0,2.0,4.0,No unique independent dated result
2026-M-DC-2026-WG1-PO-NZL-BIH-01,Davis Cup WG1 PO: NZL vs BIH,Hard,4.0,D,O,20260206,1.0,BE67,,,Mirza Basic,R,188.0,BIH,34.595,491.0,86.0,W0ED,,,James Watt,R,206.0,NZL,25.684,650.0,53.0,6-2 7-6(5),3,RR,75.0,3.0,3.0,58.0,22.0,20.0,24.0,,0.0,0.0,11.0,3.0,61.0,42.0,31.0,8.0,,2.0,4.0,No unique independent dated result
2026-M-DC-2026-WG1-PO-NZL-BIH-01,Davis Cup WG1 PO: NZL vs BIH,Hard,4.0,D,O,20260206,2.0,N0DB,,,Andrej Nedic,R,185.0,BIH,21.331,285.0,184.0,S0NT,,,Anton Shepp,R,185.0,NZL,23.293,906.0,23.0,6-4 4-6 7-5,3,RR,167.0,3.0,4.0,105.0,69.0,50.0,20.0,,7.0,9.0,12.0,7.0,127.0,77.0,51.0,25.0,,13.0,16.0,No unique independent dated result
2026-M-DC-2026-WG1-PO-NZL-BIH-01,Davis Cup WG1 PO: NZL vs BIH,Hard,4.0,D,O,20260206,3.0,S0NT,,,Anton Shepp,R,185.0,NZL,23.293,906.0,23.0,BE67,,,Mirza Basic,R,188.0,BIH,34.595,491.0,86.0,6-2 6-4,3,RR,70.0,10.0,5.0,57.0,32.0,24.0,14.0,,5.0,6.0,4.0,1.0,65.0,46.0,26.0,10.0,,7.0,11.0,No unique independent dated result
2026-M-DC-2026-WG1-PO-NZL-BIH-01,Davis Cup WG1 PO: NZL vs BIH,Hard,4.0,D,O,20260206,4.0,W0ED,,,James Watt,R,206.0,NZL,25.684,650.0,53.0,N0DB,,,Andrej Nedic,R,185.0,BIH,21.331,285.0,184.0,6-3 7-6(4),3,RR,105.0,15.0,0.0,74.0,52.0,35.0,11.0,11.0,4.0,7.0,1.0,1.0,75.0,51.0,30.0,11.0,10.0,8.0,12.0,No unique independent dated result
2026-451,Doha,Hard,32.0,500,O,20260217,15.0,Z371,,,Zhizhen Zhang,R,193.0,CHN,29.339,319.0,155.0,CF59,,,Roberto Carballes Baena,R,183.0,ESP,32.906,175.0,350.0,6-4 6-4,3,R32,74.0,10.0,0.0,60.0,40.0,35.0,10.0,10.0,1.0,1.0,7.0,2.0,54.0,37.0,28.0,8.0,10.0,0.0,2.0,No unique independent dated result
2026-6932,Rio de Janeiro,Clay,32.0,500,O,20260218,17.0,G0FW,,,Vilius Gaubas,R,178.0,LTU,21.139,126.0,490.0,M0WY,,,Luis Guto Miguel,R,180.0,BRA,16.977,1593.0,3.0,6-3 2-6 6-2,3,R32,131.0,0.0,2.0,80.0,61.0,36.0,12.0,13.0,1.0,3.0,1.0,1.0,84.0,59.0,43.0,10.0,12.0,7.0,10.0,No unique independent dated result
2026-451,Doha,Hard,32.0,500,O,20260218,21.0,M0NI,6.0,,Jakub Mensik,R,196.0,CZE,20.468,16.0,2425.0,Z371,,,Zhizhen Zhang,R,193.0,CHN,29.344,319.0,155.0,6-3 6-2,3,R16,66.0,7.0,1.0,47.0,30.0,24.0,12.0,9.0,0.0,0.0,2.0,3.0,57.0,34.0,21.0,10.0,8.0,9.0,12.0,No unique independent dated result
2026-495,Dubai,Hard,32.0,500,O,20260223,3.0,AG37,1.0,,Felix Auger-Aliassime,R,193.0,CAN,25.544,8.0,4080.0,Z371,,,Zhizhen Zhang,R,193.0,CHN,29.355,263.0,205.0,6-3 7-6(4),3,R32,110.0,11.0,3.0,63.0,46.0,36.0,10.0,10.0,4.0,4.0,10.0,1.0,91.0,56.0,40.0,15.0,11.0,9.0,11.0,No unique independent dated result
2026-403,Miami Masters,Hard,96.0,M,O,20260319,7.0,ME82,,,Adrian Mannarino,L,180.0,FRA,37.719,43.0,1060.0,Z371,,,Zhizhen Zhang,R,193.0,CHN,29.421,270.0,195.0,6-3 6-2,3,R128,65.0,8.0,0.0,47.0,29.0,25.0,9.0,8.0,2.0,2.0,3.0,2.0,53.0,32.0,21.0,7.0,9.0,0.0,4.0,No unique independent dated result
2026-403,Miami Masters,Hard,96.0,M,O,20260321,31.0,FB98,6.0,,Taylor Fritz,R,196.0,USA,28.394,7.0,4170.0,V812,,,otic van de Zandschulp,R,191.0,NED,30.461,65.0,823.0,6-3 6-7(2) 6-3,3,R64,122.0,18.0,2.0,90.0,58.0,48.0,19.0,16.0,2.0,2.0,10.0,1.0,95.0,53.0,44.0,18.0,14.0,5.0,7.0,No unique independent dated result
2026-717,Houston,Clay,28.0,250,O,20260331,5.0,Z371,,,Zhizhen Zhang,R,193.0,CHN,29.454,263.0,205.0,P0HT,,,Jack Pinnington Jones,R,180.0,GBR,23.003,138.0,456.0,6-1 6-3,3,R32,63.0,5.0,0.0,44.0,23.0,19.0,14.0,8.0,1.0,1.0,3.0,3.0,42.0,30.0,18.0,4.0,8.0,1.0,5.0,No unique independent dated result
2026-4462,Bucharest,Clay,28.0,250,O,20260331,5.0,M0K4,,,Elmer Moller,R,183.0,DEN,22.727,134.0,478.0,B0C0,,,Adrian Boitan,R,185.0,ROU,26.722,306.0,167.0,6-3 7-5,3,R32,100.0,2.0,2.0,70.0,47.0,35.0,11.0,11.0,4.0,6.0,3.0,7.0,69.0,46.0,30.0,6.0,10.0,10.0,14.0,No unique independent dated result
2026-717,Houston,Clay,28.0,250,O,20260402,19.0,S0S1,1.0,,Ben Shelton,L,193.0,USA,23.48,9.0,3860.0,Z371,,,Zhizhen Zhang,R,193.0,CHN,29.459,263.0,205.0,7-6(5) 7-6(3),3,R16,113.0,21.0,2.0,85.0,61.0,45.0,18.0,12.0,1.0,1.0,12.0,3.0,82.0,48.0,40.0,19.0,12.0,1.0,1.0,No unique independent dated result
2026-308,Munich,Clay,32.0,500,O,20260414,10.0,D0FJ,6.0,,Luciano Darderi,R,183.0,ITA,24.162,21.0,1920.0,Z371,,,Zhizhen Zhang,R,193.0,CHN,29.492,242.0,230.0,7-6(5) 3-6 6-1,3,R32,127.0,8.0,3.0,89.0,51.0,37.0,23.0,14.0,3.0,6.0,11.0,2.0,94.0,64.0,45.0,11.0,14.0,7.0,11.0,No unique independent dated result
2026-1536,Madrid Masters,Clay,96.0,M,O,20260422,5.0,KI82,,,Vit Kopriva,R,178.0,CZE,28.851,66.0,826.0,Z371,,,Zhizhen Zhang,R,193.0,CHN,29.514,245.0,230.0,6-2 6-0,3,R128,56.0,4.0,2.0,36.0,23.0,19.0,9.0,7.0,0.0,0.0,3.0,4.0,56.0,40.0,17.0,8.0,7.0,7.0,12.0,No unique independent dated result
2026-416,Rome Masters,Clay,96.0,M,O,20260506,2.0,AE14,,,Daniel Altmaier,R,188.0,GER,27.647,64.0,860.0,Z371,,,Zhizhen Zhang,R,193.0,CHN,29.552,239.0,240.0,4-6 7-6(3) 6-4,3,R128,142.0,11.0,2.0,101.0,65.0,47.0,19.0,16.0,3.0,6.0,6.0,2.0,94.0,56.0,44.0,17.0,16.0,3.0,6.0,No unique independent dated result
2026-520,Roland Garros,Clay,128.0,G,O,20260526,55.0,D0CG,,Q,Facundo Diaz Acosta,L,183.0,ARG,25.443,151.0,407.0,Z371,,PR,Zhizhen Zhang,R,193.0,CHN,29.607,224.0,254.0,6-1 6-4 6-3,5,R128,104.0,6.0,1.0,67.0,46.0,35.0,11.0,13.0,0.0,1.0,6.0,1.0,93.0,61.0,37.0,10.0,13.0,9.0,15.0,No unique independent dated result
2026-440,'s-Hertogenbosch,Grass,28.0,250,O,20260609,6.0,Z371,,,Zhizhen Zhang,R,193.0,CHN,29.645,214.0,269.0,B0CD,,,Jenson Brooksby,R,193.0,USA,25.618,73.0,825.0,7-6(4) 5-7 6-1,3,R32,137.0,14.0,2.0,110.0,71.0,56.0,16.0,16.0,6.0,9.0,5.0,2.0,92.0,61.0,39.0,15.0,15.0,2.0,6.0,No unique independent dated result
2026-440,'s-Hertogenbosch,Grass,28.0,250,O,20260611,16.0,Z371,,PR,Zhizhen Zhang,R,193.0,CHN,29.651,214.0,269.0,GJ37,6,,Tallon Griekspoor,R,188.0,NED,29.941,41.0,1150.0,7-6(5) 6-4,3,R16,91.0,11.0,0.0,68.0,48.0,37.0,15.0,11.0,2.0,2.0,2.0,3.0,73.0,51.0,38.0,12.0,11.0,2.0,3.0,No unique independent dated result
2026-440,'s-Hertogenbosch,Grass,28.0,250,O,20260612,21.0,ME82,,,Adrian Mannarino,L,180.0,FRA,37.952,46.0,1031.0,Z371,,PR,Zhizhen Zhang,R,193.0,CHN,29.654,214.0,269.0,7-6(4) 6-3,3,QF,104.0,12.0,0.0,69.0,47.0,42.0,9.0,11.0,2.0,2.0,5.0,1.0,62.0,44.0,33.0,8.0,10.0,1.0,2.0,No unique independent dated result
2026-540,Wimbledon,Grass,128.0,G,O,20260705,113.0,D643,7.0,,Novak Djokovic,R,188.0,SRB,39.121,8.0,3760.0,SX50,,Q,Roman Safiullin,R,185.0,RUS,28.909,132.0,458.0,7-6(6) 6-3 3-6 6-2,5,R16,198.0,9.0,3.0,111.0,89.0,61.0,9.0,17.0,10.0,14.0,6.0,2.0,93.0,77.0,51.0,6.0,16.0,4.0,9.0,No unique independent dated result
2026-540,Wimbledon,Grass,128.0,G,O,20260707,121.0,Z355,2.0,,Alexander Zverev,R,198.0,GER,29.21,3.0,7190.0,L0BV,13,,Jiri Lehecka,R,185.0,CZE,24.657,14.0,2360.0,6-4 7-5 3-6 6-3,5,R16,200.0,12.0,3.0,118.0,83.0,68.0,20.0,21.0,7.0,8.0,12.0,3.0,126.0,87.0,66.0,25.0,21.0,4.0,6.0,No unique independent dated result
2026-418,Washington,Hard,32.0,500,O,20260728,9.0,J0DZ,,,Rafael Jodar,R,191.0,ESP,19.86,24.0,1927.0,F0F1,8,,Arthur Fils,R,185.0,FRA,22.125,22.0,1990.0,7-6(5) 6-3,3,R32,112.0,4.0,3.0,73.0,35.0,26.0,24.0,10.0,4.0,5.0,6.0,3.0,81.0,52.0,38.0,13.0,11.0,7.0,10.0,No unique independent dated result
2026-M-DC-2026-QLS-M-KOR-IND-01,Davis Cup QLS R2: KOR vs IND,Hard,4.0,D,O,20260918,1.0,KF17,,,Soonwoo Kwon,R,180.0,KOR,28.794,157.0,355.0,S0DE,,,Dhakshineswar Suresh,R,196.0,IND,26.472,367.0,141.0,3-6 6-3 6-4,3,RR,125.0,7.0,5.0,80.0,36.0,33.0,24.0,14.0,1.0,2.0,12.0,6.0,110.0,64.0,46.0,23.0,14.0,8.0,10.0,No unique independent dated result
2026-M-DC-2026-QLS-M-KOR-IND-01,Davis Cup QLS R2: KOR vs IND,Hard,4.0,D,O,20260918,2.0,CH27,,,Hyeon Chung,R,188.0,KOR,30.333,549.0,74.0,N897,,,Sumit Nagal,R,178.0,IND,29.09,247.0,225.0,2-6 6-4 7-5,3,RR,186.0,3.0,4.0,107.0,68.0,45.0,16.0,15.0,3.0,8.0,3.0,8.0,100.0,67.0,44.0,13.0,15.0,6.0,11.0,No unique independent dated result
2026-M-DC-2026-QLS-M-KOR-IND-01,Davis Cup QLS R2: KOR vs IND,Hard,4.0,D,O,20260919,3.0,KF17,,,Soonwoo Kwon,R,180.0,KOR,28.797,157.0,355.0,N897,,,Sumit Nagal,R,178.0,IND,29.092,247.0,225.0,6-1 6-2,3,RR,,4.0,3.0,41.0,25.0,21.0,10.0,7.0,2.0,2.0,1.0,3.0,50.0,25.0,9.0,15.0,8.0,8.0,13.0,No unique independent dated result
2026-M-DC-2026-QLS-M-AUT-BEL-01,Davis Cup QLS R2: AUT vs BEL,Clay,4.0,D,O,20260918,1.0,R09X,,,Jurij Rodionov,L,191.0,AUT,27.343,142.0,416.0,O0A2,,,Gauthier Onclin,R,180.0,BEL,25.558,164.0,344.0,6-4 6-1,3,RR,,9.0,1.0,69.0,44.0,24.0,16.0,9.0,3.0,5.0,0.0,1.0,48.0,31.0,14.0,12.0,8.0,4.0,9.0,No unique independent dated result
2026-M-DC-2026-QLS-M-AUT-BEL-01,Davis Cup QLS R2: AUT vs BEL,Clay,4.0,D,O,20260918,2.0,BU13,,,Zizou Bergs,R,185.0,BEL,27.294,38.0,1345.0,N0CS,,,Lukas Neumayer,R,183.0,AUT,24.033,180.0,312.0,2-6 6-4 6-2,3,RR,105.0,9.0,4.0,75.0,43.0,32.0,15.0,13.0,2.0,5.0,2.0,3.0,65.0,38.0,26.0,15.0,13.0,3.0,7.0,No unique independent dated result
2026-M-DC-2026-QLS-M-AUT-BEL-01,Davis Cup QLS R2: AUT vs BEL,Clay,4.0,D,O,20260919,3.0,R09X,,,Jurij Rodionov,L,191.0,AUT,27.346,142.0,416.0,BU13,,,Zizou Bergs,R,185.0,BEL,27.296,38.0,1345.0,7-6(6) 6-3,3,RR,139.0,7.0,0.0,86.0,46.0,36.0,15.0,10.0,9.0,12.0,4.0,4.0,76.0,49.0,26.0,13.0,11.0,6.0,11.0,No unique independent dated result
2026-M-DC-2026-QLS-M-CZE-USA-01,Davis Cup QLS R2: CZE vs USA,Hard,4.0,D,I,20260918,1.0,T0HA,,,Learner Tien,L,180.0,USA,20.794,13.0,2755.0,M0NI,,,Jakub Mensik,R,196.0,CZE,21.046,15.0,2495.0,6-2 6-4,3,RR,69.0,1.0,2.0,52.0,37.0,31.0,6.0,9.0,3.0,4.0,4.0,4.0,54.0,38.0,24.0,4.0,9.0,3.0,7.0,No unique independent dated result
2026-M-DC-2026-QLS-M-CZE-USA-01,Davis Cup QLS R2: CZE vs USA,Hard,4.0,D,I,20260918,2.0,L0BV,,,Jiri Lehecka,R,185.0,CZE,24.86,24.0,2120.0,S0S1,,,Ben Shelton,L,193.0,USA,23.943,4.0,4680.0,6-4 6-4,3,RR,95.0,3.0,1.0,58.0,33.0,29.0,14.0,10.0,2.0,2.0,3.0,2.0,62.0,48.0,35.0,6.0,10.0,4.0,6.0,No unique independent dated result
2026-M-DC-2026-QLS-M-CZE-USA-01,Davis Cup QLS R2: CZE vs USA,Hard,4.0,D,I,20260919,3.0,M0NI,,,Jakub Mensik,R,196.0,CZE,21.049,15.0,2495.0,S0S1,,,Ben Shelton,L,193.0,USA,23.945,4.0,4680.0,5-7 6-4 6-3,3,RR,,9.0,2.0,76.0,52.0,45.0,17.0,16.0,0.0,1.0,4.0,1.0,93.0,62.0,44.0,17.0,15.0,5.0,7.0,No unique independent dated result
2026-M-DC-2026-QLS-M-CZE-USA-01,Davis Cup QLS R2: CZE vs USA,Hard,4.0,D,I,20260919,4.0,L0BV,,,Jiri Lehecka,R,185.0,CZE,24.862,24.0,2120.0,T0HA,,,Learner Tien,L,180.0,USA,20.797,13.0,2755.0,6-3 7-5,3,RR,,5.0,3.0,76.0,41.0,30.0,17.0,11.0,6.0,8.0,1.0,3.0,64.0,38.0,23.0,12.0,10.0,5.0,9.0,No unique independent dated result
2026-M-DC-2026-QLS-M-CAN-FRA-01,Davis Cup QLS R2: CAN vs FRA,Hard,4.0,D,I,20260918,1.0,D0DP,,,Liam Draxl,R,185.0,CAN,24.786,205.0,267.0,RC91,,,Arthur Rinderknech,R,196.0,FRA,31.157,32.0,1583.0,6-2 7-5,3,RR,104.0,9.0,1.0,72.0,57.0,41.0,7.0,10.0,3.0,3.0,13.0,1.0,69.0,43.0,27.0,15.0,10.0,7.0,10.0,No unique independent dated result
2026-M-DC-2026-QLS-M-CAN-FRA-01,Davis Cup QLS R2: CAN vs FRA,Hard,4.0,D,I,20260918,2.0,AG37,,,Felix Auger-Aliassime,R,193.0,CAN,26.111,5.0,3890.0,HB64,,,Quentin Halys,R,191.0,FRA,29.895,49.0,1070.0,7-6(5) 4-6 6-3,3,RR,143.0,12.0,1.0,90.0,68.0,52.0,15.0,16.0,0.0,1.0,19.0,6.0,102.0,70.0,58.0,11.0,15.0,4.0,5.0,No unique independent dated result
2026-M-DC-2026-QLS-M-CAN-FRA-01,Davis Cup QLS R2: CAN vs FRA,Hard,4.0,D,I,20260919,3.0,AG37,,,Felix Auger-Aliassime,R,193.0,CAN,26.114,5.0,3890.0,RC91,,,Arthur Rinderknech,R,196.0,FRA,31.159,32.0,1583.0,4-6 7-6(5) 6-4,3,RR,,17.0,1.0,87.0,66.0,53.0,14.0,16.0,1.0,2.0,7.0,0.0,97.0,75.0,59.0,10.0,16.0,3.0,4.0,No unique independent dated result
2026-M-DC-2026-QLS-M-GER-CRO-01,Davis Cup QLS R2: GER vs CRO,Hard,4.0,D,I,20260919,1.0,Z355,,,Alexander Zverev,R,198.0,GER,29.415,2.0,9690.0,D0L3,,,Matej Dodig,R,188.0,CRO,21.169,171.0,329.0,6-4 7-6(3),3,RR,,15.0,1.0,66.0,54.0,44.0,6.0,11.0,0.0,0.0,3.0,1.0,77.0,55.0,42.0,9.0,11.0,5.0,6.0,No unique independent dated result
2026-M-DC-2026-QLS-M-GER-CRO-01,Davis Cup QLS R2: GER vs CRO,Hard,4.0,D,I,20260919,2.0,P0HW,,,Dino Prizmic,R,188.0,CRO,21.123,103.0,628.0,AE14,,,Daniel Altmaier,R,188.0,GER,28.019,69.0,874.0,6-4 6-3,3,RR,,2.0,0.0,64.0,45.0,33.0,9.0,10.0,5.0,6.0,5.0,0.0,51.0,29.0,19.0,12.0,9.0,2.0,5.0,No unique independent dated result
2026-M-DC-2026-QLS-M-GER-CRO-01,Davis Cup QLS R2: GER vs CRO,Hard,4.0,D,I,20260920,3.0,Z355,,,Alexander Zverev,R,198.0,GER,29.418,2.0,9690.0,P0HW,,,Dino Prizmic,R,188.0,CRO,21.125,103.0,628.0,6-2 6-4,3,RR,,6.0,0.0,45.0,34.0,27.0,9.0,9.0,0.0,0.0,4.0,0.0,54.0,41.0,26.0,5.0,9.0,6.0,9.0,No unique independent dated result
2026-M-DC-2026-QLS-M-GBR-ECU-01,Davis Cup QLS R2: GBR vs ECU,Hard,4.0,D,I,20260919,1.0,S0TM,,,Toby Samuel,R,191.0,GBR,24.036,95.0,640.0,AG08,,,Andres Andrade,R,180.0,ECU,27.765,203.0,269.0,4-6 6-4 6-1,3,RR,,6.0,3.0,85.0,54.0,36.0,17.0,14.0,7.0,10.0,0.0,4.0,69.0,44.0,31.0,8.0,13.0,1.0,6.0,No unique independent dated result
2026-M-DC-2026-QLS-M-GBR-ECU-01,Davis Cup QLS R2: GBR vs ECU,Hard,4.0,D,I,20260919,2.0,F0DM,,,Arthur Fery,R,175.0,GBR,24.189,36.0,1413.0,G0DH,,,Alvaro Guillen Meza,R,175.0,ECU,23.713,293.0,189.0,7-5 6-0,3,RR,,2.0,1.0,52.0,37.0,29.0,9.0,9.0,2.0,2.0,0.0,3.0,61.0,42.0,24.0,6.0,9.0,4.0,8.0,No unique independent dated result
2026-M-DC-2026-QLS-M-GBR-ECU-01,Davis Cup QLS R2: GBR vs ECU,Hard,4.0,D,I,20260920,3.0,W0AH,,,Harry Wendelken,R,178.0,GBR,24.756,175.0,321.0,V0IZ,,,Angel Veliz,,,ECU,18.149,1505.0,4.0,6-2 6-3,3,RR,,1.0,4.0,47.0,28.0,22.0,12.0,8.0,2.0,3.0,1.0,7.0,72.0,41.0,23.0,12.0,9.0,4.0,9.0,No unique independent dated result
2026-M-DC-2026-QLS-M-CHI-ESP-01,Davis Cup QLS R2: CHI vs ESP,Clay,4.0,D,O,20260919,1.0,M0N7,,,Daniel Merida,R,188.0,ESP,21.979,41.0,1216.0,TE30,,,Alejandro Tabilo,L,188.0,CHI,29.298,28.0,1778.0,5-7 6-3 6-3,3,RR,136.0,9.0,1.0,95.0,69.0,48.0,16.0,15.0,5.0,6.0,3.0,0.0,96.0,63.0,44.0,14.0,15.0,5.0,8.0,No unique independent dated result
2026-M-DC-2026-QLS-M-CHI-ESP-01,Davis Cup QLS R2: CHI vs ESP,Clay,4.0,D,O,20260919,2.0,J0DZ,,,Rafael Jodar,R,191.0,ESP,20.005,14.0,2659.0,GD64,,,Cristian Garin,R,185.0,CHI,30.305,133.0,446.0,6-0 6-2,3,RR,64.0,0.0,0.0,37.0,26.0,20.0,6.0,7.0,0.0,1.0,0.0,5.0,51.0,32.0,19.0,1.0,7.0,6.0,12.0,No unique independent dated result
2026-M-DC-2026-QLS-M-CHI-ESP-01,Davis Cup QLS R2: CHI vs ESP,Clay,4.0,D,O,20260920,3.0,L0IL,,,Martin Landaluce,R,193.0,ESP,20.698,62.0,924.0,S0EK,,,Matias Soto,R,170.0,CHI,27.4,237.0,232.0,6-2 6-3,3,RR,,2.0,0.0,48.0,34.0,25.0,12.0,9.0,1.0,1.0,3.0,2.0,47.0,31.0,20.0,8.0,8.0,3.0,6.0,No unique independent dated result
2026-M-DC-2026-WG1-R1-FIN-MON-01,Davis Cup WG1 R1: FIN vs MON,Hard,4.0,D,I,20260918,1.0,V0AM,,,Otto Virtanen,R,193.0,FIN,25.243,108.0,586.0,CN78,,,Lucas Catarina,R,185.0,MON,30.062,,,6-0 6-3,3,RR,,10.0,4.0,44.0,29.0,25.0,8.0,8.0,2.0,2.0,2.0,1.0,54.0,30.0,14.0,11.0,7.0,3.0,7.0,No unique independent dated result
2026-M-DC-2026-WG1-R1-FIN-MON-01,Davis Cup WG1 R1: FIN vs MON,Hard,4.0,D,I,20260918,2.0,VA25,,,Valentin Vacherot,R,193.0,MON,27.838,21.0,2250.0,V993,,,Eero Vasa,R,185.0,FIN,29.626,446.0,105.0,6-3 7-6(3),3,RR,,15.0,2.0,65.0,48.0,44.0,9.0,11.0,2.0,2.0,6.0,2.0,62.0,41.0,33.0,10.0,10.0,2.0,3.0,No unique independent dated result
2026-M-DC-2026-WG1-R1-FIN-MON-01,Davis Cup WG1 R1: FIN vs MON,Hard,4.0,D,I,20260919,3.0,VA25,,,Valentin Vacherot,R,193.0,MON,27.841,21.0,2250.0,V0AM,,,Otto Virtanen,R,193.0,FIN,25.246,108.0,586.0,7-6(3) 4-6 6-4,3,RR,,14.0,5.0,120.0,82.0,58.0,18.0,16.0,10.0,13.0,14.0,5.0,133.0,70.0,51.0,30.0,16.0,10.0,13.0,No unique independent dated result
2026-M-DC-2026-WG1-R1-LUX-HUN-01,Davis Cup WG1 R1: LUX vs HUN,Hard,4.0,D,I,20260918,1.0,M0CI,,,Fabian Marozsan,R,193.0,HUN,26.946,60.0,930.0,V0AS,,,Louis Van Herck,R,,LUX,27.214,1705.0,3.0,6-4 6-4,3,RR,,1.0,2.0,52.0,32.0,26.0,11.0,10.0,0.0,2.0,5.0,2.0,59.0,35.0,19.0,12.0,10.0,5.0,9.0,No unique independent dated result
2026-M-DC-2026-WG1-R1-LUX-HUN-01,Davis Cup WG1 R1: LUX vs HUN,Hard,4.0,D,I,20260918,2.0,P09O,,,Zsombor Piros,R,180.0,HUN,26.932,116.0,530.0,KJ00,,,Alex Knaff,R,193.0,LUX,28.81,761.0,39.0,6-4 6-0,3,RR,,3.0,1.0,47.0,24.0,20.0,14.0,8.0,3.0,4.0,3.0,3.0,55.0,32.0,16.0,9.0,8.0,6.0,11.0,No unique independent dated result
2026-M-DC-2026-WG1-R1-LUX-HUN-01,Davis Cup WG1 R1: LUX vs HUN,Hard,4.0,D,I,20260919,3.0,M0DY,,,Peter Makk,R,180.0,HUN,24.914,517.0,85.0,800569301,,,Matiej Reiter,R,,LUX,,,,6-1 6-2,3,RR,,3.0,0.0,40.0,26.0,24.0,9.0,8.0,0.0,0.0,1.0,2.0,39.0,25.0,12.0,6.0,7.0,1.0,5.0,No unique independent dated result
2026-M-DC-2026-WG1-R1-NED-COL-01,Davis Cup WG1 R1: NED vs COL,Hard,4.0,D,I,20260918,1.0,V812,,,Botic van de Zandschulp,R,191.0,NED,30.957,40.0,1258.0,R0F1,,,Johan Alexander Rodriguez,R,173.0,COL,22.979,829.0,32.0,4-6 6-1 7-5,3,RR,,12.0,8.0,86.0,55.0,45.0,13.0,14.0,8.0,11.0,3.0,4.0,105.0,65.0,40.0,16.0,15.0,8.0,14.0,No unique independent dated result
2026-M-DC-2026-WG1-R1-NED-COL-01,Davis Cup WG1 R1: NED vs COL,Hard,4.0,D,I,20260918,2.0,GJ37,,,Tallon Griekspoor,R,188.0,NED,30.212,55.0,975.0,M0AW,,,Nicolas Mejia,R,183.0,COL,26.601,121.0,509.0,6-2 6-4,3,RR,,13.0,2.0,53.0,37.0,31.0,9.0,9.0,3.0,3.0,2.0,2.0,53.0,29.0,18.0,10.0,9.0,1.0,4.0,No unique independent dated result
2026-M-DC-2026-WG1-R1-NED-COL-01,Davis Cup WG1 R1: NED vs COL,Hard,4.0,D,I,20260919,3.0,D0C1,,,Jesper de Jong,R,180.0,NED,26.303,98.0,638.0,H0HU,,,Samuel Heredia,R,191.0,COL,20.285,647.0,55.0,6-2 6-4,3,RR,,8.0,2.0,43.0,30.0,29.0,7.0,9.0,0.0,0.0,6.0,6.0,58.0,34.0,24.0,9.0,9.0,2.0,5.0,No unique independent dated result
2026-M-DC-2026-WG1-R1-NOR-CHN-01,Davis Cup WG1 R1: NOR vs CHN,Clay,4.0,D,I,20260918,1.0,RH16,,,Casper Ruud,R,183.0,NOR,27.74,18.0,2335.0,TG30,,,Rigele Te,R,188.0,CHN,28.942,835.0,32.0,6-1 7-6(1),3,RR,,3.0,0.0,49.0,35.0,32.0,13.0,10.0,0.0,0.0,2.0,3.0,71.0,43.0,31.0,10.0,9.0,7.0,9.0,No unique independent dated result
2026-M-DC-2026-WG1-R1-NOR-CHN-01,Davis Cup WG1 R1: NOR vs CHN,Clay,4.0,D,I,20260918,2.0,B0U4,,,Nicolai Budkov Kjaer,R,191.0,NOR,20.047,147.0,387.0,C0AJ,,,Jie Cui,R,183.0,CHN,28.649,447.0,105.0,4-6 6-4 6-4,3,RR,,10.0,3.0,84.0,51.0,45.0,20.0,15.0,3.0,5.0,2.0,4.0,109.0,71.0,50.0,14.0,15.0,4.0,7.0,No unique independent dated result
2026-M-DC-2026-WG1-R1-NOR-CHN-01,Davis Cup WG1 R1: NOR vs CHN,Clay,4.0,D,I,20260919,3.0,RH16,,,Casper Ruud,R,183.0,NOR,27.743,18.0,2335.0,N0DY,,,Fnu Nidunjianzan,,,CHN,,1996.0,1.0,6-2 6-0,3,RR,,2.0,0.0,34.0,22.0,17.0,11.0,7.0,0.0,0.0,2.0,3.0,43.0,23.0,12.0,5.0,7.0,1.0,6.0,No unique independent dated result
2026-M-DC-2026-WG1-R1-DEN-BUL-01,Davis Cup WG1 R1: DEN vs BUL,Hard,4.0,D,I,20260918,1.0,D875,,,Grigor Dimitrov,R,191.0,BUL,35.343,128.0,472.0,M0K4,,,Elmer Moller,R,183.0,DEN,23.195,174.0,321.0,6-7(2) 6-3 6-4,3,RR,,12.0,2.0,88.0,54.0,47.0,20.0,16.0,3.0,4.0,7.0,3.0,95.0,61.0,47.0,18.0,15.0,7.0,10.0,No unique independent dated result
2026-M-DC-2026-WG1-R1-DEN-BUL-01,Davis Cup WG1 R1: DEN vs BUL,Hard,4.0,D,I,20260918,2.0,R0DG,,,Holger Rune,R,188.0,DEN,23.389,144.0,400.0,R0IL,,,Iliyan Radulov,R,187.0,BUL,21.27,596.0,64.0,6-3 6-3,3,RR,88.0,5.0,3.0,47.0,31.0,24.0,9.0,9.0,0.0,1.0,1.0,3.0,77.0,55.0,33.0,6.0,9.0,6.0,10.0,No unique independent dated result
2026-M-DC-2026-WG1-R1-DEN-BUL-01,Davis Cup WG1 R1: DEN vs BUL,Hard,4.0,D,I,20260919,3.0,R0DG,,,Holger Rune,R,188.0,DEN,23.392,144.0,400.0,D875,,,Grigor Dimitrov,R,191.0,BUL,35.346,128.0,472.0,3-6 6-3 7-6(4),3,RR,144.0,5.0,2.0,82.0,55.0,45.0,11.0,15.0,1.0,4.0,11.0,4.0,96.0,68.0,45.0,16.0,15.0,9.0,12.0,No unique independent dated result
2026-M-DC-2026-WG1-R1-DEN-BUL-01,Davis Cup WG1 R1: DEN vs BUL,Hard,4.0,D,I,20260919,4.0,M0K4,,,Elmer Moller,R,183.0,DEN,23.198,174.0,321.0,R0IL,,,Iliyan Radulov,R,187.0,BUL,21.273,596.0,64.0,6-2 6-4,3,RR,,8.0,2.0,53.0,40.0,26.0,7.0,9.0,5.0,7.0,2.0,0.0,61.0,36.0,17.0,13.0,9.0,5.0,10.0,No unique independent dated result
2026-M-DC-2026-WG1-R1-BRA-SUI-01,Davis Cup WG1 R1: BRA vs SUI,Hard,4.0,D,I,20260918,1.0,F0FV,,,Joao Fonseca,R,188.0,BRA,20.077,29.0,1750.0,S0LA,,,Dominic Stricker,L,183.0,SUI,24.09,262.0,211.0,4-6 6-3 6-2,3,RR,,3.0,0.0,72.0,53.0,41.0,12.0,14.0,0.0,2.0,1.0,4.0,80.0,43.0,33.0,18.0,13.0,4.0,8.0,No unique independent dated result
2026-M-DC-2026-WG1-R1-BRA-SUI-01,Davis Cup WG1 R1: BRA vs SUI,Hard,4.0,D,I,20260918,2.0,H0DU,,,Gustavo Heide,R,191.0,BRA,24.553,123.0,503.0,W367,,,Stan Wawrinka,R,183.0,SUI,41.476,134.0,436.0,4-6 7-6(4) 6-4,3,RR,,6.0,1.0,83.0,50.0,42.0,26.0,16.0,1.0,2.0,13.0,2.0,102.0,55.0,44.0,31.0,16.0,8.0,9.0,No unique independent dated result
2026-M-DC-2026-WG1-R1-PER-PAR-01,Davis Cup WG1 R1: PER vs PAR,Clay,4.0,D,O,20260918,1.0,B0ID,,,Ignacio Buse,R,183.0,PER,22.483,35.0,1460.0,E09U,,,Hernando Jose Escurra Isnardi,R,183.0,PAR,28.764,2151.0,1.0,7-6(4) 4-6 7-5,3,RR,189.0,9.0,2.0,101.0,70.0,49.0,19.0,17.0,5.0,9.0,3.0,3.0,116.0,75.0,47.0,23.0,17.0,11.0,15.0,No unique independent dated result
2026-M-DC-2026-WG1-R1-PER-PAR-01,Davis Cup WG1 R1: PER vs PAR,Clay,4.0,D,O,20260918,2.0,V836,,,Juan Pablo Varillas,R,185.0,PER,30.951,190.0,288.0,V0DP,,,Adolfo Daniel Vallejo,R,183.0,PAR,22.39,58.0,939.0,5-7 7-6(6) 6-3,3,RR,,10.0,1.0,110.0,72.0,54.0,22.0,17.0,5.0,8.0,3.0,1.0,108.0,67.0,46.0,24.0,16.0,6.0,9.0,No unique independent dated result
2026-M-DC-2026-WG1-R1-PER-PAR-01,Davis Cup WG1 R1: PER vs PAR,Clay,4.0,D,O,20260919,3.0,V0DP,,,Adolfo Daniel Vallejo,R,183.0,PAR,22.393,58.0,939.0,B0ID,,,Ignacio Buse,R,183.0,PER,22.486,35.0,1460.0,5-7 7-5 7-6(3),3,RR,,5.0,4.0,121.0,74.0,51.0,26.0,18.0,9.0,14.0,6.0,2.0,145.0,82.0,51.0,32.0,18.0,14.0,19.0,No unique independent dated result
2026-M-DC-2026-WG1-R1-PER-PAR-01,Davis Cup WG1 R1: PER vs PAR,Clay,4.0,D,O,20260919,4.0,V836,,,Juan Pablo Varillas,R,185.0,PER,30.954,190.0,288.0,E09U,,,Hernando Jose Escurra Isnardi,R,183.0,PAR,28.767,2151.0,1.0,6-2 6-4,3,RR,,1.0,1.0,51.0,34.0,27.0,11.0,9.0,3.0,3.0,6.0,1.0,52.0,37.0,27.0,5.0,9.0,1.0,4.0,No unique independent dated result
2026-M-DC-2026-WG1-R1-NZL-JPN-01,Davis Cup WG1 R1: NZL vs JPN,Hard,4.0,D,I,20260919,1.0,S0UV,,,Rei Sakamoto,R,193.0,JPN,20.238,135.0,429.0,S0NT,,,Anton Shepp,R,185.0,NZL,23.888,500.0,90.0,7-5 6-4,3,RR,,7.0,3.0,66.0,38.0,32.0,13.0,11.0,4.0,5.0,5.0,3.0,64.0,35.0,25.0,15.0,11.0,2.0,5.0,No unique independent dated result
2026-M-DC-2026-WG1-R1-NZL-JPN-01,Davis Cup WG1 R1: NZL vs JPN,Hard,4.0,D,I,20260919,2.0,SY67,,,Sho Shimabukuro,R,180.0,JPN,29.139,96.0,640.0,W0ED,,,James Watt,R,206.0,NZL,26.278,938.0,23.0,3-6 6-3 6-4,3,RR,,6.0,3.0,84.0,48.0,43.0,18.0,14.0,4.0,5.0,21.0,2.0,82.0,64.0,47.0,10.0,14.0,5.0,7.0,No unique independent dated result
2026-M-DC-2026-WG1-R1-NZL-JPN-01,Davis Cup WG1 R1: NZL vs JPN,Hard,4.0,D,I,20260920,3.0,SY67,,,Sho Shimabukuro,R,180.0,JPN,29.142,96.0,640.0,S0NT,,,Anton Shepp,R,185.0,NZL,23.89,500.0,90.0,6-3 6-3,3,RR,,3.0,2.0,51.0,32.0,26.0,8.0,9.0,0.0,1.0,5.0,3.0,60.0,41.0,25.0,8.0,9.0,4.0,8.0,No unique independent dated result
2026-M-DC-2026-WG1-R1-AUS-POL-01,Davis Cup WG1 R1: AUS vs POL,Hard,4.0,D,O,20260919,1.0,DH58,,,Alex De Minaur,R,183.0,AUS,27.587,9.0,3300.0,K0HC,,,Maks Kasnikowski,R,180.0,POL,23.206,231.0,240.0,6-3 6-0,3,RR,56.0,4.0,1.0,40.0,28.0,25.0,11.0,8.0,0.0,0.0,2.0,1.0,46.0,29.0,17.0,5.0,7.0,4.0,8.0,No unique independent dated result
2026-M-DC-2026-WG1-R1-AUS-POL-01,Davis Cup WG1 R1: AUS vs POL,Hard,4.0,D,O,20260919,2.0,MQ75,,,Kamil Majchrzak,R,183.0,POL,30.683,73.0,777.0,D994,,,James Duckworth,R,183.0,AUS,34.661,67.0,877.0,2-6 6-3 6-3,3,RR,,12.0,2.0,87.0,56.0,39.0,11.0,13.0,5.0,9.0,9.0,3.0,80.0,47.0,34.0,11.0,13.0,3.0,8.0,No unique independent dated result
2026-M-DC-2026-WG1-R1-AUS-POL-01,Davis Cup WG1 R1: AUS vs POL,Hard,4.0,D,O,20260920,3.0,DH58,,,Alex De Minaur,R,183.0,AUS,27.589,9.0,3300.0,MQ75,,,Kamil Majchrzak,R,183.0,POL,30.686,73.0,777.0,6-3 6-3,3,RR,,9.0,2.0,47.0,34.0,28.0,7.0,9.0,0.0,1.0,0.0,0.0,59.0,33.0,20.0,10.0,9.0,3.0,7.0,No unique independent dated result
2026-M-DC-2026-WG1-R1-TPE-SWE-01,Davis Cup WG1 R1: TPE vs SWE,Hard,4.0,D,,20260919,1.0,W0BU,,,Olle Wallin,R,191.0,SWE,24.909,407.0,123.0,H09F,,,Yu Hsiou Hsu,R,178.0,TPE,27.466,297.0,187.0,3-6 6-2 7-5,3,RR,130.0,8.0,2.0,93.0,50.0,36.0,16.0,14.0,6.0,11.0,6.0,2.0,94.0,66.0,41.0,10.0,15.0,9.0,16.0,No unique independent dated result
2026-M-DC-2026-WG1-R1-TPE-SWE-01,Davis Cup WG1 R1: TPE vs SWE,Hard,4.0,D,,20260919,2.0,T0AP,,,Chun-Hsin Tseng,R,175.0,TPE,25.114,208.0,265.0,F09J,,,Karl Friberg,R,191.0,SWE,27.488,821.0,33.0,6-3 6-0,3,RR,59.0,6.0,1.0,37.0,20.0,20.0,13.0,8.0,0.0,0.0,0.0,3.0,36.0,21.0,13.0,5.0,7.0,2.0,6.0,No unique independent dated result
2026-M-DC-2026-WG1-R1-TPE-SWE-01,Davis Cup WG1 R1: TPE vs SWE,Hard,4.0,D,,20260920,3.0,T0AP,,,Chun-Hsin Tseng,R,175.0,TPE,25.117,208.0,265.0,W0BU,,,Olle Wallin,R,191.0,SWE,24.912,407.0,123.0,6-1 6-4,3,RR,,3.0,1.0,50.0,34.0,27.0,10.0,9.0,1.0,1.0,4.0,1.0,58.0,27.0,19.0,12.0,8.0,2.0,5.0,No unique independent dated result
2026-M-DC-2026-WG1-R1-TPE-SWE-01,Davis Cup WG1 R1: TPE vs SWE,Hard,4.0,D,,20260920,4.0,W857,,,Tung-Lin Wu,R,188.0,TPE,28.359,350.0,148.0,D0I5,,,Max Dahlin,R,188.0,SWE,20.731,896.0,26.0,6-4 6-4,3,RR,,4.0,0.0,59.0,35.0,24.0,14.0,10.0,2.0,4.0,12.0,4.0,68.0,33.0,21.0,15.0,10.0,4.0,8.0,No unique independent dated result
2026-M-DC-2026-WG1-R1-SVK-GRE-01,Davis Cup WG1 R1: SVK vs GRE,Clay,4.0,D,O,20260919,1.0,MV14,,,Alex Molcan,L,178.0,SVK,28.799,94.0,645.0,S0KT,,,Stefanos Sakellaridis,R,198.0,GRE,22.015,136.0,429.0,6-1 6-1,3,RR,,1.0,1.0,50.0,34.0,26.0,10.0,7.0,2.0,2.0,1.0,3.0,58.0,27.0,16.0,10.0,7.0,7.0,12.0,No unique independent dated result
2026-M-DC-2026-WG1-R1-SVK-GRE-01,Davis Cup WG1 R1: SVK vs GRE,Clay,4.0,D,O,20260919,2.0,TE51,,,Stefanos Tsitsipas,R,193.0,GRE,28.104,44.0,1165.0,GB93,,,Norbert Gombos,R,193.0,SVK,36.101,353.0,147.0,7-6(3) 6-4,3,RR,,6.0,2.0,75.0,54.0,43.0,9.0,11.0,4.0,5.0,7.0,1.0,66.0,34.0,29.0,15.0,11.0,3.0,5.0,No unique independent dated result
2026-M-DC-2026-WG1-R1-SVK-GRE-01,Davis Cup WG1 R1: SVK vs GRE,Clay,4.0,D,O,20260920,3.0,TE51,,,Stefanos Tsitsipas,R,193.0,GRE,28.107,44.0,1165.0,MV14,,,Alex Molcan,L,178.0,SVK,28.802,94.0,645.0,2-6 6-3 6-4,3,RR,,3.0,2.0,84.0,53.0,38.0,18.0,14.0,3.0,5.0,10.0,2.0,74.0,54.0,40.0,10.0,13.0,1.0,3.0,No unique independent dated result
2026-M-DC-2026-WG1-R1-SVK-GRE-01,Davis Cup WG1 R1: SVK vs GRE,Clay,4.0,D,O,20260920,4.0,GB93,,,Norbert Gombos,R,193.0,SVK,36.104,353.0,147.0,S0KT,,,Stefanos Sakellaridis,R,198.0,GRE,22.018,136.0,429.0,6-4 7-6(4),3,RR,,3.0,4.0,78.0,41.0,33.0,22.0,11.0,4.0,4.0,2.0,1.0,66.0,32.0,22.0,22.0,11.0,3.0,4.0,No unique independent dated result
2026-M-DC-2026-WG1-R1-SRB-LTU-01,Davis Cup WG1 R1: SRB vs LTU,Hard,4.0,D,I,20260919,1.0,KI95,,,Miomir Kecmanovic,R,183.0,SRB,27.053,61.0,925.0,B0MM,,,Edas Butvilas,R,191.0,LTU,22.157,194.0,286.0,7-5 1-6 7-5,3,RR,131.0,2.0,0.0,91.0,56.0,37.0,24.0,15.0,7.0,10.0,11.0,1.0,93.0,68.0,49.0,15.0,16.0,5.0,8.0,No unique independent dated result
2026-M-DC-2026-WG1-R1-SRB-LTU-01,Davis Cup WG1 R1: SRB vs LTU,Hard,4.0,D,I,20260919,2.0,M0JF,,,Hamad Medjedovic,R,188.0,SRB,23.173,77.0,764.0,G0FW,,,Vilius Gaubas,R,178.0,LTU,21.722,119.0,511.0,6-4 6-4,3,RR,,12.0,3.0,54.0,35.0,27.0,15.0,10.0,4.0,4.0,9.0,2.0,64.0,42.0,30.0,13.0,10.0,6.0,8.0,No unique independent dated result
2026-M-DC-2026-WG1-R1-SRB-LTU-01,Davis Cup WG1 R1: SRB vs LTU,Hard,4.0,D,I,20260920,3.0,M0UR,,,Ognjen Milic,L,180.0,SRB,19.247,356.0,146.0,V0FD,,,Pijus Vaitiekunas,,,LTU,23.562,1689.0,3.0,6-2 6-2,3,RR,,4.0,3.0,42.0,22.0,18.0,10.0,8.0,0.0,1.0,1.0,3.0,58.0,34.0,20.0,7.0,8.0,6.0,11.0,No unique independent dated result
2026-M-DC-2026-WG1-R1-ARG-TUR-01,Davis Cup WG1 R1: ARG vs TUR,Hard,4.0,D,I,20260919,1.0,C0AU,,,Francisco Cerundolo,R,185.0,ARG,28.101,23.0,2130.0,E0AA,,,Yanki Erel,L,178.0,TUR,25.982,329.0,162.0,6-0 6-4,3,RR,,6.0,0.0,46.0,30.0,25.0,10.0,9.0,1.0,1.0,2.0,2.0,53.0,34.0,21.0,7.0,8.0,8.0,11.0,No unique independent dated result
2026-M-DC-2026-WG1-R1-ARG-TUR-01,Davis Cup WG1 R1: ARG vs TUR,Hard,4.0,D,I,20260919,2.0,T0A1,,,Thiago Agustin Tirante,R,185.0,ARG,25.443,52.0,1010.0,A09Q,,,Mert Alkaya,R,178.0,TUR,26.264,296.0,188.0,6-2 6-4,3,RR,,9.0,2.0,54.0,38.0,29.0,10.0,9.0,2.0,2.0,1.0,0.0,51.0,39.0,26.0,5.0,9.0,2.0,5.0,No unique independent dated result
2026-M-DC-2026-WG1-R1-ARG-TUR-01,Davis Cup WG1 R1: ARG vs TUR,Hard,4.0,D,I,20260920,3.0,C0AU,,,Francisco Cerundolo,R,185.0,ARG,28.104,23.0,2130.0,A09Q,,,Mert Alkaya,R,178.0,TUR,26.267,296.0,188.0,6-1 6-0,3,RR,,1.0,0.0,30.0,23.0,20.0,4.0,6.0,0.0,0.0,1.0,1.0,40.0,25.0,11.0,4.0,7.0,2.0,8.0,No unique independent dated result
2026-M-DC-2026-WG2-R1-INA-ROU-01,Davis Cup WG2 R1: INA vs ROU,Hard,4.0,D,O,20260918,1.0,C0B2,,,Cezar Cretu,R,188.0,ROU,25.402,271.0,203.0,T0EN,,,Gunawan Trismuwantara,,,INA,23.691,2202.0,1.0,6-2 6-4,3,RR,,,,,,,,,,,,,,,,,,,,No unique independent dated result
2026-M-DC-2026-WG2-R1-INA-ROU-01,Davis Cup WG2 R1: INA vs ROU,Hard,4.0,D,O,20260918,2.0,P0FJ,,,Radu Mihai Papoe,R,183.0,ROU,24.057,315.0,171.0,D0Q0,,,Rafalentino Ali Da Costa,,,INA,,1608.0,3.0,6-7(5) 6-1 6-2,3,RR,,,,,,,,,,,,,,,,,,,,No unique independent dated result
2026-M-DC-2026-WG2-R1-INA-ROU-01,Davis Cup WG2 R1: INA vs ROU,Hard,4.0,D,O,20260919,3.0,G0ME,,,Gabriel Ghetu,R,,ROU,18.867,561.0,71.0,K0KN,,,Lucky Candra Kurniawan,,,INA,22.749,2081.0,1.0,7-6(2) 7-6(1),3,RR,,,,,,,,,,,,,,,,,,,,No unique independent dated result
2026-M-DC-2026-WG2-R1-KAZ-THA-01,Davis Cup WG2 R1: KAZ vs THA,Hard,4.0,D,I,20260918,1.0,S0H2,,,Alexander Shevchenko,R,188.0,KAZ,25.802,93.0,655.0,J0D2,,,Maximus Jones,R,185.0,THA,22.034,463.0,101.0,6-4 1-6 7-5,3,RR,,,,,,,,,,,,,,,,,,,,No unique independent dated result
2026-M-DC-2026-WG2-R1-KAZ-THA-01,Davis Cup WG2 R1: KAZ vs THA,Hard,4.0,D,I,20260918,2.0,S0GR,,,Timofey Skatov,R,173.0,KAZ,25.656,198.0,280.0,S0HR,,,Kasidit Samrej,R,191.0,THA,25.659,387.0,132.0,6-4 7-6(4),3,RR,,,,,,,,,,,,,,,,,,,,No unique independent dated result
2026-M-DC-2026-WG2-R1-KAZ-THA-01,Davis Cup WG2 R1: KAZ vs THA,Hard,4.0,D,I,20260919,3.0,S0HR,,,Kasidit Samrej,R,191.0,THA,25.662,387.0,132.0,S0H2,,,Alexander Shevchenko,R,188.0,KAZ,25.804,93.0,655.0,1-6 6-2 6-3,3,RR,,,,,,,,,,,,,,,,,,,,No unique independent dated result
2026-M-DC-2026-WG2-R1-KAZ-THA-01,Davis Cup WG2 R1: KAZ vs THA,Hard,4.0,D,I,20260919,4.0,S0GR,,,Timofey Skatov,R,173.0,KAZ,25.659,198.0,280.0,J0D2,,,Maximus Jones,R,185.0,THA,22.037,463.0,101.0,6-4 4-6 6-4,3,RR,,,,,,,,,,,,,,,,,,,,No unique independent dated result
2026-M-DC-2026-WG2-R1-TUN-PAK-01,Davis Cup WG2 R1: TUN vs PAK,Hard,4.0,D,O,20260918,1.0,DF88,,,Aziz Dougaz,L,188.0,TUN,29.481,419.0,115.0,S0HP,,,Muhammad Shoaib,,,PAK,24.589,928.0,24.0,6-2 6-3,3,RR,,,,,,,,,,,,,,,,,,,,No unique independent dated result
2026-M-DC-2026-WG2-R1-TUN-PAK-01,Davis Cup WG2 R1: TUN vs PAK,Hard,4.0,D,O,20260918,2.0,EA13,,,Moez Echargui,R,178.0,TUN,33.687,215.0,259.0,M0FS,,,Muzammil Murtaza,,,PAK,26.85,1392.0,6.0,6-1 6-1,3,RR,,,,,,,,,,,,,,,,,,,,No unique independent dated result
2026-M-DC-2026-WG2-R1-SLO-ISR-01,Davis Cup WG2 R1: SLO vs ISR,Clay,4.0,D,O,20260918,1.0,A0I1,,,Bor Artnak,R,193.0,SLO,22.289,511.0,87.0,V0G2,,,Amit Vales,R,173.0,ISR,21.281,589.0,66.0,6-3 6-4,3,RR,,,,,,,,,,,,,,,,,,,,No unique independent dated result
2026-M-DC-2026-WG2-R1-SLO-ISR-01,Davis Cup WG2 R1: SLO vs ISR,Clay,4.0,D,O,20260918,2.0,P0FV,,,Filip Jeff Planinsek,R,188.0,SVN,25.221,491.0,92.0,K0HO,,,Orel Kimhi,R,173.0,ISR,23.083,716.0,43.0,7-6(2) 6-1,3,RR,,,,,,,,,,,,,,,,,,,,No unique independent dated result
2026-M-DC-2026-WG2-R1-SLO-ISR-01,Davis Cup WG2 R1: SLO vs ISR,Clay,4.0,D,O,20260919,3.0,D0I0,,,Sebastian Dominko,L,203.0,SLO,23.354,705.0,45.0,W0DE,,,Ben Weintraub,,,ISR,,,,6-3 6-3,3,RR,,,,,,,,,,,,,,,,,,,,No unique independent dated result
2026-M-DC-2026-WG2-R1-DOM-EGY-01,Davis Cup WG2 R1: DOM vs EGY,Clay,4.0,D,O,20260918,1.0,CF88,,,Roberto Cid Subervi,R,193.0,DOM,33.051,1340.0,7.0,A0G8,,,Amr Elsayed,R,185.0,EGY,27.543,587.0,66.0,6-3 6-2,3,RR,,,,,,,,,,,,,,,,,,,,No unique independent dated result
2026-M-DC-2026-WG2-R1-DOM-EGY-01,Davis Cup WG2 R1: DOM vs EGY,Clay,4.0,D,O,20260918,2.0,H0A4,,,Nick Hardt,R,185.0,DOM,25.993,273.0,200.0,M0Z8,,,Karim Mabrouk,,,EGY,,1432.0,6.0,6-2 6-3,3,RR,,,,,,,,,,,,,,,,,,,,No unique independent dated result
2026-M-DC-2026-WG2-R1-DOM-EGY-01,Davis Cup WG2 R1: DOM vs EGY,Clay,4.0,D,O,20260919,3.0,H0A4,,,Nick Hardt,R,185.0,DOM,25.996,273.0,200.0,K0OI,,,Omar Kandil,,,EGY,,1626.0,3.0,6-2 6-1,3,RR,,,,,,,,,,,,,,,,,,,,No unique independent dated result
2026-M-DC-2026-WG2-R1-URU-EST-01,Davis Cup WG2 R1: URU vs EST,Clay,4.0,D,O,20260918,1.0,A0JW,,,Joaquin Aguilar Cardozo,R,168.0,URY,21.446,389.0,131.0,M0W0,,,Markus Molder,R,183.0,EST,21.358,844.0,31.0,6-2 6-1,3,RR,,,,,,,,,,,,,,,,,,,,No unique independent dated result
2026-M-DC-2026-WG2-R1-URU-EST-01,Davis Cup WG2 R1: URU vs EST,Clay,4.0,D,O,20260918,2.0,R0BT,,,Franco Roncadelli,L,185.0,URU,26.615,261.0,212.0,TG67,,,Kristjan Tamm,R,185.0,EST,28.257,1095.0,14.0,6-4 6-2,3,RR,,,,,,,,,,,,,,,,,,,,No unique independent dated result
2026-M-DC-2026-WG2-R1-URU-EST-01,Davis Cup WG2 R1: URU vs EST,Clay,4.0,D,O,20260919,3.0,L0CI,,,Francisco Llanes,R,178.0,URU,24.427,,,M1A5,,,Denis Maijorov,,,EST,,,,6-4 6-2,3,RR,,,,,,,,,,,,,,,,,,,,No unique independent dated result
2026-M-DC-2026-WG2-R1-BOL-HKG-01,Davis Cup WG2 R1: BOL vs HKG,Clay,4.0,D,O,20260918,1.0,DA31,,,Hugo Dellien,R,180.0,BOL,33.257,129.0,460.0,C0UW,,,Fu Wang Choi,,,HKG,,,,6-4 6-1,3,RR,,,,,,,,,,,,,,,,,,,,No unique independent dated result
2026-M-DC-2026-WG2-R1-BOL-HKG-01,Davis Cup WG2 R1: BOL vs HKG,Clay,4.0,D,O,20260918,2.0,P0IY,,,Juan Carlos Prado Angelo,R,185.0,BOL,21.536,153.0,364.0,W0F3,,,Tsz Fu Wong,R,175.0,HKG,20.983,,,6-2 6-1,3,RR,,,,,,,,,,,,,,,,,,,,No unique independent dated result
2026-M-DC-2026-WG2-R1-CYP-UKR-01,Davis Cup WG2 R1: CYP vs UKR,Hard,4.0,D,O,20260919,1.0,K0BJ,,,Georgii Kravchenko,R,180.0,UKR,26.144,311.0,178.0,P0MH,,,Photos Photiades,,,CYP,,1996.0,1.0,6-4 6-1,3,RR,,,,,,,,,,,,,,,,,,,,No unique independent dated result
2026-M-DC-2026-WG2-R1-CYP-UKR-01,Davis Cup WG2 R1: CYP vs UKR,Hard,4.0,D,O,20260919,2.0,K0DP,,,Oleksii Krutykh,R,185.0,UKR,26.527,443.0,107.0,EA31,,,Menelaos Efstathiou,R,183.0,CYP,27.551,653.0,53.0,6-2 1-6 6-4,3,RR,,,,,,,,,,,,,,,,,,,,No unique independent dated result
2026-M-DC-2026-WG2-R1-CYP-UKR-01,Davis Cup WG2 R1: CYP vs UKR,Hard,4.0,D,O,20260920,3.0,K0BJ,,,Georgii Kravchenko,R,180.0,UKR,26.146,311.0,178.0,EA31,,,Menelaos Efstathiou,R,183.0,CYP,27.554,653.0,53.0,6-0 6-1,3,RR,,,,,,,,,,,,,,,,,,,,No unique independent dated result
2026-M-DC-2026-WG2-R1-MAR-NGR-01,Davis Cup WG2 R1: MAR vs NGR,Clay,4.0,D,O,20260919,1.0,B0QQ,,,Karim Bennani,,,MAR,19.044,421.0,114.0,A0N7,,,Canice Abua,,,NGR,,,,6-1 6-2,3,RR,,,,,,,,,,,,,,,,,,,,No unique independent dated result
2026-M-DC-2026-WG2-R1-MAR-NGR-01,Davis Cup WG2 R1: MAR vs NGR,Clay,4.0,D,O,20260919,2.0,D0FA,,,Yassine Dlimi,R,191.0,MAR,23.376,488.0,92.0,,,,Abubakar Yusuf,,,NGR,,,,6-1 6-2,3,RR,,,,,,,,,,,,,,,,,,,,No unique independent dated result
2026-M-DC-2026-WG2-R1-MAR-NGR-01,Davis Cup WG2 R1: MAR vs NGR,Clay,4.0,D,O,20260920,3.0,J0DM,,,Amine Jamji,,,MAR,19.614,1271.0,9.0,E0EI,,,Michael Emmanuel,,,NGR,,,,6-3 6-4,3,RR,,,,,,,,,,,,,,,,,,,,No unique independent dated result
2026-M-DC-2026-WG2-R1-RSA-BIH-01,Davis Cup WG2 R1: RSA vs BIH,Hard,4.0,D,O,20260919,1.0,N0DB,,,Andrej Nedic,R,185.0,BIH,21.925,236.0,233.0,H0BF,,,Philip Henning,R,180.0,RSA,25.856,264.0,210.0,6-4 6-4,3,RR,,,,,,,,,,,,,,,,,,,,No unique independent dated result
2026-M-DC-2026-WG2-R1-RSA-BIH-01,Davis Cup WG2 R1: RSA vs BIH,Hard,4.0,D,O,20260919,2.0,D923,,,Damir Dzumhur,R,175.0,BIH,34.333,105.0,612.0,M0FN,,,Khololwam Montsi,R,168.0,RSA,23.83,698.0,46.0,6-4 7-5,3,RR,,,,,,,,,,,,,,,,,,,,No unique independent dated result
2026-M-DC-2026-WG2-R1-RSA-BIH-01,Davis Cup WG2 R1: RSA vs BIH,Hard,4.0,D,O,20260920,3.0,F840,,,Nerman Fatic,R,191.0,BIH,31.907,442.0,107.0,L0CO,,,Thando Longwe-Smit,R,173.0,RSA,25.259,1364.0,7.0,7-6(2) 6-1,3,RR,,,,,,,,,,,,,,,,,,,,No unique independent dated result
2026-M-DC-2026-WG2-R1-BER-MEX-01,Davis Cup WG2 R1: BER vs MEX,Hard,4.0,D,O,20260919,1.0,M0HD,,,Alan Magadan,R,183.0,MEX,25.317,514.0,86.0,P0PV,,,Daniel Phillips,,,BER,,1596.0,3.0,6-4 6-1,3,RR,,,,,,,,,,,,,,,,,,,,No unique independent dated result
2026-M-DC-2026-WG2-R1-BER-MEX-01,Davis Cup WG2 R1: BER vs MEX,Hard,4.0,D,O,20260919,2.0,H0CD,,,Alex Hernandez,R,175.0,MEX,27.242,471.0,99.0,M0X5,,,Richard Mallory,,,BER,,,,6-4 6-2,3,RR,,,,,,,,,,,,,,,,,,,,No unique independent dated result
2026-M-DC-2026-WG2-R1-BER-MEX-01,Davis Cup WG2 R1: BER vs MEX,Hard,4.0,D,O,20260920,3.0,RH88,,,Alan Fernando Rubio Fierros,R,175.0,MEX,27.628,614.0,59.0,800496619,,,Tariq Simons,R,,BER,,,,6-0 6-1,3,RR,,,,,,,,,,,,,,,,,,,,No unique independent dated result
2026-M-DC-2026-WG2-R1-ESA-POR-01,Davis Cup WG2 R1: ESA vs POR,Hard,4.0,D,O,20260919,1.0,BT72,,,Nuno Borges,R,185.0,POR,29.58,48.0,1095.0,D0FO,,,Diego Duran,,,ESA,21.774,,,6-2 6-1,3,RR,,,,,,,,,,,,,,,,,,,,No unique independent dated result
2026-M-DC-2026-WG2-R1-ESA-POR-01,Davis Cup WG2 R1: ESA vs POR,Hard,4.0,D,O,20260919,2.0,F0F2,,,Jaime Faria,R,188.0,POR,23.121,70.0,871.0,C0NU,,,Cesar Cruz,,,ESA,20.022,,,6-2 6-2,3,RR,,,,,,,,,,,,,,,,,,,,No unique independent dated result
2026-7581,Chengdu,Hard,28.0,250,O,20260923,2.0,KI82,,,Vit Kopriva,R,178.0,CZE,29.273,71.0,831.0,H0LE,,,Jia Hu,R,,CHN,17.355,2082.0,1.0,6-4 7-5,3,R32,98.0,2.0,4.0,60.0,39.0,29.0,13.0,11.0,0.0,1.0,7.0,3.0,72.0,45.0,30.0,12.0,11.0,6.0,9.0,No unique independent dated result
2026-4713,Hangzhou,Hard,28.0,250,O,20260924,10.0,SX50,,,Roman Safiullin,R,185.0,RUS,29.131,102.0,594.0,SX90,,Q,Fajing Sun,R,178.0,CHN,29.974,314.0,172.0,6-2 6-0,3,R32,64.0,5.0,2.0,38.0,24.0,23.0,7.0,7.0,1.0,1.0,4.0,1.0,53.0,33.0,17.0,7.0,7.0,2.0,7.0,No unique independent dated result
2026-4713,Hangzhou,Hard,28.0,250,O,20260924,11.0,V0DP,5.0,,Adolfo Daniel Vallejo,R,183.0,PAR,22.407,58.0,939.0,C0AJ,,,Jie Cui,R,183.0,CHN,28.665,456.0,105.0,6-1 6-7(2) 6-4,3,R32,169.0,7.0,1.0,97.0,70.0,51.0,16.0,14.0,4.0,4.0,1.0,3.0,100.0,63.0,43.0,20.0,15.0,9.0,13.0,No unique independent dated result
2026-7581,Chengdu,Hard,28.0,250,O,20260924,12.0,C0C8,,,Juan Manuel Cerundolo,L,183.0,ARG,24.857,53.0,986.0,Z0CQ,,,Yi Zhou,R,193.0,CHN,21.53,273.0,203.0,6-4 6-3,3,R32,91.0,7.0,1.0,61.0,40.0,31.0,12.0,9.0,3.0,3.0,5.0,0.0,64.0,39.0,27.0,11.0,10.0,3.0,6.0,No unique independent dated result
2026-4713,Hangzhou,Hard,28.0,250,O,20260924,12.0,W0BH,,,Coleman Wong,R,191.0,HKG,22.3,108.0,578.0,Z371,,,Zhizhen Zhang,R,193.0,CHN,29.938,168.0,340.0,6-3 6-3,3,R32,72.0,10.0,2.0,52.0,30.0,24.0,13.0,9.0,1.0,2.0,1.0,1.0,51.0,30.0,20.0,7.0,9.0,1.0,5.0,No unique independent dated result
2026-9210,Laver Cup,Hard,2.0,A,I,20260925,3.0,J0DZ,,,Rafael Jodar,R,191.0,ESP,20.022,14.0,2659.0,BK92,,,Alexander Bublik,R,196.0,KAZ,29.273,21.0,2185.0,6-2 6-3,3,RR,84.0,1.0,3.0,51.0,26.0,21.0,15.0,9.0,2.0,3.0,1.0,3.0,62.0,36.0,23.0,6.0,8.0,5.0,9.0,No unique independent dated result
2026-9210,Laver Cup,Hard,2.0,A,I,20260927,10.0,Z355,,,Alexander Zverev,R,198.0,GER,29.437,2.0,9690.0,T0HA,,,Learner Tien,L,180.0,USA,20.819,13.0,2715.0,7-6(3) 6-3,3,RR,108.0,5.0,4.0,73.0,51.0,41.0,12.0,11.0,4.0,4.0,0.0,2.0,77.0,45.0,32.0,17.0,10.0,5.0,6.0,No unique independent dated result
2026-747,Beijing,Hard,32.0,500,O,20260930,1.0,G0IX,,Q,Arthur Gea,R,180.0,FRA,21.741,58.0,918.0,Z371,,,Zhizhen Zhang,R,193.0,CHN,29.955,165.0,340.0,6-4 6-3,3,R32,84.0,6.0,4.0,55.0,37.0,27.0,9.0,10.0,2.0,4.0,1.0,2.0,52.0,37.0,20.0,7.0,9.0,1.0,5.0,No unique independent dated result
